timestamp,hr,acc,label,anomaly_type,isolation_forest_prediction,isolation_forest_score
2026-10-06 12:00:00,69.00166283206832,0.0646719702940577,0,normal,0,0.13476462443478737
2026-10-06 12:00:01,69.31742922515517,0.0685133510467106,0,normal,0,0.13372143825504845
2026-10-06 12:00:02,68.62842930781184,0.1312581169725045,0,normal,0,0.0213692874033668
2026-10-06 12:00:03,70.48591184665614,0.0709754270394383,0,normal,0,0.13200647072500088
2026-10-06 12:00:04,69.73847721219524,0.082663482176821,0,normal,0,0.12489779596177603
2026-10-06 12:00:05,69.03702357425414,0.0558645793087367,0,normal,0,0.1310545581460098
2026-10-06 12:00:06,66.73447515946933,0.057256145253305,0,normal,0,0.11340018200812474
2026-10-06 12:00:07,67.52590925694874,0.1033503371279534,0,normal,0,0.08921449971508316
2026-10-06 12:00:08,67.35390354716526,0.0779113517731552,0,normal,0,0.11611899526355118
2026-10-06 12:00:09,66.54378661144501,0.0741744719900107,0,normal,0,0.11464425914834098
2026-10-06 12:00:10,68.67225158569035,0.0957570653364777,0,normal,0,0.11216912602354001
2026-10-06 12:00:11,70.87937428485256,0.1018938233818592,0,normal,0,0.09576829213139504
2026-10-06 12:00:12,69.4659668947996,0.0967635007165428,0,normal,0,0.1098736278851839
2026-10-06 12:00:13,70.83394428636858,0.0624390426339645,0,normal,0,0.13345313926889246
2026-10-06 12:00:14,73.05769575202451,0.122557494996254,0,normal,0,0.012521205795573254
2026-10-06 12:00:15,71.17233273539102,0.1078973300939277,0,normal,0,0.08184869025105107
2026-10-06 12:00:16,72.64105690458707,0.061676496214566,0,normal,0,0.12456005099797302
2026-10-06 12:00:17,68.42858775182324,0.0919188273927703,0,normal,0,0.11692070685121098
2026-10-06 12:00:18,68.82572711905664,0.0691054127484171,0,normal,0,0.13286692933262545
2026-10-06 12:00:19,70.22952825449548,0.0963573788647989,0,normal,0,0.10550444312386992
2026-10-06 12:00:20,68.7487734583462,0.110874363152574,0,normal,0,0.08616784822116458
2026-10-06 12:00:21,67.58458703824225,0.0579680734087294,0,normal,0,0.12304978306473546
2026-10-06 12:00:22,69.11657562356893,0.0929787049990233,0,normal,0,0.11680491160527379
2026-10-06 12:00:23,68.86090407722754,0.0973405401005445,0,normal,0,0.10991230093319482
2026-10-06 12:00:24,69.81643607062357,0.0845303730110622,0,normal,0,0.12390850611131488
2026-10-06 12:00:25,69.26077058254997,0.069302305966678,0,normal,0,0.13314668313450667
2026-10-06 12:00:26,70.65757827466305,0.0791536538742169,0,normal,0,0.12614898080779485
2026-10-06 12:00:27,71.03973614361988,0.0804969651059041,0,normal,0,0.12121877109435741
2026-10-06 12:00:28,69.60056531226272,0.0906792353491804,0,normal,0,0.11801360211668194
2026-10-06 12:00:29,66.66294398542036,0.0568420773028166,0,normal,0,0.11113371026618196
2026-10-06 12:00:30,68.92847228568344,0.0688115521958329,0,normal,0,0.13383122414540977
2026-10-06 12:00:31,71.98687258608068,0.087603866150069,0,normal,0,0.10258043360212027
2026-10-06 12:00:32,63.74864016551257,0.0650905060631488,0,normal,0,0.05080888329862959
2026-10-06 12:00:33,66.1876689838564,0.0596755270762434,0,normal,0,0.10636768073719505
2026-10-06 12:00:34,67.4193228466267,0.0660664063160158,0,normal,0,0.12435598625984323
2026-10-06 12:00:35,68.71505009186117,0.0714081014504351,0,normal,0,0.1337433354711921
2026-10-06 12:00:36,70.75851340332127,0.0714872949828241,0,normal,0,0.13095091354302063
2026-10-06 12:00:37,71.37816213324749,0.0429600302381785,0,normal,0,0.1087030216749259
2026-10-06 12:00:38,72.32106412707452,0.0708747104987559,0,normal,0,0.11894112651924788
2026-10-06 12:00:39,72.65215579954709,0.0479836126091675,0,normal,0,0.11756021134348854
2026-10-06 12:00:40,69.38415823279371,0.0966095917550028,0,normal,0,0.11022906032848895
2026-10-06 12:00:41,69.73715728883455,0.0962724870104798,0,normal,0,0.11017532090485016
2026-10-06 12:00:42,68.32343348800319,0.051855846851159,0,normal,0,0.12332762440783723
2026-10-06 12:00:43,68.97966061780517,0.0742612834518953,0,normal,0,0.13288163027300443
2026-10-06 12:00:44,67.21401794216196,0.08902136135179,0,normal,0,0.10913064888097845
2026-10-06 12:00:45,66.19392725724121,0.0720162864176622,0,normal,0,0.11292144631156814
2026-10-06 12:00:46,70.65710084262201,0.0659812559096617,0,normal,0,0.13191317667461466
2026-10-06 12:00:47,68.10655321478247,0.0767345692596263,0,normal,0,0.12823240257891527
2026-10-06 12:00:48,68.12565667361217,0.0842808860327684,0,normal,0,0.12481433007026521
2026-10-06 12:00:49,71.07265056940186,0.077581283181917,0,normal,0,0.12493682027755165
2026-10-06 12:00:50,68.57001876447572,0.0895313007235618,0,normal,0,0.1181966752445171
2026-10-06 12:00:51,69.83387434398625,0.0945364077878873,0,normal,0,0.11244250224501423
2026-10-06 12:00:52,69.33689054199577,0.0667535788441993,0,normal,0,0.1357259141974475
2026-10-06 12:00:53,66.88106293636335,0.100675324891128,0,normal,0,0.08916609131349645
2026-10-06 12:00:54,65.11061465387472,0.0889399448570923,0,normal,0,0.07297536137034272
2026-10-06 12:00:55,68.25943288387539,0.0722686566365026,0,normal,0,0.13322978083608483
2026-10-06 12:00:56,66.81438155474675,0.1091173953924591,0,normal,0,0.07426975722566848
2026-10-06 12:00:57,66.60688267860725,0.0995204446930221,0,normal,0,0.08816367212385956
2026-10-06 12:00:58,68.95617043241334,0.0848485831513856,0,normal,0,0.12696575501320112
2026-10-06 12:00:59,67.00442159715993,0.0788014181769528,0,normal,0,0.11302588974471667
2026-10-06 12:01:00,71.64512879468924,0.0589904791980389,0,normal,0,0.12798329365239913
2026-10-06 12:01:01,67.31041195123521,0.0890275019768424,0,normal,0,0.10883163651152761
2026-10-06 12:01:02,66.21714042409342,0.107351178250137,0,normal,0,0.06984152316598086
2026-10-06 12:01:03,70.2706743838399,0.0726457801439746,0,normal,0,0.13067551893716428
2026-10-06 12:01:04,71.0068243765871,0.1341362163275677,0,normal,0,0.0036768995768319823
2026-10-06 12:01:05,72.35294100057136,0.0546535868207126,0,normal,0,0.1258281545277019
2026-10-06 12:01:06,68.37450783306036,0.064981375825298,0,normal,0,0.1326596703583463
2026-10-06 12:01:07,67.80272391850473,0.0661971601958299,0,normal,0,0.129128137966864
2026-10-06 12:01:08,67.56496498701728,0.0699101991105993,0,normal,0,0.12489118304861851
2026-10-06 12:01:09,71.24601444414998,0.1278029077102424,0,normal,0,0.021312732382206767
2026-10-06 12:01:10,65.10979823810834,0.0867794324755587,0,normal,0,0.07759374723443957
2026-10-06 12:01:11,68.88346583479377,0.07249647336342,0,normal,0,0.13334822303908767
2026-10-06 12:01:12,69.09148639843934,0.1101486584671631,0,normal,0,0.09049957327368835
2026-10-06 12:01:13,68.43732725798428,0.0814330981629898,0,normal,0,0.12732390269346983
2026-10-06 12:01:14,69.85343109105995,0.086537149899264,0,normal,0,0.12228951083323258
2026-10-06 12:01:15,70.79510125070745,0.0681156087453716,0,normal,0,0.13143516787854864
2026-10-06 12:01:16,69.14884164925174,0.0604952785515458,0,normal,0,0.13340114540066988
2026-10-06 12:01:17,69.88462165219508,0.0645216398428618,0,normal,0,0.1347736061640556
2026-10-06 12:01:18,70.13181317312774,0.1047269827340186,0,normal,0,0.09245139793288881
2026-10-06 12:01:19,69.51199323873584,0.0663068629387866,0,normal,0,0.13594358384992528
2026-10-06 12:01:20,67.14174728337524,0.1236316152819123,0,normal,0,0.03999801446603102
2026-10-06 12:01:21,67.22509506607936,0.1152486563408671,0,normal,0,0.06518891893400297
2026-10-06 12:01:22,67.89720608380506,0.0646055366952178,0,normal,0,0.1279592120344974
2026-10-06 12:01:23,69.66706744333946,0.0881651671248452,0,normal,0,0.12329267057602705
2026-10-06 12:01:24,69.39097423010016,0.0445269067066915,0,normal,0,0.11268060739724989
2026-10-06 12:01:25,71.71115239170145,0.0258159012239304,0,normal,0,0.03672188762890949
2026-10-06 12:01:26,71.20277672010347,0.0876924117996379,0,normal,0,0.11187262154533806
2026-10-06 12:01:27,68.27596464873244,0.0681245547279002,0,normal,0,0.13297921801517626
2026-10-06 12:01:28,71.98702639358356,0.0648154228058026,0,normal,0,0.12672343495504024
2026-10-06 12:01:29,68.92565206916579,0.0314717655125424,0,normal,0,0.06367756350184628
2026-10-06 12:01:30,69.96248584232113,0.0811598529579384,0,normal,0,0.12318129463142041
2026-10-06 12:01:31,68.39669248695027,0.0890145759094544,0,normal,0,0.12005276794978126
2026-10-06 12:01:32,69.24853599765147,0.0889200492140049,0,normal,0,0.11944491727621043
2026-10-06 12:01:33,67.73204999419366,0.1148365437585196,0,normal,0,0.06956962441397141
2026-10-06 12:01:34,68.07786871394872,0.0936295573985478,0,normal,0,0.11257304295782211
2026-10-06 12:01:35,65.93512435181275,0.1100014187738442,0,normal,0,0.0583205539911959
2026-10-06 12:01:36,71.21934384247942,0.1098833726413054,0,normal,0,0.0797548781577671
2026-10-06 12:01:37,69.95675419936823,0.1156888367305245,0,normal,0,0.06550482456953527
2026-10-06 12:01:38,69.87664857594673,0.1018650908513871,0,normal,0,0.10123135098486352
2026-10-06 12:01:39,72.59915406295947,0.022589645014101,0,normal,0,0.015415341142778427
2026-10-06 12:01:40,71.31526516091434,0.0856611146555572,0,normal,0,0.11192722194446186
2026-10-06 12:01:41,70.28563835765176,0.0984300998541654,0,normal,0,0.10223438217288433
2026-10-06 12:01:42,69.89763726493398,0.0842738071444485,0,normal,0,0.1237356314483749
2026-10-06 12:01:43,68.5221563745677,0.057901502430871,0,normal,0,0.12919323799780158
2026-10-06 12:01:44,66.27645859331818,0.0400164899036395,0,normal,0,0.06053274145331761
2026-10-06 12:01:45,65.7731881976639,0.0705727896643022,0,normal,0,0.10595727659057091
2026-10-06 12:01:46,69.26581724740808,0.0451101511509036,0,normal,0,0.11474430421566872
2026-10-06 12:01:47,70.01885673564831,0.0793669229513366,0,normal,0,0.12556047941979698
2026-10-06 12:01:48,69.99864870365091,0.093435674617286,0,normal,0,0.11243961761638915
2026-10-06 12:01:49,70.4035494132465,0.0825356150332981,0,normal,0,0.12375183352628438
2026-10-06 12:01:50,71.9470214126319,0.0765267424669891,0,normal,0,0.11893670476539603
2026-10-06 12:01:51,72.42551487299676,0.0753010843241581,0,normal,0,0.11568912209672066
2026-10-06 12:01:52,71.12811711817821,0.1228784237601915,0,normal,0,0.042136448830338125
2026-10-06 12:01:53,71.44571612609562,0.0686041304978558,0,normal,0,0.12660326126502175
2026-10-06 12:01:54,70.52391984694944,0.0368439471004553,0,normal,0,0.09097718552408651
2026-10-06 12:01:55,67.65507735216819,0.0936860713471795,0,normal,0,0.107924651947929
2026-10-06 12:01:56,69.12427671514095,0.0607529602705105,0,normal,0,0.13333856127969362
2026-10-06 12:01:57,66.17402264508138,0.1066441576929388,0,normal,0,0.06952151925821187
2026-10-06 12:01:58,64.5191915763619,0.0553496052700452,0,normal,0,0.057269551146705844
2026-10-06 12:01:59,69.47725341619366,0.0470864757665326,0,normal,0,0.11899134607177353
2026-10-06 12:02:00,68.60640978569236,0.0768710731939817,0,normal,0,0.12813978324524217
2026-10-06 12:02:01,72.87127346212971,0.1220439166347868,0,normal,0,0.015581675452363886
2026-10-06 12:02:02,68.64495921733572,0.0944121698221711,0,normal,0,0.11337050670048127
2026-10-06 12:02:03,72.12322834616619,0.0931117868162745,0,normal,0,0.08859489916608443
2026-10-06 12:02:04,70.15382495227695,0.1065444286833456,0,normal,0,0.08952160179020174
2026-10-06 12:02:05,70.37394461783812,0.0688342801963644,0,normal,0,0.13213701841766778
2026-10-06 12:02:06,67.5761591780919,0.0320781553691652,0,normal,0,0.0522554932827915
2026-10-06 12:02:07,72.07321778736969,0.1360578069254166,0,normal,1,-0.01717856123347017
2026-10-06 12:02:08,67.50403514446047,0.0696762890261691,0,normal,0,0.12420074668532077
2026-10-06 12:02:09,70.77087342467557,0.077473815161485,0,normal,0,0.12597067208134505
2026-10-06 12:02:10,67.80445912066425,0.0174581120688192,0,normal,1,-0.0150737048815065
2026-10-06 12:02:11,66.65020082900088,0.0606358347122047,0,normal,0,0.1134648923101228
2026-10-06 12:02:12,68.01956855650931,0.0642623506160001,0,normal,0,0.1286360226246126
2026-10-06 12:02:13,71.95867081363507,0.0995472090345613,0,normal,0,0.08402516182052205
2026-10-06 12:02:14,69.66442159183694,0.0509021773981621,0,normal,0,0.12607055637547787
2026-10-06 12:02:15,70.85815354345547,0.0997095795246031,0,normal,0,0.09882090340314958
2026-10-06 12:02:16,72.62971177855968,0.1073666007414169,0,normal,0,0.05604192777351946
2026-10-06 12:02:17,71.61136033976491,0.071784254934607,0,normal,0,0.12372027039885314
2026-10-06 12:02:18,67.715432289023,0.0859131491405501,0,normal,0,0.1178477882223189
2026-10-06 12:02:19,68.05400881781873,0.1234626137495666,0,normal,0,0.04434788027950065
2026-10-06 12:02:20,70.28373790211967,0.0320616928500503,0,normal,0,0.0732345341163011
2026-10-06 12:02:21,66.92602063630311,0.0468257440901367,0,normal,0,0.09194079166462288
2026-10-06 12:02:22,69.38905090869095,0.0690253267097062,0,normal,0,0.13396860495036256
2026-10-06 12:02:23,68.81575058662668,0.0486140887686451,0,normal,0,0.11861901214198745
2026-10-06 12:02:24,67.38260929852034,0.0685395906025342,0,normal,0,0.12228047709659495
2026-10-06 12:02:25,70.45921558327991,0.089388916444402,0,normal,0,0.11350113513246674
2026-10-06 12:02:26,69.65559663472247,0.0747845142225749,0,normal,0,0.13164690287743985
2026-10-06 12:02:27,70.94045909613791,0.1035720869945284,0,normal,0,0.09114897942027922
2026-10-06 12:02:28,69.37037377378395,0.0853125081140745,0,normal,0,0.12506429996505758
2026-10-06 12:02:29,70.97516318772837,0.0837718695368243,0,normal,0,0.12001320864827009
2026-10-06 12:02:30,69.17157679652867,0.0570510088150552,0,normal,0,0.13243986471924413
2026-10-06 12:02:31,69.88265254206091,0.0680732586294302,0,normal,0,0.13301301368415652
2026-10-06 12:02:32,66.32960844588324,0.1199964192950226,0,normal,0,0.04301757360324154
2026-10-06 12:02:33,67.50396660685193,0.0707229863019126,0,normal,0,0.12474414203173256
2026-10-06 12:02:34,69.56685290473311,0.0481763025141061,0,normal,0,0.12040178770190746
2026-10-06 12:02:35,70.37554705231481,0.048798581496907,0,normal,0,0.12217193613121524
2026-10-06 12:02:36,70.80112509945339,0.0632411833226397,0,normal,0,0.13175957680934935
2026-10-06 12:02:37,71.31419121174355,0.0798388137796572,0,normal,0,0.11839286265439208
2026-10-06 12:02:38,69.47527641362352,0.07241224465915,0,normal,0,0.13407123475010396
2026-10-06 12:02:39,71.43695498762516,0.0443602195951671,0,normal,0,0.11441230352836401
2026-10-06 12:02:40,71.5464804242504,0.0519832677251084,0,normal,0,0.12559923748610596
2026-10-06 12:02:41,70.42294378687725,0.0869965804580974,0,normal,0,0.11864122910497849
2026-10-06 12:02:42,70.34262547637317,0.1009537139264313,0,normal,0,0.09986028609040465
2026-10-06 12:02:43,67.87855216302204,0.0779486821420575,0,normal,0,0.12327342883486303
2026-10-06 12:02:44,69.17694851984236,0.0630175260438992,0,normal,0,0.13321355441144678
2026-10-06 12:02:45,67.39615562563617,0.1019446610227344,0,normal,0,0.09321083325414226
2026-10-06 12:02:46,66.7301835433243,0.1310753761540929,0,normal,0,0.0065617066727533535
2026-10-06 12:02:47,66.32087836517604,0.0908908305817586,0,normal,0,0.0972010756251227
2026-10-06 12:02:48,70.95325845774346,0.085256468166343,0,normal,0,0.11822717213398454
2026-10-06 12:02:49,68.24876165501661,0.0416684776610889,0,normal,0,0.09898147451595157
2026-10-06 12:02:50,69.05381077159832,0.0417573268359552,0,normal,0,0.10549207726518983
2026-10-06 12:02:51,68.44065148642093,0.0241537192285892,0,normal,0,0.017572674708483893
2026-10-06 12:02:52,73.66257272341254,0.0665517060057653,0,normal,0,0.115360783423747
2026-10-06 12:02:53,72.88577339890065,0.107002264173634,0,normal,0,0.05286001175708055
2026-10-06 12:02:54,68.10452922910665,0.0930014942421209,0,normal,0,0.11557279491221345
2026-10-06 12:02:55,65.81706626082628,0.1480322678497055,0,normal,1,-0.04297817596861098
2026-10-06 12:02:56,66.84285353058804,0.0813762235774601,0,normal,0,0.1113360221686252
2026-10-06 12:02:57,66.83630224475459,0.0670022335836386,0,normal,0,0.11647710741925554
2026-10-06 12:02:58,67.27938075495264,0.1532286310258443,0,normal,1,-0.03257624498346967
2026-10-06 12:02:59,69.12404079590704,0.0619856214009515,0,normal,0,0.13363146471630943
2026-10-06 12:03:00,67.7588593673794,0.0781708944143204,0,normal,0,0.12299008183016835
2026-10-06 12:03:01,69.86370668535041,0.0769522117245587,0,normal,0,0.12755348138291212
2026-10-06 12:03:02,71.19267259566026,0.0713424553245284,0,normal,0,0.12860282731517397
2026-10-06 12:03:03,71.34963474820434,0.0791915509527269,0,normal,0,0.11867772746608196
2026-10-06 12:03:04,71.13275691765052,0.0956927138848302,0,normal,0,0.10394035841605864
2026-10-06 12:03:05,69.17553388000324,0.0926197113679389,0,normal,0,0.11817204629159433
2026-10-06 12:03:06,69.04038529932049,0.1190990826442773,0,normal,0,0.06317553780572488
2026-10-06 12:03:07,69.625417365257,0.0753278514478007,0,normal,0,0.1316912853754218
2026-10-06 12:03:08,66.03917867230277,0.061923436914031,0,normal,0,0.1061441868053295
2026-10-06 12:03:09,69.23391636461244,0.0800489389895644,0,normal,0,0.12674785732475913
2026-10-06 12:03:10,67.35502256730537,0.0693641524116278,0,normal,0,0.12159407894754604
2026-10-06 12:03:11,69.97851017628089,0.0393111901936868,0,normal,0,0.09828741294101356
2026-10-06 12:03:12,66.62539057265691,0.0903412602638769,0,normal,0,0.10151839186528822
2026-10-06 12:03:13,70.730856415908,0.0669053746557883,0,normal,0,0.13282740168892404
2026-10-06 12:03:14,69.7850759955919,0.051479819493028,0,normal,0,0.1261947577919526
2026-10-06 12:03:15,72.44363260270093,0.0617382107228064,0,normal,0,0.12614900495717463
2026-10-06 12:03:16,70.45794273152836,0.0758529564596135,0,normal,0,0.12831478151876474
2026-10-06 12:03:17,68.54293166054765,0.0533751120633382,0,normal,0,0.125456358802348
2026-10-06 12:03:18,70.5967794922291,0.0815327025257425,0,normal,0,0.12319424694137177
2026-10-06 12:03:19,67.31769697767578,0.1004003831580006,0,normal,0,0.0941261382178229
2026-10-06 12:03:20,66.2708460204288,0.0877828525706249,0,normal,0,0.1022784666790707
2026-10-06 12:03:21,66.30288716434913,0.0720262836110266,0,normal,0,0.11410551145306097
2026-10-06 12:03:22,66.67936748095113,0.1183938124609704,0,normal,0,0.05457393841951513
2026-10-06 12:03:23,67.36613998495223,0.1024912666660659,0,normal,0,0.09145206795700678
2026-10-06 12:03:24,68.24817388854322,0.1086220835282518,0,normal,0,0.08911911469091888
2026-10-06 12:03:25,71.39223313223654,0.0741520160377441,0,normal,0,0.12387315457328629
2026-10-06 12:03:26,72.07742336277187,0.0914652199746598,0,normal,0,0.09011539309727168
2026-10-06 12:03:27,72.65477934504514,0.1123337158419494,0,normal,0,0.04282294906096423
2026-10-06 12:03:28,73.50720247837234,0.0319829229074885,0,normal,0,0.062331634300290706
2026-10-06 12:03:29,70.89993926553576,0.0297231535610967,0,normal,0,0.05695225674232707
2026-10-06 12:03:30,69.15360182614985,0.0952530537377614,0,normal,0,0.11387065839403432
2026-10-06 12:03:31,66.6789636543653,0.1025566520695622,0,normal,0,0.08072964317474851
2026-10-06 12:03:32,67.35708854324118,0.1079496157939408,0,normal,0,0.08062932408001677
2026-10-06 12:03:33,67.86051949256841,0.0305105164954606,0,normal,0,0.04766852766732549
2026-10-06 12:03:34,70.03459243461765,0.120486713164318,0,normal,0,0.054621335888971945
2026-10-06 12:03:35,67.64570772730988,0.0746138774497849,0,normal,0,0.12556048536405
2026-10-06 12:03:36,71.77870776125961,0.0603317367047934,0,normal,0,0.1288060299806178
2026-10-06 12:03:37,72.47326855591766,0.0675630787581975,0,normal,0,0.12165966850931648
2026-10-06 12:03:38,70.29013304961212,0.008797288562224,0,normal,1,-0.023828287854392283
2026-10-06 12:03:39,70.34107281185487,0.0546596330100789,0,normal,0,0.12942691181598648
2026-10-06 12:03:40,70.69534565179302,0.1070034834421091,0,normal,0,0.08696840432784919
2026-10-06 12:03:41,68.94843498437396,0.0711262903266226,0,normal,0,0.13467253194086565
2026-10-06 12:03:42,67.72934259682238,0.0961234393961561,0,normal,0,0.10481893906449014
2026-10-06 12:03:43,67.79110239171665,0.0850879113981544,0,normal,0,0.11931330633663645
2026-10-06 12:03:44,68.81145325825045,0.1037679543039335,0,normal,0,0.0968353185505329
2026-10-06 12:03:45,64.46410290724806,0.0379686898705164,0,normal,0,0.013780390428613343
2026-10-06 12:03:46,69.13275660918323,0.0709411209729566,0,normal,0,0.1336112867317173
2026-10-06 12:03:47,71.08037354399985,0.1207359626288681,0,normal,0,0.04642002958210206
2026-10-06 12:03:48,71.24066346421787,0.0534943676449514,0,normal,0,0.12830908719146422
2026-10-06 12:03:49,72.62068258802643,0.0356989018157477,0,normal,0,0.08245260599919008
2026-10-06 12:03:50,68.46887460201,0.0327556980725191,0,normal,0,0.06472927438280585
2026-10-06 12:03:51,69.2851076503223,0.1234868988367516,0,normal,0,0.048135289118095004
2026-10-06 12:03:52,73.07806438141071,0.0695247375339275,0,normal,0,0.11782568969653373
2026-10-06 12:03:53,70.73595617485935,0.0828447252792994,0,normal,0,0.12252661331000952
2026-10-06 12:03:54,71.31878481350354,0.0534230761269976,0,normal,0,0.1270886902279565
2026-10-06 12:03:55,68.97373917187872,0.090733744264664,0,normal,0,0.12000513420619119
2026-10-06 12:03:56,69.03970760770521,0.0982710674366356,0,normal,0,0.10937411758685384
2026-10-06 12:03:57,66.40725647031373,0.072121912107567,0,normal,0,0.11473189655046223
2026-10-06 12:03:58,67.31445368573463,0.0746838352273887,0,normal,0,0.12019462326947916
2026-10-06 12:03:59,70.06815739462284,0.0682353024000942,0,normal,0,0.1313248679524125
2026-10-06 12:04:00,69.68470500274309,0.0618092654975679,0,normal,0,0.1346843643569503
2026-10-06 12:04:01,70.11201826902743,0.0567768327913406,0,normal,0,0.1304864616547074
2026-10-06 12:04:02,71.9822652713205,0.0614165636223844,0,normal,0,0.12841628755797374
2026-10-06 12:04:03,69.70103045782236,0.1593011258432912,0,normal,1,-0.034837228167388545
2026-10-06 12:04:04,68.21228050305837,0.0385138461060975,0,normal,0,0.08689568463457725
2026-10-06 12:04:05,68.89852758469203,0.0688827657778292,0,normal,0,0.13386697689384403
2026-10-06 12:04:06,69.00348776303565,0.1268814154356218,0,normal,0,0.0399165103926547
2026-10-06 12:04:07,70.95766301161295,0.0409471758138081,0,normal,0,0.10419275166378322
2026-10-06 12:04:08,66.69164158894348,0.1090875973406773,0,normal,0,0.0742086851646564
2026-10-06 12:04:09,69.01926101925915,0.0947083224795261,0,normal,0,0.11612123623718351
2026-10-06 12:04:10,68.96698406805655,0.0890821706410542,0,normal,0,0.12206013036872443
2026-10-06 12:04:11,69.92920780277063,0.0848283871986482,0,normal,0,0.1221531284731916
2026-10-06 12:04:12,71.63957373221747,0.0837693714435417,0,normal,0,0.11111778333897704
2026-10-06 12:04:13,70.1822561936995,0.1142000473383648,0,normal,0,0.07077885562649122
2026-10-06 12:04:14,72.32496077008479,0.0439053121283808,0,normal,0,0.10908303092508997
2026-10-06 12:04:15,69.46589743722821,0.123413644430901,0,normal,0,0.04955021164606266
2026-10-06 12:04:16,72.37017619595532,0.1465928727102319,0,normal,1,-0.045526853541081436
2026-10-06 12:04:17,70.74359620590656,0.0431135634726765,0,normal,0,0.11013782242207076
2026-10-06 12:04:18,67.80701885255706,0.0972859318997771,0,normal,0,0.10434070810698665
2026-10-06 12:04:19,65.34349378208994,0.0457111421144586,0,normal,0,0.0659784146455471
2026-10-06 12:04:20,67.96563068842845,0.1032386087872194,0,normal,0,0.09323541609690977
2026-10-06 12:04:21,67.68415403304417,0.065373034528498,0,normal,0,0.12829590584528466
2026-10-06 12:04:22,71.47889532091328,0.0670285012880658,0,normal,0,0.12799316627476626
2026-10-06 12:04:23,72.08447454517108,0.0292725436147604,0,normal,0,0.05392302855987713
2026-10-06 12:04:24,67.94714012925354,0.0766553593734924,0,normal,0,0.12455265363429957
2026-10-06 12:04:25,71.71420965335969,0.0549067968266533,0,normal,0,0.12732586322973688
2026-10-06 12:04:26,70.57283645345929,0.0791351759729085,0,normal,0,0.12712809365943106
2026-10-06 12:04:27,70.73309559473843,0.0926271800255961,0,normal,0,0.11062285055983118
2026-10-06 12:04:28,68.81086941440465,0.0583212581098774,0,normal,0,0.13132533167577493
2026-10-06 12:04:29,69.80382462530379,0.1153622632129268,0,normal,0,0.0695167379981878
2026-10-06 12:04:30,70.02370635197677,0.0766059573815024,0,normal,0,0.1262245733913085
2026-10-06 12:04:31,67.78687010444588,0.0588848962766524,0,normal,0,0.12367120234279638
2026-10-06 12:04:32,69.17458016002368,0.0674412422603629,0,normal,0,0.1338410026489052
2026-10-06 12:04:33,68.15431247556955,0.1273557919227807,0,normal,0,0.030769810172072365
2026-10-06 12:04:34,70.8064089803978,0.1101124106141567,0,normal,0,0.08444260719996027
2026-10-06 12:04:35,69.91979527956273,0.0762914814533911,0,normal,0,0.12831120058574247
2026-10-06 12:04:36,70.18342896364027,0.0803409743671498,0,normal,0,0.12314645989214584
2026-10-06 12:04:37,70.466557869879,0.0835806100353506,0,normal,0,0.12179090063634634
2026-10-06 12:04:38,70.21667319815091,0.1145139621817677,0,normal,0,0.06874312082152595
2026-10-06 12:04:39,72.42657157015621,0.0886761046435513,0,normal,0,0.09263676140130256
2026-10-06 12:04:40,69.9438517926517,0.0793105156474903,0,normal,0,0.12552699021506858
2026-10-06 12:04:41,71.36757986343103,0.0684908145608877,0,normal,0,0.1269912899595927
2026-10-06 12:04:42,69.43472642092212,0.0596887150140197,0,normal,0,0.13421572849350433
2026-10-06 12:04:43,68.99358249265129,0.0931325812953723,0,normal,0,0.11894608572418641
2026-10-06 12:04:44,71.21718228935482,0.0995861790134788,0,normal,0,0.09433006598857985
2026-10-06 12:04:45,69.10709812843217,0.0643704076829149,0,normal,0,0.13377867233279478
2026-10-06 12:04:46,69.3574157845435,0.0919654423712993,0,normal,0,0.11763288749064765
2026-10-06 12:04:47,68.16161636626234,0.0581912838509437,0,normal,0,0.12918995252503368
2026-10-06 12:04:48,69.5408944049792,0.0442320774158787,0,normal,0,0.1139654304214775
2026-10-06 12:04:49,70.55569629278547,0.0549236145394142,0,normal,0,0.12744928586573684
2026-10-06 12:04:50,69.70584938139257,0.0716701446500132,0,normal,0,0.13359396851879302
2026-10-06 12:04:51,69.58658524234977,0.0806596919558143,0,normal,0,0.12591964783427573
2026-10-06 12:04:52,71.17555527485307,0.0858664782918793,0,normal,0,0.11523833153847768
2026-10-06 12:04:53,72.19702594802567,0.106471147242726,0,normal,0,0.06735214257052002
2026-10-06 12:04:54,67.75018430280758,0.0825641348839287,0,normal,0,0.12083644090170403
2026-10-06 12:04:55,68.97178743583325,0.1217157594958893,0,normal,0,0.05819494491110405
2026-10-06 12:04:56,67.17951146490427,0.1012589493784197,0,normal,0,0.09218381544002313
2026-10-06 12:04:57,68.73463416847741,0.041374385544788,0,normal,0,0.10165805972680392
2026-10-06 12:04:58,68.7373932384231,0.0578832218898351,0,normal,0,0.13271971746294603
2026-10-06 12:04:59,66.86650467600495,0.0518747317552786,0,normal,0,0.1035902189349181
2026-10-06 12:05:00,67.72761006808909,0.0673794861432916,0,normal,0,0.12836666915086298
2026-10-06 12:05:01,70.95683730484492,0.0734804891309834,0,normal,0,0.12870454116655872
2026-10-06 12:05:02,71.0653658191692,0.0698995512616733,0,normal,0,0.12941232853630824
2026-10-06 12:05:03,71.53562409425577,0.0859413182378497,0,normal,0,0.10901134034143639
2026-10-06 12:05:04,71.72182185787352,0.0919455740150723,0,normal,0,0.09697347246201837
2026-10-06 12:05:05,71.24154281205263,0.0502547074291317,0,normal,0,0.12446378571516165
2026-10-06 12:05:06,72.91941109162343,0.0793194204509435,0,normal,0,0.10474869620991928
2026-10-06 12:05:07,69.37928378255059,0.0783779883900945,0,normal,0,0.1293032626876388
2026-10-06 12:05:08,68.31031432662249,0.0428031367103295,0,normal,0,0.10090633074841177
2026-10-06 12:05:09,67.57920609407968,0.0988224011354152,0,normal,0,0.10075590325250083
2026-10-06 12:05:10,70.63558314271297,0.0351709078830443,0,normal,0,0.08530154254865047
2026-10-06 12:05:11,70.3558046193697,0.0696702174294924,0,normal,0,0.13256720196910265
2026-10-06 12:05:12,68.5972586641803,0.0598599414806483,0,normal,0,0.13041717144012632
2026-10-06 12:05:13,68.73394448838238,0.1205828574771466,0,normal,0,0.06036100007512979
2026-10-06 12:05:14,69.25261528165983,0.0433021745859231,0,normal,0,0.10812190486920248
2026-10-06 12:05:15,72.39568085796004,0.0578247187556151,0,normal,0,0.12803666542671666
2026-10-06 12:05:16,72.39212992228549,0.1048307537406987,0,normal,0,0.06386165462825749
2026-10-06 12:05:17,70.59874303153909,0.0750662837089261,0,normal,0,0.12984569158428
2026-10-06 12:05:18,66.71446884283507,0.0989438251118205,0,normal,0,0.08958606939269431
2026-10-06 12:05:19,66.78512733766664,0.0672705886466301,0,normal,0,0.11758966935048987
2026-10-06 12:05:20,68.80015500858664,0.0887164554236785,0,normal,0,0.12268015130111792
2026-10-06 12:05:21,68.00149285870425,0.0582980680017352,0,normal,0,0.1261569624607103
2026-10-06 12:05:22,68.36911925944695,0.0539994971732594,0,normal,0,0.1262511256577467
2026-10-06 12:05:23,68.49807965238365,0.0679265826536547,0,normal,0,0.13153893155899082
2026-10-06 12:05:24,68.80905821596664,0.0761416842661693,0,normal,0,0.130323973510164
2026-10-06 12:05:25,70.75455524538934,0.0635306316432546,0,normal,0,0.13265512893045867
2026-10-06 12:05:26,70.59409999952639,0.1029297643422468,0,normal,0,0.093034439297692
2026-10-06 12:05:27,68.50723157886608,0.0851016400664689,0,normal,0,0.12378324122751988
2026-10-06 12:05:28,70.0420523781621,0.0765149779112956,0,normal,0,0.1268989632127745
2026-10-06 12:05:29,70.76177580607006,0.1433681313924373,0,normal,1,-0.01775097029818573
2026-10-06 12:05:30,68.99231389478165,0.1027464030594159,0,normal,0,0.10090363388865559
2026-10-06 12:05:31,69.83593225024953,0.0741868298219009,0,normal,0,0.129960264979533
2026-10-06 12:05:32,70.82794680001813,0.0450180787052237,0,normal,0,0.11763859735760285
2026-10-06 12:05:33,66.04014499597369,0.0679055394354613,0,normal,0,0.10960916674067561
2026-10-06 12:05:34,73.09087701545036,0.0108539877779135,0,normal,1,-0.01817334351526534
2026-10-06 12:05:35,68.11520870024957,0.0979661975568694,0,normal,0,0.10708094827063741
2026-10-06 12:05:36,69.34992047319491,0.0838487285325778,0,normal,0,0.12624068912872843
2026-10-06 12:05:37,71.22044241634752,0.1324421245369739,0,normal,0,0.008400326644377787
2026-10-06 12:05:38,68.79398281496674,0.0916816856288569,0,normal,0,0.11834511274031534
2026-10-06 12:05:39,71.22827373368106,0.0882595774950703,0,normal,0,0.11178162340930153
2026-10-06 12:05:40,70.91870578085037,0.0636364260301119,0,normal,0,0.13209185988962235
2026-10-06 12:05:41,69.55081431302133,0.0736983726362614,0,normal,0,0.1318566409298877
2026-10-06 12:05:42,70.03194010117349,0.0913155637676869,0,normal,0,0.11342900191604222
2026-10-06 12:05:43,67.83825286531591,0.0879504573910675,0,normal,0,0.11944968261462624
2026-10-06 12:05:44,68.36390870498141,0.0501158514435106,0,normal,0,0.1194687316172312
2026-10-06 12:05:45,65.72182614809002,0.1238570998920768,0,normal,0,0.012651254268769063
2026-10-06 12:05:46,69.15723197803521,0.1048298842257447,0,normal,0,0.09675269911264234
2026-10-06 12:05:47,70.24416235094719,0.0423913469086824,0,normal,0,0.10642251912426948
2026-10-06 12:05:48,72.29515134553938,0.0648189821357291,0,normal,0,0.12450352327986958
2026-10-06 12:05:49,69.27136572432826,0.0641325090590297,0,normal,0,0.1349302261108628
2026-10-06 12:05:50,71.82139548864151,0.057280273717764,0,normal,0,0.1302429388780712
2026-10-06 12:05:51,70.7007179908778,0.0712671406728085,0,normal,0,0.13225089187381112
2026-10-06 12:05:52,72.30730431423385,0.0771582222745446,0,normal,0,0.11150820731805411
2026-10-06 12:05:53,68.04887327838205,0.055052421757852,0,normal,0,0.12441542857310173
2026-10-06 12:05:54,68.6563149223577,0.0947822332434844,0,normal,0,0.11464586238652497
2026-10-06 12:05:55,68.7418474973874,0.0987656529586696,0,normal,0,0.10790594133603426
2026-10-06 12:05:56,70.70666336037078,0.0498453845376932,0,normal,0,0.12336116283684462
2026-10-06 12:05:57,65.58512230699252,0.090840899048983,0,normal,0,0.0845092175667877
2026-10-06 12:05:58,69.40450991661734,0.0876672142327266,0,normal,0,0.12376873652616704
2026-10-06 12:05:59,68.80015472227616,0.0512773600107318,0,normal,0,0.12219196416846784
2026-10-06 12:06:00,70.16996362484802,0.0446753514219293,0,normal,0,0.11571823677232695
2026-10-06 12:06:01,69.55318837296983,0.0788184242447357,0,normal,0,0.1282499045631858
2026-10-06 12:06:02,68.66989378818955,0.0663502315291081,0,normal,0,0.1348387929508656
2026-10-06 12:06:03,73.03677309204615,0.0295636229985563,0,normal,0,0.05332157563523765
2026-10-06 12:06:04,69.32313925040606,0.0694994074170173,0,normal,0,0.13410198601295398
2026-10-06 12:06:05,70.60539714695398,0.0690275193486755,0,normal,0,0.1316076585680861
2026-10-06 12:06:06,68.06392284349525,0.0945998580447137,0,normal,0,0.11090185601768693
2026-10-06 12:06:07,69.28161521675034,0.0684835795792729,0,normal,0,0.13370726111624887
2026-10-06 12:06:08,70.10621401079517,0.0970219570720822,0,normal,0,0.1050041210648267
2026-10-06 12:06:09,68.61200982125598,0.0965635717055117,0,normal,0,0.10996319376708291
2026-10-06 12:06:10,67.40212586842044,0.1313914727373076,0,normal,0,0.01260106401644251
2026-10-06 12:06:11,68.69293270611736,0.1117004314068816,0,normal,0,0.08418666166226701
2026-10-06 12:06:12,70.17413476741864,0.0763255921746441,0,normal,0,0.12732650514398652
2026-10-06 12:06:13,68.1992208478838,0.0708605878349301,0,normal,0,0.13271766007194558
2026-10-06 12:06:14,71.7497205424025,0.0556794291604677,0,normal,0,0.12820212647143175
2026-10-06 12:06:15,71.34967073299735,0.0486034402044347,0,normal,0,0.1232093280634205
2026-10-06 12:06:16,70.4867346094598,0.0603238120052919,0,normal,0,0.13062487927738953
2026-10-06 12:06:17,71.26624108088527,0.1176366486627247,0,normal,0,0.05431521329841732
2026-10-06 12:06:18,70.44263374736592,0.1089261690185422,0,normal,0,0.08396356054119569
2026-10-06 12:06:19,68.93992703072101,0.0584511434178199,0,normal,0,0.130749648643325
2026-10-06 12:06:20,68.05238374054865,0.0488778387596516,0,normal,0,0.11700784770634509
2026-10-06 12:06:21,67.28106971868084,0.0649922518198118,0,normal,0,0.12305410118450233
2026-10-06 12:06:22,68.9777326911659,0.057369414037352,0,normal,0,0.13364007269032624
2026-10-06 12:06:23,71.3169765224432,0.0628231488232873,0,normal,0,0.12918600407999536
2026-10-06 12:06:24,70.5242385786161,0.0881732444541728,0,normal,0,0.11890973406968286
2026-10-06 12:06:25,71.5238817221993,0.0822931399032523,0,normal,0,0.11283869276548542
2026-10-06 12:06:26,69.06070797163912,0.1050597973521903,0,normal,0,0.09764582554759926
2026-10-06 12:06:27,68.85984572084863,0.0635287688530434,0,normal,0,0.1330010913051088
2026-10-06 12:06:28,71.9559892883085,0.0963307917893081,0,normal,0,0.08798033024404217
2026-10-06 12:06:29,69.5386864116872,0.0853664606260521,0,normal,0,0.12441809534196874
2026-10-06 12:06:30,71.41031295893814,0.0937965239897559,0,normal,0,0.09693977176211405
2026-10-06 12:06:31,68.59294779081583,0.0937687313774913,0,normal,0,0.1130638518117737
2026-10-06 12:06:32,68.14691346494483,0.0370526255542276,0,normal,0,0.08125065751074989
2026-10-06 12:06:33,68.80936517050937,0.0853656928376596,0,normal,0,0.12517039215819847
2026-10-06 12:06:34,67.81511223237968,0.0612008866866204,0,normal,0,0.12524927119759538
2026-10-06 12:06:35,65.53160272106923,0.0766336249545662,0,normal,0,0.09883534355433171
2026-10-06 12:06:36,71.69176094977313,0.0953065292453287,0,normal,0,0.0940742011660557
2026-10-06 12:06:37,69.95875439207823,0.1125891970741678,0,normal,0,0.07763183651011357
2026-10-06 12:06:38,71.63677244703548,0.0421974361137159,0,normal,0,0.10672319642970352
2026-10-06 12:06:39,70.28082074037255,0.1159874509076931,0,normal,0,0.06155526549813195
2026-10-06 12:06:40,70.42736166328069,0.1005803434746151,0,normal,0,0.099274275187479
2026-10-06 12:06:41,70.25166060971705,0.0948157265336523,0,normal,0,0.10861821008313238
2026-10-06 12:06:42,70.73185324377356,0.0870791945181099,0,normal,0,0.11773294028655945
2026-10-06 12:06:43,69.59461643684473,0.0950746401403037,0,normal,0,0.1134638181123166
2026-10-06 12:06:44,66.04303173306647,0.0852600806850525,0,normal,0,0.10165915778458018
2026-10-06 12:06:45,69.13626180775157,0.0767862870568044,0,normal,0,0.12844188921988725
2026-10-06 12:06:46,68.6201585143045,0.0681004302651123,0,normal,0,0.1323603868105251
2026-10-06 12:06:47,68.84427301211544,0.0819119558330108,0,normal,0,0.12701911093477442
2026-10-06 12:06:48,71.08554796160549,0.0436281632515887,0,normal,0,0.11154524660378196
2026-10-06 12:06:49,67.42549329755339,0.0749014699898336,0,normal,0,0.1218051584400987
2026-10-06 12:06:50,71.37953681911866,0.0883403220812591,0,normal,0,0.10908884462451629
2026-10-06 12:06:51,71.11999395653133,0.0453283824897348,0,normal,0,0.11809673041933716
2026-10-06 12:06:52,72.17531963793529,0.0697600635385978,0,normal,0,0.12325193533339857
2026-10-06 12:06:53,71.19427789989857,0.099674768875192,0,normal,0,0.09444267076213952
2026-10-06 12:06:54,71.10823324008702,0.0779779712492945,0,normal,0,0.12385816316989584
2026-10-06 12:06:55,67.27434581657256,0.0526980702193878,0,normal,0,0.1139500597464767
2026-10-06 12:06:56,69.88498887202289,0.0910199897044239,0,normal,0,0.11606008678239382
2026-10-06 12:06:57,66.21013741867893,0.0081242317249842,0,normal,1,-0.06109174133441353
2026-10-06 12:06:58,68.2644615189157,0.0644368202815338,0,normal,0,0.13276245882543092
2026-10-06 12:06:59,68.3309258438451,0.1378583538475328,0,normal,1,-0.005465527777784529
2026-10-06 12:07:00,70.63582227932503,0.124500428724639,0,normal,0,0.038475969613244176
2026-10-06 12:07:01,70.18978606976998,0.0356117676682779,0,normal,0,0.08492778813636925
2026-10-06 12:07:02,71.7066879268983,0.0934165773861023,0,normal,0,0.0946063095075646
2026-10-06 12:07:03,72.0476188935103,0.1191871141724151,0,normal,0,0.03500861094940061
2026-10-06 12:07:04,70.59977988996702,0.0497411812506123,0,normal,0,0.12241561775566162
2026-10-06 12:07:05,71.81983575094495,0.0437932670350869,0,normal,0,0.11052341519695563
2026-10-06 12:07:06,70.07983238393929,0.0860809840734905,0,normal,0,0.11931349359218424
2026-10-06 12:07:07,66.1621312804386,0.0556531511820326,0,normal,0,0.09991266138128019
2026-10-06 12:07:08,66.91277681125602,0.106797816701135,0,normal,0,0.07678339216803232
2026-10-06 12:07:09,66.99489694413741,0.0767428448819033,0,normal,0,0.1123539387323837
2026-10-06 12:07:10,68.16691619727786,0.066336489856808,0,normal,0,0.13326624652750874
2026-10-06 12:07:11,68.18639071003521,0.0415382242914674,0,normal,0,0.0974662390210217
2026-10-06 12:07:12,70.43743496269079,0.0838758984998273,0,normal,0,0.12183866762114665
2026-10-06 12:07:13,69.56222556221351,0.0555615444560729,0,normal,0,0.13222861793748864
2026-10-06 12:07:14,72.28376539136086,0.0522019971725294,0,normal,0,0.12485450259192621
2026-10-06 12:07:15,71.8544372337781,0.1046444046572208,0,normal,0,0.07628593684291335
2026-10-06 12:07:16,68.60767966389928,0.0742536683999923,0,normal,0,0.1313749289446472
2026-10-06 12:07:17,70.28831024585706,0.0989149230451659,0,normal,0,0.10219147240998139
2026-10-06 12:07:18,68.68817693513962,0.0824839661801694,0,normal,0,0.12799804076437266
2026-10-06 12:07:19,69.88703075238232,0.0875198521570696,0,normal,0,0.12211914966842408
2026-10-06 12:07:20,70.70669222332089,0.0936295468270386,0,normal,0,0.10859461988715446
2026-10-06 12:07:21,66.0981787483476,0.0886885033601357,0,normal,0,0.09733313668180044
2026-10-06 12:07:22,67.99606701472423,0.0608269766279383,0,normal,0,0.12756343450475638
2026-10-06 12:07:23,72.39620179478736,0.0945728718765107,0,normal,0,0.0808109274786924
2026-10-06 12:07:24,67.94159708748585,0.081911229562442,0,normal,0,0.1222343864249466
2026-10-06 12:07:25,71.36337641972649,0.0689739892126596,0,normal,0,0.1269176654490719
2026-10-06 12:07:26,68.08964037060584,0.0219078438566376,0,normal,0,0.006518283618919873
2026-10-06 12:07:27,70.95546293100547,0.0848864588255502,0,normal,0,0.1185256332780047
2026-10-06 12:07:28,70.4449881911351,0.0655687676765843,0,normal,0,0.13104036785463202
2026-10-06 12:07:29,68.54434796997933,0.0288934008877018,0,normal,0,0.04303772099019493
2026-10-06 12:07:30,67.93414363800557,0.0398029967699619,0,normal,0,0.08397519950179155
2026-10-06 12:07:31,70.2969426824017,0.062972620748497,0,normal,0,0.1325046919206075
2026-10-06 12:07:32,68.25342812020102,0.0880224028156944,0,normal,0,0.12456800954390979
2026-10-06 12:07:33,70.36930534438832,0.0839534496726943,0,normal,0,0.1237632701001542
2026-10-06 12:07:34,67.23175451721512,0.0518031138840288,0,normal,0,0.112485190338733
2026-10-06 12:07:35,68.39262514864431,0.0675855590005371,0,normal,0,0.13269702833142533
2026-10-06 12:07:36,71.88837811953186,0.0685008323035567,0,normal,0,0.12588883375532706
2026-10-06 12:07:37,73.43141820469246,0.0647870130473584,0,normal,0,0.1161412574984681
2026-10-06 12:07:38,72.3235772291157,0.0660367766424851,0,normal,0,0.12373047291838818
2026-10-06 12:07:39,71.93898272432999,0.1018341631170194,0,normal,0,0.07973854474045883
2026-10-06 12:07:40,72.04562665167434,0.1166654168191649,0,normal,0,0.04228517559834288
2026-10-06 12:07:41,70.44927801122998,0.0887526301079478,0,normal,0,0.11475508653736854
2026-10-06 12:07:42,73.13046899797246,0.0749959323370141,0,normal,0,0.11273813970911067
2026-10-06 12:07:43,70.60896540986724,0.0746370519799725,0,normal,0,0.13030091700776408
2026-10-06 12:07:44,67.41078073205735,0.0997137023866278,0,normal,0,0.09793880472431249
2026-10-06 12:07:45,70.35033864768907,0.0511938353993466,0,normal,0,0.1248372838774704
2026-10-06 12:07:46,68.01271932909025,0.0886634569224368,0,normal,0,0.11873525734280621
2026-10-06 12:07:47,69.1293102878134,0.0425255750840065,0,normal,0,0.10625079268078286
2026-10-06 12:07:48,70.46215823807229,0.0795714713882742,0,normal,0,0.125365790354923
2026-10-06 12:07:49,69.13967585648933,0.0478468786250048,0,normal,0,0.1181683302268251
2026-10-06 12:07:50,71.96191946621191,0.0777006082631345,0,normal,0,0.11464406023722412
2026-10-06 12:07:51,74.56917232130789,0.0851294337084202,0,normal,0,0.07604234389385833
2026-10-06 12:07:52,69.68953954722848,0.0804164784067144,0,normal,0,0.1274074162991954
2026-10-06 12:07:53,68.13981297765125,0.0561523864409734,0,normal,0,0.12870811639214208
2026-10-06 12:07:54,69.35244827265373,0.0576446250017586,0,normal,0,0.1337298466249054
2026-10-06 12:07:55,68.35656165871978,0.0961619724179746,0,normal,0,0.10934097665723175
2026-10-06 12:07:56,70.28760940754306,0.0755690244623416,0,normal,0,0.12826958756380236
2026-10-06 12:07:57,66.66257898699814,0.0954511070286366,0,normal,0,0.09727352822062285
2026-10-06 12:07:58,71.42331313909094,0.1153226777329146,0,normal,0,0.05691943118665277
2026-10-06 12:07:59,67.40460189452645,0.0692329872190795,0,normal,0,0.12264329367029769
2026-10-06 12:08:00,70.44925864388195,0.1048412447534854,0,normal,0,0.0905548847040869
2026-10-06 12:08:01,73.7377488262648,0.0934078352839128,0,normal,0,0.06538251723305644
2026-10-06 12:08:02,73.25421291658826,0.089606475498611,0,normal,0,0.0781880958515262
2026-10-06 12:08:03,72.8269679979581,0.0561724883666184,0,normal,0,0.12647434418972847
2026-10-06 12:08:04,71.08592983379289,0.1268285637921732,0,normal,0,0.027244430495184546
2026-10-06 12:08:05,71.02417355438591,0.0656412889314573,0,normal,0,0.13000979624525244
2026-10-06 12:08:06,68.67196927953272,0.0683800398025678,0,normal,0,0.13410638421569732
2026-10-06 12:08:07,71.7119881772127,0.0551602121262684,0,normal,0,0.12691598343886623
2026-10-06 12:08:08,67.85077986871885,0.0813995619517299,0,normal,0,0.12188429477559665
2026-10-06 12:08:09,67.78416135559984,0.0754515829386732,0,normal,0,0.12575417762077717
2026-10-06 12:08:10,68.35270120803074,0.0740987586226096,0,normal,0,0.13077656289765005
2026-10-06 12:08:11,68.8183485172624,0.1145523432471088,0,normal,0,0.07320252725259946
2026-10-06 12:08:12,68.90972396603856,0.0557196901080975,0,normal,0,0.1310094951739118
2026-10-06 12:08:13,70.40887703777774,0.0734929591900463,0,normal,0,0.1310150093795795
2026-10-06 12:08:14,70.64070738495212,0.0739355079200131,0,normal,0,0.1298227096087281
2026-10-06 12:08:15,72.28145149519828,0.0798442408328169,0,normal,0,0.11011395578329036
2026-10-06 12:08:16,72.20441099322959,0.0958074192288557,0,normal,0,0.08502642623310036
2026-10-06 12:08:17,70.34015506890344,0.1089448406166235,0,normal,0,0.08489357495920363
2026-10-06 12:08:18,69.48281157917336,0.0797061371666196,0,normal,0,0.12891213322721323
2026-10-06 12:08:19,65.31732519835953,0.0418440393671573,0,normal,0,0.052817393946580415
2026-10-06 12:08:20,120.5466251613332,0.0662030557821886,1,spike,1,-0.2044399644622319
2026-10-06 12:08:21,119.18736550945331,0.0612665981585321,1,spike,1,-0.1997589659832959
2026-10-06 12:08:22,119.01531758381084,0.0414731627328376,1,spike,1,-0.20062411768474375
2026-10-06 12:08:23,122.5446336570821,0.0635986029894653,1,spike,1,-0.2022905677381096
2026-10-06 12:08:24,120.77396092002776,0.0480292724478016,1,spike,1,-0.20210250858327472
2026-10-06 12:08:25,70.50966153941286,0.0545176433011348,0,normal,0,0.12846760095879034
2026-10-06 12:08:26,73.51085835353153,0.1117845438256789,0,normal,0,0.03292670440481954
2026-10-06 12:08:27,72.5472196951673,0.0372140804699602,0,normal,0,0.08742463276389123
2026-10-06 12:08:28,71.12656867082092,0.0545819721181086,0,normal,0,0.13001645525330802
2026-10-06 12:08:29,69.95938487621622,0.0881036362881456,0,normal,0,0.11988070050698835
2026-10-06 12:08:30,69.79547428164571,0.0754056926581591,0,normal,0,0.1298175115109494
2026-10-06 12:08:31,64.84712878920577,0.0555402275576543,0,normal,0,0.06927136907657638
2026-10-06 12:08:32,69.70606757469285,0.0914945128391845,0,normal,0,0.11748925892636525
2026-10-06 12:08:33,68.3411395097045,0.0659418924470713,0,normal,0,0.1326353039856502
2026-10-06 12:08:34,70.58412260079811,0.098428342910372,0,normal,0,0.10149792552012926
2026-10-06 12:08:35,70.36053871097904,0.0770173379219748,0,normal,0,0.12777380112860742
2026-10-06 12:08:36,70.75726474848949,0.0624598907695186,0,normal,0,0.1332051857963692
2026-10-06 12:08:37,74.38871093923503,0.1079673093512734,0,normal,0,0.030528396209310027
2026-10-06 12:08:38,71.77708695649908,0.0539039464637076,0,normal,0,0.12724513182182573
2026-10-06 12:08:39,71.95285810819969,0.0534826580684238,0,normal,0,0.1257708468857463
2026-10-06 12:08:40,71.82683850577708,0.0987502586769384,0,normal,0,0.08713957997584204
2026-10-06 12:08:41,74.44850470775526,0.0747944638167015,0,normal,0,0.10003545707847461
2026-10-06 12:08:42,70.44072816346863,0.0958905778095158,0,normal,0,0.10643167609274401
2026-10-06 12:08:43,65.23441616762098,0.0749688144441799,0,normal,0,0.09311829099003971
2026-10-06 12:08:44,68.5435215764508,0.0762408620104832,0,normal,0,0.12914713217931706
2026-10-06 12:08:45,68.30753037256326,0.0570689832621312,0,normal,0,0.12939896150999758
2026-10-06 12:08:46,69.64345826062295,0.0752346167350052,0,normal,0,0.1315782344846696
2026-10-06 12:08:47,69.12198192163632,0.0748489901073245,0,normal,0,0.1313247892217273
2026-10-06 12:08:48,68.65989357134329,0.093292519917124,0,normal,0,0.1160950506159929
2026-10-06 12:08:49,68.96978555521974,0.1048722246718629,0,normal,0,0.09746082909628967
2026-10-06 12:08:50,70.93901192117413,0.0878697793224634,0,normal,0,0.11528263076266976
2026-10-06 12:08:51,72.07724680825528,0.0711420910160494,0,normal,0,0.12137002045313605
2026-10-06 12:08:52,73.47741058706033,0.0753326973350728,0,normal,0,0.10635595707095175
2026-10-06 12:08:53,72.99791245460447,0.0855161237382929,0,normal,0,0.09325730058613702
2026-10-06 12:08:54,69.26175491943236,0.0695607806884924,0,normal,0,0.13314668313450667
2026-10-06 12:08:55,68.42426498264547,0.050654377224247,0,normal,0,0.12009213171225558
2026-10-06 12:08:56,68.63254362445356,0.0925537694047158,0,normal,0,0.1155052843453308
2026-10-06 12:08:57,64.50552727996038,0.0896562952592379,0,normal,0,0.04859922077870743
2026-10-06 12:08:58,70.43587161967645,0.1153713848472535,0,normal,0,0.063047091114734
2026-10-06 12:08:59,67.35944197109674,0.0863646395775472,0,normal,0,0.11207116464243005
2026-10-06 12:09:00,69.95810553460149,0.067593130514247,0,normal,0,0.1320818366178328
2026-10-06 12:09:01,68.69433778292985,0.0792325499613269,0,normal,0,0.12953806235686155
2026-10-06 12:09:02,71.18940276864372,0.0494128090101749,0,normal,0,0.12381990292734685
2026-10-06 12:09:03,71.69510489819224,0.0777456390168039,0,normal,0,0.11624499578426678
2026-10-06 12:09:04,69.96071747133169,0.0564726998499236,0,normal,0,0.12950871506998607
2026-10-06 12:09:05,71.3941813325508,0.0755089145115202,0,normal,0,0.12271314948525269
2026-10-06 12:09:06,69.64906797003214,0.1473529000905369,0,normal,1,-0.025235497553272368
2026-10-06 12:09:07,70.30118710923676,0.0952786783951478,0,normal,0,0.10956502027954534
2026-10-06 12:09:08,67.35033000505443,0.0942407707094215,0,normal,0,0.10298955962658446
2026-10-06 12:09:09,68.14318296820629,0.1324176055859279,0,normal,0,0.01073541054806143
2026-10-06 12:09:10,68.90286885381924,0.0725993586086813,0,normal,0,0.1343469595863011
2026-10-06 12:09:11,68.12134773874794,0.0438444989197588,0,normal,0,0.10308094175727678
2026-10-06 12:09:12,66.79975281780183,0.0675680214470864,0,normal,0,0.11572049170889076
2026-10-06 12:09:13,71.4977434343161,0.0783781913504673,0,normal,0,0.11785748686201108
2026-10-06 12:09:14,71.13741797018831,0.0849570349388036,0,normal,0,0.11740209014359598
2026-10-06 12:09:15,72.16891594574427,0.0831650266650723,0,normal,0,0.1046390122755359
2026-10-06 12:09:16,69.6022040968207,0.0942886917761875,0,normal,0,0.11259106456191309
2026-10-06 12:09:17,71.83343429345055,0.0408711331418924,0,normal,0,0.10283340236009064
2026-10-06 12:09:18,71.02503052655979,0.0973315254252871,0,normal,0,0.09860673661918407
2026-10-06 12:09:19,69.195893934308,0.0597158052019726,0,normal,0,0.13313479228754888
2026-10-06 12:09:20,70.14338984251302,0.0445889303624232,0,normal,0,0.11544647165597749
2026-10-06 12:09:21,64.96023704632347,0.0689913029229587,0,normal,0,0.08260916699624643
2026-10-06 12:09:22,67.09200013544886,0.1199409053584065,0,normal,0,0.05294749243299124
2026-10-06 12:09:23,67.40731351701295,0.0672304735771493,0,normal,0,0.12472713937776275
2026-10-06 12:09:24,67.76835749994702,0.032301837083365,0,normal,0,0.05699292956818608
2026-10-06 12:09:25,69.73740029288464,0.0774998308147235,0,normal,0,0.12774743738567335
2026-10-06 12:09:26,71.31900612973607,0.0779736033167801,0,normal,0,0.11922029411588297
2026-10-06 12:09:27,73.78510668079305,0.1032076284528437,0,normal,0,0.04289089420843839
2026-10-06 12:09:28,71.4054736451425,0.0994605880925771,0,normal,0,0.09036548047187593
2026-10-06 12:09:29,71.62933057206706,0.070473352179495,0,normal,0,0.12452375259644338
2026-10-06 12:09:30,69.51101233080541,0.0912003690581952,0,normal,0,0.11714386297538504
2026-10-06 12:09:31,71.88233695896453,0.0874272845718446,0,normal,0,0.10431439873118514
2026-10-06 12:09:32,67.37789473928107,0.0310696964703083,0,normal,0,0.04280861786815604
2026-10-06 12:09:33,66.80761150186657,0.1118744974796788,0,normal,0,0.06850116071626261
2026-10-06 12:09:34,68.9630073557259,0.0927598558907699,0,normal,0,0.11825449377110386
2026-10-06 12:09:35,72.02455609239338,0.0290754987297247,0,normal,0,0.05314045350256197
2026-10-06 12:09:36,69.42015145101654,0.1051258319916508,0,normal,0,0.09610167934177904
2026-10-06 12:09:37,70.36779637209295,0.049080482204829,0,normal,0,0.12239697219436912
2026-10-06 12:09:38,73.50891277999028,0.0847159699783259,0,normal,0,0.08499435148029172
2026-10-06 12:09:39,69.72821447078167,0.0367453932274399,0,normal,0,0.09321049829873385
2026-10-06 12:09:40,69.84943359143604,0.0848931408740431,0,normal,0,0.1234671188577976
2026-10-06 12:09:41,68.04546625412938,0.1014558818034194,0,normal,0,0.09981309837604979
2026-10-06 12:09:42,66.19648562673636,0.1003396682291875,0,normal,0,0.08092591645876435
2026-10-06 12:09:43,67.36320848346685,0.1016892297394651,0,normal,0,0.0935029545945823
2026-10-06 12:09:44,65.90802732152926,0.0926292420108795,0,normal,0,0.09100177134738813
2026-10-06 12:09:45,66.65093954136303,0.0802687819116411,0,normal,0,0.11218090893159716
2026-10-06 12:09:46,70.7923260671607,0.0838410023335654,0,normal,0,0.12149964391975604
2026-10-06 12:09:47,67.77668834919938,0.1010047081815806,0,normal,0,0.0982530382670973
2026-10-06 12:09:48,68.81837089522402,0.0998682027072274,0,normal,0,0.10518535711648136
2026-10-06 12:09:49,72.55117254250594,0.0856720024725449,0,normal,0,0.0930410426637085
2026-10-06 12:09:50,71.27050858750957,0.0675628892694134,0,normal,0,0.1292635063253832
2026-10-06 12:09:51,73.79507529349468,0.0834835287341109,0,normal,0,0.08636543987759254
2026-10-06 12:09:52,72.51084800577419,0.080580221684279,0,normal,0,0.10237459227317208
2026-10-06 12:09:53,70.59838743030224,0.0436668923525609,0,normal,0,0.11121534912334341
2026-10-06 12:09:54,72.96551729296414,0.091107845712362,0,normal,0,0.07978161122114236
2026-10-06 12:09:55,70.29094589409094,0.0970603656183514,0,normal,0,0.10454620449123314
2026-10-06 12:09:56,67.68652565355177,0.1241307654584028,0,normal,0,0.040966619140389016
2026-10-06 12:09:57,66.70160981476327,0.1097692721051464,0,normal,0,0.07303953201895447
2026-10-06 12:09:58,72.21482894542794,0.0879656019003443,0,normal,0,0.09895046232988747
2026-10-06 12:09:59,68.38394478982501,0.0458827276106135,0,normal,0,0.1114725013947308
2026-10-06 12:10:00,71.07125145544516,0.0894318448254977,0,normal,0,0.10963732372160462
2026-10-06 12:10:01,71.47943664726849,0.0698432915926865,0,normal,0,0.12623343877888565
2026-10-06 12:10:02,72.57451778806094,0.0553321241199981,0,normal,0,0.12376931487551202
2026-10-06 12:10:03,73.81104187881007,0.0989066594269125,0,normal,0,0.05485306736142409
2026-10-06 12:10:04,67.38777237748971,0.0955024531908958,0,normal,0,0.10451947934371464
2026-10-06 12:10:05,70.072419023527,0.0410442352334146,0,normal,0,0.10426713901111978
2026-10-06 12:10:06,69.86072276704093,0.0645784557976092,0,normal,0,0.13479438910181096
2026-10-06 12:10:07,71.5240732828102,0.0772431647473197,0,normal,0,0.11871558768799473
2026-10-06 12:10:08,67.90447336525428,0.1058318285900572,0,normal,0,0.09093177367011179
2026-10-06 12:10:09,67.44183260389676,0.0533897813974997,0,normal,0,0.11535430422864584
2026-10-06 12:10:10,69.77029341667905,0.1033696285091977,0,normal,0,0.09613343925414708
2026-10-06 12:10:11,68.40512049885955,0.0752887859877169,0,normal,0,0.13117523610105308
2026-10-06 12:10:12,71.10732433576932,0.0999798514420611,0,normal,0,0.09576342962053108
2026-10-06 12:10:13,73.1041940463112,0.0828337334380868,0,normal,0,0.09478739799163893
2026-10-06 12:10:14,73.56943058076288,0.08737292010901,0,normal,0,0.07912779761392258
2026-10-06 12:10:15,70.22439621578114,0.1051880424493521,0,normal,0,0.0905997655837057
2026-10-06 12:10:16,68.28830750809982,0.0397331944826898,0,normal,0,0.08874286505045537
2026-10-06 12:10:17,71.56006054931692,0.0858549764428044,0,normal,0,0.10805072642107855
2026-10-06 12:10:18,69.76189316460461,0.1066184867090013,0,normal,0,0.0935723971432893
2026-10-06 12:10:19,71.95838462047072,0.1005244702629007,0,normal,0,0.08304055010952982
2026-10-06 12:10:20,66.28583786631783,0.0442068309521733,0,normal,0,0.08031995250948659
2026-10-06 12:10:21,69.49191898244875,0.0929040743721961,0,normal,0,0.11634792772583785
2026-10-06 12:10:22,67.70331540602982,0.0932814402492639,0,normal,0,0.10998406669703248
2026-10-06 12:10:23,69.65538279496494,0.0752984077926157,0,normal,0,0.1315782344846696
2026-10-06 12:10:24,71.41339121831655,0.0473234098217535,0,normal,0,0.11967427258564128
2026-10-06 12:10:25,71.31838966594779,0.0469127482547347,0,normal,0,0.11879418458292534
2026-10-06 12:10:26,71.66703703146048,0.0923685873590674,0,normal,0,0.09753817617576699
2026-10-06 12:10:27,72.8545784240478,0.0877192147435455,0,normal,0,0.09169316673114397
2026-10-06 12:10:28,71.49096524532891,0.0982355282058211,0,normal,0,0.08959373305635154
2026-10-06 12:10:29,70.63848330647963,0.0458638819773458,0,normal,0,0.11788713175435384
2026-10-06 12:10:30,72.3278718064384,0.0711561871628136,0,normal,0,0.1194724103608561
2026-10-06 12:10:31,66.03803506967024,0.1437049397304168,0,normal,1,-0.034198414415083866
2026-10-06 12:10:32,69.877924875452,0.1065027506327049,0,normal,0,0.0946040426365698
2026-10-06 12:10:33,71.19347783979205,0.0605389311351068,0,normal,0,0.13140812488598408
2026-10-06 12:10:34,69.50627543120005,0.0873029961531508,0,normal,0,0.12424391172209825
2026-10-06 12:10:35,70.77218969858572,0.0852558744242374,0,normal,0,0.11980738814070446
2026-10-06 12:10:36,72.09682721616743,0.0386481348813891,0,normal,0,0.09625569248577004
2026-10-06 12:10:37,73.16152955411701,0.0578307819454439,0,normal,0,0.12521898938130877
2026-10-06 12:10:38,69.82823536547893,0.048094869670449,0,normal,0,0.1202278026915014
2026-10-06 12:10:39,72.64247575405062,0.1220082624169824,0,normal,0,0.019696503960682843
2026-10-06 12:10:40,75.01185912177158,0.0648841162731216,0,normal,0,0.10457970677130551
2026-10-06 12:10:41,69.26878031344962,0.0507241992382683,0,normal,0,0.12425096211811526
2026-10-06 12:10:42,70.1182342087203,0.0781435095116017,0,normal,0,0.12587021961546213
2026-10-06 12:10:43,68.5360853516145,0.0576893839036091,0,normal,0,0.1293742400573562
2026-10-06 12:10:44,67.68623735597917,0.0690509401456008,0,normal,0,0.12744042289469254
2026-10-06 12:10:45,68.769524029039,0.0941460375295868,0,normal,0,0.11546037316321195
2026-10-06 12:10:46,67.95183187225626,0.0679300243537111,0,normal,0,0.1281600303055696
2026-10-06 12:10:47,67.5773360340195,0.0725607024505823,0,normal,0,0.12521284237875047
2026-10-06 12:10:48,67.83689631494886,0.0514150999744092,0,normal,0,0.1154762828581134
2026-10-06 12:10:49,72.59594473485285,0.063936269797625,0,normal,0,0.1205364606021016
2026-10-06 12:10:50,74.42862805782512,0.1178660869514672,0,normal,0,0.00784137391013845
2026-10-06 12:10:51,74.48283588504643,0.0674500466461224,0,normal,0,0.10699153273872325
2026-10-06 12:10:52,69.98340130032602,0.0970356430087454,0,normal,0,0.10713002888795453
2026-10-06 12:10:53,68.71177463329091,0.109983116378089,0,normal,0,0.08893417808990012
2026-10-06 12:10:54,69.64829488902967,0.062457388689857,0,normal,0,0.13575612596212155
2026-10-06 12:10:55,70.46717349939587,0.0504252348355008,0,normal,0,0.12213252894161286
2026-10-06 12:10:56,68.41216621376255,0.0550431655944486,0,normal,0,0.12587901100709858
2026-10-06 12:10:57,70.87595225853212,0.0791994803387194,0,normal,0,0.12606863031393245
2026-10-06 12:10:58,70.34609689911983,0.0607201788064439,0,normal,0,0.13292004884133307
2026-10-06 12:10:59,69.82180914581195,0.0627378266664006,0,normal,0,0.13426224355236027
2026-10-06 12:11:00,68.72839568950147,0.083208209080957,0,normal,0,0.12769626161277486
2026-10-06 12:11:01,70.26390040677904,0.0709974530762301,0,normal,0,0.13126558844683217
2026-10-06 12:11:02,73.88097040966073,0.0850988526482439,0,normal,0,0.08423105057991126
2026-10-06 12:11:03,70.87938602965775,0.0656739200658876,0,normal,0,0.13180041225830486
2026-10-06 12:11:04,70.91922635660141,0.0674804912605152,0,normal,0,0.13134369964257797
2026-10-06 12:11:05,69.05178286836394,0.0704569997950837,0,normal,0,0.13375525219003953
2026-10-06 12:11:06,71.71167539778646,0.094337791052329,0,normal,0,0.09261478988582511
2026-10-06 12:11:07,69.21165336331269,0.0543173950869628,0,normal,0,0.13033143070846126
2026-10-06 12:11:08,69.05260349281188,0.1135047486045337,0,normal,0,0.07986418878637525
2026-10-06 12:11:09,66.00744870728478,0.0842231468282765,0,normal,0,0.10040446532344555
2026-10-06 12:11:10,68.00362676932905,0.1257765999510009,0,normal,0,0.034615112179880114
2026-10-06 12:11:11,67.49545216730856,0.1122239304916865,0,normal,0,0.07608103875005823
2026-10-06 12:11:12,70.34924675319316,0.082067622600892,0,normal,0,0.12409139221094129
2026-10-06 12:11:13,73.35549073226417,0.0468600655385703,0,normal,0,0.11252960169428772
2026-10-06 12:11:14,69.59868141947221,0.1020409648455686,0,normal,0,0.10124577165976473
2026-10-06 12:11:15,69.05195741821649,0.049895955649362,0,normal,0,0.12248515733932519
2026-10-06 12:11:16,71.54131737532809,0.0627483346058721,0,normal,0,0.12862201424375308
2026-10-06 12:11:17,71.93483081159508,0.0389500421212276,0,normal,0,0.0958870040329231
2026-10-06 12:11:18,69.27739459900127,0.0832759714824708,0,normal,0,0.1259638383579702
2026-10-06 12:11:19,68.7239273463683,0.1243928134673378,0,normal,0,0.047060365745419164
2026-10-06 12:11:20,69.15995712483166,0.0247521849482399,0,normal,0,0.029829315750452612
2026-10-06 12:11:21,68.41428454477845,0.0514915710748945,0,normal,0,0.1215095487265862
2026-10-06 12:11:22,69.31548431060465,0.0902148881600545,0,normal,0,0.11862908695672564
2026-10-06 12:11:23,67.80101211930206,0.0717181709362868,0,normal,0,0.12767536010593716
2026-10-06 12:11:24,68.64744996967798,0.0848718003279447,0,normal,0,0.12471510918566353
2026-10-06 12:11:25,70.82268990695377,0.0919996034390531,0,normal,0,0.10978055776808793
2026-10-06 12:11:26,72.74084116804717,0.0539462175746957,0,normal,0,0.1254409365053326
2026-10-06 12:11:27,72.43232910625363,0.0429222312185934,0,normal,0,0.1049668116016852
2026-10-06 12:11:28,71.05246911022017,0.0273969260925622,0,normal,0,0.04346895470422846
2026-10-06 12:11:29,71.42220529305555,0.0610064659020639,0,normal,0,0.13030366524329762
2026-10-06 12:11:30,68.9732884797853,0.0898830381332894,0,normal,0,0.11984812089931546
2026-10-06 12:11:31,69.0853325118326,0.0725554086588318,0,normal,0,0.13292046421104758
2026-10-06 12:11:32,66.4629529147569,0.0758698150756318,0,normal,0,0.11424121338216137
2026-10-06 12:11:33,66.48189063913567,0.0873195371787409,0,normal,0,0.10505781953062476
2026-10-06 12:11:34,64.47655424569092,0.0946654391773093,0,normal,0,0.04640897321891463
2026-10-06 12:11:35,71.60358926616522,0.0896066313227166,0,normal,0,0.09893096793637368
2026-10-06 12:11:36,71.0338811243776,0.0893836771474444,0,normal,0,0.1102725222472889
2026-10-06 12:11:37,71.93808114446162,0.131541768417083,0,normal,1,-0.004979596887641602
2026-10-06 12:11:38,72.34812799212708,0.0832697401311917,0,normal,0,0.10158300972578216
2026-10-06 12:11:39,72.07308725921766,0.0698882048650638,0,normal,0,0.12222810348196889
2026-10-06 12:11:40,71.58454467963,0.0993645787454434,0,normal,0,0.08991155956855051
2026-10-06 12:11:41,70.13128822181989,0.1060126370855025,0,normal,0,0.09171679603715072
2026-10-06 12:11:42,70.90064420230043,0.0877921500720882,0,normal,0,0.11502615358747464
2026-10-06 12:11:43,69.31916213768939,0.0570942004024965,0,normal,0,0.13355747565717951
2026-10-06 12:11:44,68.4070440517447,0.0590871021251557,0,normal,0,0.1280244090161498
2026-10-06 12:11:45,68.05697489382744,0.0933465791026582,0,normal,0,0.11341478834291824
2026-10-06 12:11:46,67.60001966435942,0.0628144763865447,0,normal,0,0.12549465885552152
2026-10-06 12:11:47,69.33068573476164,0.083192909784735,0,normal,0,0.12597831520126168
2026-10-06 12:11:48,68.15162034433021,0.0598020411943652,0,normal,0,0.13031091898579328
2026-10-06 12:11:49,69.38101325716549,0.060361636605686,0,normal,0,0.13331531988579953
2026-10-06 12:11:50,71.79867050572085,0.1129815266805948,0,normal,0,0.05909237188940236
2026-10-06 12:11:51,73.92557928562252,0.1084672897777888,0,normal,0,0.035888404265960405
2026-10-06 12:11:52,71.57396804419929,0.0713661591245598,0,normal,0,0.12387120584582662
2026-10-06 12:11:53,70.58808948202969,0.0797895218831494,0,normal,0,0.12576269501226717
2026-10-06 12:11:54,71.01233343567505,0.0997815954749609,0,normal,0,0.09616389961431798
2026-10-06 12:11:55,70.85914008515968,0.072448068331567,0,normal,0,0.13200316755928504
2026-10-06 12:11:56,71.05856359228865,0.0919725359536614,0,normal,0,0.10708398962013327
2026-10-06 12:11:57,68.77429526239803,0.0544526746892839,0,normal,0,0.1304523849752639
2026-10-06 12:11:58,70.75061366904687,0.0589602959702859,0,normal,0,0.12983130228965328
2026-10-06 12:11:59,68.73615640951103,0.049905595153094,0,normal,0,0.12225233646248057
2026-10-06 12:12:00,67.46624939015368,0.0640118606017808,0,normal,0,0.12327146866434541
2026-10-06 12:12:01,73.3014966860929,0.0611544728351922,0,normal,0,0.12198675081785837
2026-10-06 12:12:02,72.52396263080209,0.1346186010960538,0,normal,1,-0.017928182828329864
2026-10-06 12:12:03,71.3969193443395,0.058046062095144,0,normal,0,0.13118762128950667
2026-10-06 12:12:04,71.6047014232417,0.045263739054714,0,normal,0,0.11612998667396313
2026-10-06 12:12:05,72.62606747850488,0.1097150248631515,0,normal,0,0.05420034383694278
2026-10-06 12:12:06,70.63601939134436,0.0273566754663448,0,normal,0,0.04489907018418826
2026-10-06 12:12:07,66.84686608614936,0.0690471645461988,0,normal,0,0.11521072476924338
2026-10-06 12:12:08,70.36338552796809,0.0786004030085947,0,normal,0,0.1276466086736603
2026-10-06 12:12:09,70.9638398827501,0.0817762628886144,0,normal,0,0.12035054232664688
2026-10-06 12:12:10,70.96607653278026,0.0701254611859061,0,normal,0,0.1297109464247339
2026-10-06 12:12:11,70.283355359665,0.0817277451877026,0,normal,0,0.12247908878716018
2026-10-06 12:12:12,71.35094852372295,0.07672199809176,0,normal,0,0.12111293159125652
2026-10-06 12:12:13,70.0959770487147,0.0977292693305693,0,normal,0,0.10352955987443618
2026-10-06 12:12:14,72.32589990224486,0.0855281301912857,0,normal,0,0.09978612467832504
2026-10-06 12:12:15,71.28990127729308,0.1151226947438215,0,normal,0,0.06028611467925604
2026-10-06 12:12:16,69.75388840173919,0.0714446807221391,0,normal,0,0.13211866166049252
2026-10-06 12:12:17,69.75322475758512,0.0897824485868078,0,normal,0,0.11620218294091339
2026-10-06 12:12:18,69.64891269757698,0.0725901812604492,0,normal,0,0.133471721658735
2026-10-06 12:12:19,69.8463111668836,0.0688035194787652,0,normal,0,0.13267447803533722
2026-10-06 12:12:20,69.11670391387234,0.0788652472683888,0,normal,0,0.12767230162822862
2026-10-06 12:12:21,71.12771450120977,0.0924057498537785,0,normal,0,0.10665333069856447
2026-10-06 12:12:22,67.55435508037996,0.1004905218148565,0,normal,0,0.09714678200408539
2026-10-06 12:12:23,72.25412585893156,0.0855988458379372,0,normal,0,0.10091387860713957
2026-10-06 12:12:24,71.35961353614773,0.1208138865827279,0,normal,0,0.0429624729245629
2026-10-06 12:12:25,70.6474924263767,0.0899833766971262,0,normal,0,0.11030619149600579
2026-10-06 12:12:26,69.55234035209824,0.0707208416097757,0,normal,0,0.13442364698265252
2026-10-06 12:12:27,72.9801788963437,0.0970963548616256,0,normal,0,0.07192075043489882
2026-10-06 12:12:28,69.53842161808569,0.0980774161069795,0,normal,0,0.10705907942052839
2026-10-06 12:12:29,73.47068750392819,0.0785215984922557,0,normal,0,0.0980674604523809
2026-10-06 12:12:30,69.0,0.05487553221454,1,dropout,0,0.1306133111794005
2026-10-06 12:12:31,69.0,0.0550422824983954,1,dropout,0,0.12958533978896186
2026-10-06 12:12:32,69.0,0.0464007432967101,1,dropout,0,0.11504738171057255
2026-10-06 12:12:33,69.0,0.0535841115636121,1,dropout,0,0.12928534611219133
2026-10-06 12:12:34,69.0,0.0408559827857415,1,dropout,0,0.1022108446568814
2026-10-06 12:12:35,69.0,0.0443671758561181,1,dropout,0,0.11077347815676214
2026-10-06 12:12:36,69.0,0.0612426185377208,1,dropout,0,0.13334666867332218
2026-10-06 12:12:37,69.0,0.0367943650322818,1,dropout,0,0.08815662777672362
2026-10-06 12:12:38,69.0,0.0338531712231508,1,dropout,0,0.07201798530443915
2026-10-06 12:12:39,69.0,0.0576969948570582,1,dropout,0,0.13297840175081166
2026-10-06 12:12:40,69.0,0.0466650859490502,1,dropout,0,0.11538655104996448
2026-10-06 12:12:41,69.0,0.0349571825941329,1,dropout,0,0.07777456044633435
2026-10-06 12:12:42,69.0,0.0464165541178583,1,dropout,0,0.11498547156385347
2026-10-06 12:12:43,69.0,0.0650966596214988,1,dropout,0,0.1341136822638161
2026-10-06 12:12:44,69.0,0.0525171262201472,1,dropout,0,0.1282564746478142
2026-10-06 12:12:45,71.15913426344432,0.0867181362335329,0,normal,0,0.11345160676601002
2026-10-06 12:12:46,66.30220636840626,0.1489746819208809,0,normal,1,-0.040454741877534506
2026-10-06 12:12:47,69.68135745084383,0.0609516801910585,0,normal,0,0.13495062723698803
2026-10-06 12:12:48,72.58241743668421,0.1108924626231963,0,normal,0,0.05012632670732897
2026-10-06 12:12:49,72.19665102153162,0.0735524193720165,0,normal,0,0.12084745778769002
2026-10-06 12:12:50,73.72151479081546,0.0603958414539913,0,normal,0,0.11936561673989171
2026-10-06 12:12:51,70.39608794730222,0.0953705508075759,0,normal,0,0.11039004195241792
2026-10-06 12:12:52,72.169263761973,0.0841731278872088,0,normal,0,0.10278608928031857
2026-10-06 12:12:53,69.90597371548103,0.0982535221312255,0,normal,0,0.10739930934999425
2026-10-06 12:12:54,71.17742348887495,0.0590115405043683,0,normal,0,0.13042229118410686
2026-10-06 12:12:55,68.80877788789485,0.0580823641345122,0,normal,0,0.13176030847930514
2026-10-06 12:12:56,69.98411285571706,0.0876526120298955,0,normal,0,0.11964895437315304
2026-10-06 12:12:57,69.26012877945928,0.0851444072303753,0,normal,0,0.12411721499660289
2026-10-06 12:12:58,69.10331846847333,0.071868607697722,0,normal,0,0.13259993575585366
2026-10-06 12:12:59,68.30526342833008,0.0240322031160813,0,normal,0,0.014896847827810145
2026-10-06 12:13:00,69.40971811297143,0.1034335837823299,0,normal,0,0.09836738786474802
2026-10-06 12:13:01,70.10015572708988,0.1459089303597245,0,normal,1,-0.020661312637672236
2026-10-06 12:13:02,70.94698252716292,0.1159708438354915,0,normal,0,0.0594805922125175
2026-10-06 12:13:03,71.37976152750836,0.06435285626312,0,normal,0,0.1284967488073348
2026-10-06 12:13:04,72.14183138845783,0.0807444972756418,0,normal,0,0.10770070774452922
2026-10-06 12:13:05,70.1061211191582,0.0815172854499092,0,normal,0,0.1228079624876231
2026-10-06 12:13:06,71.79739226668931,0.0514527265723299,0,normal,0,0.12301392981363518
2026-10-06 12:13:07,69.8389034858997,0.1085103227918553,0,normal,0,0.09014543967146438
2026-10-06 12:13:08,69.02682668166553,0.0816411392639539,0,normal,0,0.12729084365019266
2026-10-06 12:13:09,68.12910246420451,0.107337710989515,0,normal,0,0.09115796856531283
2026-10-06 12:13:10,69.62437086546386,0.0736557775484596,0,normal,0,0.13126776289573988
2026-10-06 12:13:11,71.38981127743307,0.0612294051093308,0,normal,0,0.1298429266575713
2026-10-06 12:13:12,71.48938197034138,0.0616489947768946,0,normal,0,0.12932295464963084
2026-10-06 12:13:13,71.95770677446876,0.0765492308712224,0,normal,0,0.11858250707998069
2026-10-06 12:13:14,71.45858473296875,0.0350862556031847,0,normal,0,0.08279030408926358
2026-10-06 12:13:15,70.71047029387285,0.0362426282429728,0,normal,0,0.09056314919547798
2026-10-06 12:13:16,71.27868161361525,0.102709094222549,0,normal,0,0.08505570455945666
2026-10-06 12:13:17,68.18594454321533,0.066719793495806,0,normal,0,0.13337262715519854
2026-10-06 12:13:18,70.82320913627372,0.0725833022263736,0,normal,0,0.13192862307574277
2026-10-06 12:13:19,71.7786846530224,0.0979790961434804,0,normal,0,0.08857216620927316
2026-10-06 12:13:20,71.2394475928095,0.0669831358130761,0,normal,0,0.1298950116768176
2026-10-06 12:13:21,67.48505640364874,0.0599846216207178,0,normal,0,0.12114004739171574
2026-10-06 12:13:22,70.47382946444029,0.08278963322351,0,normal,0,0.12210294218533385
2026-10-06 12:13:23,69.91528375572051,0.0686242523254694,0,normal,0,0.13179536068897174
2026-10-06 12:13:24,70.00609655975087,0.0838571582918645,0,normal,0,0.12202471757673317
2026-10-06 12:13:25,69.12073994424097,0.1016021132673454,0,normal,0,0.1031898573909239
2026-10-06 12:13:26,69.30342030916299,0.1064699985194699,0,normal,0,0.09616952473857843
2026-10-06 12:13:27,73.5071839857069,0.0850390056416863,0,normal,0,0.08520048790261786
2026-10-06 12:13:28,70.52204057714212,0.0657264489491972,0,normal,0,0.1321081318544164
2026-10-06 12:13:29,71.25443768964516,0.0429185066522848,0,normal,0,0.10934169540597255
2026-10-06 12:13:30,70.21048205810547,0.0977108185591369,0,normal,0,0.1026262288438704
2026-10-06 12:13:31,68.14584120052632,0.0949688267014469,0,normal,0,0.11274995916442798
2026-10-06 12:13:32,69.51494386901908,0.0562968320787027,0,normal,0,0.13341249016269263
2026-10-06 12:13:33,68.84657758491188,0.0389598088651821,0,normal,0,0.09110280028195822
2026-10-06 12:13:34,70.87964012329294,0.0496438594759784,0,normal,0,0.12394533595783863
2026-10-06 12:13:35,71.20768303387982,0.0801536157134872,0,normal,0,0.11871891812396695
2026-10-06 12:13:36,70.81321413780405,0.0770756406052086,0,normal,0,0.12687427703160298
2026-10-06 12:13:37,73.06345412403729,0.0950895628761783,0,normal,0,0.07516746344162101
2026-10-06 12:13:38,72.25355060363849,0.0924370436339383,0,normal,0,0.08848501929063324
2026-10-06 12:13:39,73.89250079130034,0.0636502904220137,0,normal,0,0.11646478904905072
2026-10-06 12:13:40,69.51289896732501,0.0781056982921191,0,normal,0,0.12889596112756613
2026-10-06 12:13:41,70.18846560661461,0.0683393398313153,0,normal,0,0.1318087338755225
2026-10-06 12:13:42,68.99623883773648,0.1098973959161836,0,normal,0,0.09114324730573886
2026-10-06 12:13:43,69.9350208273381,0.0920446535058111,0,normal,0,0.1153376413700769
2026-10-06 12:13:44,68.01932125029036,0.0390347303945116,0,normal,0,0.08392813910510949
2026-10-06 12:13:45,70.699748643536,0.0611047504213182,0,normal,0,0.1327640856548118
2026-10-06 12:13:46,69.74633086391819,0.0711782469899574,0,normal,0,0.13287289520905332
2026-10-06 12:13:47,70.70501183974628,0.11762915618404,0,normal,0,0.05838548804177329
2026-10-06 12:13:48,71.99366734389969,0.1221672325081352,0,normal,0,0.029450085565509376
2026-10-06 12:13:49,70.07884882334531,0.0452112606601693,0,normal,0,0.11523490023698729
2026-10-06 12:13:50,70.86343561197059,0.0722960894983992,0,normal,0,0.13200316755928504
2026-10-06 12:13:51,75.18783887040755,0.0420796510774222,0,normal,0,0.08947058799748747
2026-10-06 12:13:52,74.85603420974604,0.0732331254298879,0,normal,0,0.09520781294874964
2026-10-06 12:13:53,68.52522355589713,0.0970231584171021,0,normal,0,0.1090107628284801
2026-10-06 12:13:54,68.13860929495037,0.08117314820583,0,normal,0,0.12621180983357894
2026-10-06 12:13:55,68.88106338492656,0.0727597848380645,0,normal,0,0.13334822303908767
2026-10-06 12:13:56,71.593621341391,0.0878566703866163,0,normal,0,0.10673434131503934
2026-10-06 12:13:57,66.71643715773378,0.1012232888910835,0,normal,0,0.08548298049472347
2026-10-06 12:13:58,67.4877420925953,0.077931901363315,0,normal,0,0.11778612113864773
2026-10-06 12:13:59,67.4451338452104,0.0710177356482412,0,normal,0,0.1237954094683244
2026-10-06 12:14:00,70.62026291734475,0.0500814062461483,0,normal,0,0.12299644781197955
2026-10-06 12:14:01,72.06363924048073,0.1045128207509518,0,normal,0,0.07118842048997259
2026-10-06 12:14:02,72.07329444827313,0.0467192437034645,0,normal,0,0.11697861931137737
2026-10-06 12:14:03,71.09594717773757,0.075207411772828,0,normal,0,0.12857257784509896
2026-10-06 12:14:04,72.4268532658409,0.0941753830747228,0,normal,0,0.08166556344645304
2026-10-06 12:14:05,72.44354755699216,0.0873412577836301,0,normal,0,0.09472885618145965
2026-10-06 12:14:06,69.46232139427391,0.0713195695483593,0,normal,0,0.13331724911596698
2026-10-06 12:14:07,67.9748095462751,0.0357847084320592,0,normal,0,0.07031406395453393
2026-10-06 12:14:08,69.13474618977861,0.1165253149633433,0,normal,0,0.06747232944386544
2026-10-06 12:14:09,67.4653294203971,0.0637049948540663,0,normal,0,0.12333488202571402
2026-10-06 12:14:10,71.52553106798769,0.104071163191981,0,normal,0,0.0798976453907515
2026-10-06 12:14:11,69.27845113411628,0.0456694431447555,0,normal,0,0.11615356610860705
2026-10-06 12:14:12,73.2380392236395,0.0882936241962587,0,normal,0,0.08735373487157694
2026-10-06 12:14:13,68.96288370544809,0.06685178998328,0,normal,0,0.13548191399810433
2026-10-06 12:14:14,70.62026059359256,0.0733979750216168,0,normal,0,0.13094090169789901
2026-10-06 12:14:15,70.89182502101431,0.0923379088802843,0,normal,0,0.10751510694473765
2026-10-06 12:14:16,71.55843517729821,0.1028041820252636,0,normal,0,0.08106667054219369
2026-10-06 12:14:17,70.70733344268439,0.0850443492105128,0,normal,0,0.1207428223271309
2026-10-06 12:14:18,70.17895699619629,0.0900692171356816,0,normal,0,0.11103425738100747
2026-10-06 12:14:19,70.61715756203402,0.0707593460419113,0,normal,0,0.13168574320520876
2026-10-06 12:14:20,69.37709853781136,0.0781482062323745,0,normal,0,0.1288856644772765
2026-10-06 12:14:21,69.94272630145718,0.0664196824662276,0,normal,0,0.1331273196421882
2026-10-06 12:14:22,68.57268110724968,0.1105234376497392,0,normal,0,0.08818518682997745
2026-10-06 12:14:23,68.06539706757151,0.066356638971239,0,normal,0,0.13137774108930977
2026-10-06 12:14:24,69.26285462404132,0.0710260158290769,0,normal,0,0.1333655335511646
2026-10-06 12:14:25,70.69541448843101,0.0774548649821201,0,normal,0,0.12691717191770363
2026-10-06 12:14:26,72.21218634632231,0.0521989383431775,0,normal,0,0.12496930639369147
2026-10-06 12:14:27,70.62404306468741,0.0465009787109327,0,normal,0,0.11761712054022933
2026-10-06 12:14:28,69.47345237110565,0.1047818071878012,0,normal,0,0.09668190396699544
2026-10-06 12:14:29,71.2454609949535,0.1062332317820172,0,normal,0,0.08374423338948228
2026-10-06 12:14:30,70.3342066258916,0.0566446816885392,0,normal,0,0.1304851006775093
2026-10-06 12:14:31,69.23512821797532,0.0377420037819339,0,normal,0,0.09357821212824036
2026-10-06 12:14:32,70.73563740178113,0.0762868245544532,0,normal,0,0.12868110578662578
2026-10-06 12:14:33,69.0527592104543,0.1072122790342517,0,normal,0,0.09576910869300892
2026-10-06 12:14:34,68.41035195336588,0.1074848185633845,0,normal,0,0.09096463289414092
2026-10-06 12:14:35,70.56797608705524,0.0919904934162667,0,normal,0,0.11125988491403871
2026-10-06 12:14:36,70.47623411559984,0.0790411887518617,0,normal,0,0.12614199973095624
2026-10-06 12:14:37,71.89724463127823,0.0984980626859197,0,normal,0,0.08601153033981751
2026-10-06 12:14:38,72.27747471236574,0.078056689080433,0,normal,0,0.11174898203323336
2026-10-06 12:14:39,72.03661165040016,0.0650246690059449,0,normal,0,0.12574503107876167
2026-10-06 12:14:40,73.19354685063982,0.0895656358074592,0,normal,0,0.07963816444755001
2026-10-06 12:14:41,71.84974257925498,0.1148827337455832,0,normal,0,0.05223544321444756
2026-10-06 12:14:42,69.53599726364676,0.0929025319400421,0,normal,0,0.11601143052741725
2026-10-06 12:14:43,70.69639223001546,0.123200716333525,0,normal,0,0.042486832115624984
2026-10-06 12:14:44,68.19815417876994,0.1143494906417936,0,normal,0,0.07400694594308938
2026-10-06 12:14:45,67.46984538563787,0.0938562865203674,0,normal,0,0.10605748823051098
2026-10-06 12:14:46,67.30048690010135,0.1095564296795648,0,normal,0,0.0781116078473944
2026-10-06 12:14:47,69.45959331454593,0.0795045135569968,0,normal,0,0.12852996915640447
2026-10-06 12:14:48,69.68993847877275,0.0937348338760675,0,normal,0,0.11459531921792737
2026-10-06 12:14:49,69.49088502792036,0.0801592741522698,0,normal,0,0.12722953550816396
2026-10-06 12:14:50,73.35592863408728,0.0722258125612756,0,normal,0,0.11114421345442005
2026-10-06 12:14:51,74.02126146453223,0.0928468211011015,0,normal,0,0.06344936549110791
2026-10-06 12:14:52,73.61187751019668,0.0888793624266859,0,normal,0,0.07731607489345826
2026-10-06 12:14:53,70.29292787855486,0.0804417982049519,0,normal,0,0.12433725098025372
2026-10-06 12:14:54,68.17260218696576,0.0943495756433868,0,normal,0,0.11255038995091143
2026-10-06 12:14:55,72.55981904738249,0.091948782741794,0,normal,0,0.08185376662338151
2026-10-06 12:14:56,70.60353788944374,0.0405703119431733,0,normal,0,0.10397750675716888
2026-10-06 12:14:57,70.47138666508333,0.0818458058254817,0,normal,0,0.12196500472825134
2026-10-06 12:14:58,68.22791816757102,0.0726259092366707,0,normal,0,0.1331240956770774
2026-10-06 12:14:59,70.23541844140307,0.0555308723961108,0,normal,0,0.12856184345968918
2026-10-06 12:15:00,85.14623739948188,0.736640157958984,0,normal,1,-0.08939856847299832
2026-10-06 12:15:01,91.3589897453777,0.6491936259411609,0,normal,0,0.0027490894022427215
2026-10-06 12:15:02,94.36625140958122,0.7597752638305904,0,normal,1,-0.018841146944822085
2026-10-06 12:15:03,87.19676951029716,0.7400479456736683,0,normal,1,-0.04011050604112376
2026-10-06 12:15:04,89.65139157557063,0.7024602059500266,0,normal,1,-0.003685353219472831
2026-10-06 12:15:05,92.83637312528307,0.8029869761049596,0,normal,1,-0.00727662531506279
2026-10-06 12:15:06,87.74225468511982,0.6074856101797197,0,normal,1,-0.052832515605054975
2026-10-06 12:15:07,93.43124357582028,0.7906230346722498,0,normal,1,-0.009445990011614946
2026-10-06 12:15:08,91.62596563817551,0.5803639100806841,0,normal,1,-0.025655608427020415
2026-10-06 12:15:09,87.61264243597776,0.3648272611880516,0,normal,1,-0.10160433606974073
2026-10-06 12:15:10,90.62092098719208,0.7329715687352083,0,normal,0,0.004877560098129896
2026-10-06 12:15:11,92.69455482044248,0.8378801060611385,0,normal,1,-0.01171585354082727
2026-10-06 12:15:12,86.70555844636492,0.7817249316128848,0,normal,1,-0.06137054992734692
2026-10-06 12:15:13,90.327398400495,0.4088004258061146,0,normal,1,-0.09111310104630188
2026-10-06 12:15:14,96.47193009163637,0.6672559249442188,0,normal,1,-0.06257080735622511
2026-10-06 12:15:15,90.90113935024772,0.6156479256584388,0,normal,1,-0.011917661641227095
2026-10-06 12:15:16,87.03283836645596,0.7911435829074176,0,normal,1,-0.053359760886263485
2026-10-06 12:15:17,90.75798829363924,0.5270965245035005,0,normal,1,-0.04061720539683522
2026-10-06 12:15:18,90.93575143796932,0.7942945124020074,0,normal,1,-0.001921244570421199
2026-10-06 12:15:19,91.08637163740136,1.0144590866422647,0,normal,1,-0.09960019487350336
2026-10-06 12:15:20,93.70275051348762,0.905345568928471,0,normal,1,-0.04915319123852169
2026-10-06 12:15:21,91.89342110874196,0.9043667051774572,0,normal,1,-0.0315359509492249
2026-10-06 12:15:22,86.95487798267902,0.7116133495806989,0,normal,1,-0.04898911369520953
2026-10-06 12:15:23,87.16786259226458,0.7481969684208262,0,normal,1,-0.04431618034245388
2026-10-06 12:15:24,91.5941940398638,0.8381477813454276,0,normal,1,-0.006907048377755465
2026-10-06 12:15:25,88.58343235733545,0.815055117113573,0,normal,1,-0.025519656591174056
2026-10-06 12:15:26,92.28085318660268,0.8774984890381623,0,normal,1,-0.029532321726956634
2026-10-06 12:15:27,92.18370181423548,0.9118663998348288,0,normal,1,-0.03976760016826253
2026-10-06 12:15:28,92.2711876316901,0.8934572126628498,0,normal,1,-0.031174423514731098
2026-10-06 12:15:29,89.8745182422022,0.7599528685865472,0,normal,1,-0.011568409704084015
2026-10-06 12:15:30,90.87396803326924,0.8099973967372489,0,normal,1,-0.004296898293901119
2026-10-06 12:15:31,90.37665998850892,0.9094792494279732,0,normal,1,-0.04144429477731304
2026-10-06 12:15:32,87.25017553283936,0.952249779833289,0,normal,1,-0.09783717632699274
2026-10-06 12:15:33,89.47019333327141,0.6761152685870289,0,normal,1,-0.006702287190118894
2026-10-06 12:15:34,91.52701736820492,0.8694867586239504,0,normal,1,-0.020607420240379537
2026-10-06 12:15:35,92.90222033489276,0.9924725874368068,0,normal,1,-0.09714686519729898
2026-10-06 12:15:36,95.841071810497,0.7594567933975621,0,normal,1,-0.04398523784032227
2026-10-06 12:15:37,92.61152576008568,0.7866280300485486,0,normal,1,-0.003698610529170532
2026-10-06 12:15:38,92.86986426104868,0.8296984685364632,0,normal,1,-0.012455440115124672
2026-10-06 12:15:39,93.258727866688,0.9656765390669414,0,normal,1,-0.07658545779297388
2026-10-06 12:15:40,95.08996758865467,0.9589107887726388,0,normal,1,-0.09576214164827201
2026-10-06 12:15:41,90.04745331735543,0.6852526083285119,0,normal,1,-0.0018076341414979824
2026-10-06 12:15:42,86.96935593658007,0.9374288757764462,0,normal,1,-0.10063304749548563
2026-10-06 12:15:43,91.3938552045833,0.8260558374833885,0,normal,1,-0.0007573962070368534
2026-10-06 12:15:44,89.01805072961865,0.5432553495956147,0,normal,1,-0.049162404976029084
2026-10-06 12:15:45,87.16801740686009,0.6975108526691294,0,normal,1,-0.04068443687922074
2026-10-06 12:15:46,85.01329159737703,0.8120953990603934,0,normal,1,-0.10502251288998787
2026-10-06 12:15:47,89.02644239068461,0.6660234019220819,0,normal,1,-0.01648294860140831
2026-10-06 12:15:48,90.52599680191015,1.0518540458026313,0,normal,1,-0.12776760723838299
2026-10-06 12:15:49,94.38555056461398,0.801830672276837,0,normal,1,-0.022335686137320843
2026-10-06 12:15:50,92.8291966342784,0.3641450881814692,0,normal,1,-0.1035130049884343
2026-10-06 12:15:51,92.4153851967309,0.4160871298393522,0,normal,1,-0.09024106800075793
2026-10-06 12:15:52,93.06016160496355,0.7685217838956011,0,normal,1,-0.0035498363170149982
2026-10-06 12:15:53,94.532101392448,0.6191169990530734,0,normal,1,-0.03620006374226725
2026-10-06 12:15:54,92.77096268526824,0.6112012018815036,0,normal,1,-0.016419777449520723
2026-10-06 12:15:55,90.50266832771464,0.6015628600478926,0,normal,1,-0.019114101409479112
2026-10-06 12:15:56,90.41011297487388,0.8449588077665855,0,normal,1,-0.01786675653404246
2026-10-06 12:15:57,95.80884175030182,0.8338150726631832,0,normal,1,-0.05256296528226878
2026-10-06 12:15:58,90.45675080917373,0.8811085496420781,0,normal,1,-0.03276146103208999
2026-10-06 12:15:59,92.7795415655394,0.6369494559763977,0,normal,1,-0.0086752016550522
2026-10-06 12:16:00,92.5520990867253,0.9521696349730092,0,normal,1,-0.06382600925613102
2026-10-06 12:16:01,92.93117388993409,0.746075579973149,0,normal,1,-0.002220346648042937
2026-10-06 12:16:02,97.04026148157536,0.7284769025517349,0,normal,1,-0.07111603211019979
2026-10-06 12:16:03,90.7799813938274,0.8617104312400764,0,normal,1,-0.01653187860100469
2026-10-06 12:16:04,95.4110765141353,0.8995326098221845,0,normal,1,-0.07331474119437997
2026-10-06 12:16:05,93.98276012292152,0.7673820078624185,0,normal,1,-0.009784834449213964
2026-10-06 12:16:06,92.20351514849592,0.486661660224656,0,normal,1,-0.062065175269652495
2026-10-06 12:16:07,86.62871696448991,0.8660667271800522,0,normal,1,-0.08866142573600178
2026-10-06 12:16:08,94.10119625523016,0.779254403956024,0,normal,1,-0.01012934298795043
2026-10-06 12:16:09,89.77317619005917,0.7570895254145211,0,normal,1,-0.013167831154412335
2026-10-06 12:16:10,87.05657569472925,0.5820568639520941,0,normal,1,-0.0717218435395014
2026-10-06 12:16:11,88.43170051515199,0.6902713580023996,0,normal,1,-0.017462844494834595
2026-10-06 12:16:12,84.87379773852425,0.7689529256568015,0,normal,1,-0.10083995497348064
2026-10-06 12:16:13,92.59939110744584,1.088119454042272,0,normal,1,-0.1523509799689564
2026-10-06 12:16:14,91.09266215760825,0.8856376655018565,0,normal,1,-0.029009584738680982
2026-10-06 12:16:15,90.65980650755296,0.7084864530597026,0,normal,0,0.008699594230058227
2026-10-06 12:16:16,84.79658191526623,0.6765621364675946,0,normal,1,-0.09289738683764548
2026-10-06 12:16:17,92.53450506762783,0.899980424551928,0,normal,1,-0.03511509396385881
2026-10-06 12:16:18,91.69765235699712,0.671838494300736,0,normal,0,0.005370032702574246
2026-10-06 12:16:19,96.65175989687256,0.7846374645856783,0,normal,1,-0.06665510043684708
2026-10-06 12:16:20,87.40396473360386,0.7241954379556607,0,normal,1,-0.03872622440580209
2026-10-06 12:16:21,85.39257323237959,0.8220085541526609,0,normal,1,-0.0958063674763241
2026-10-06 12:16:22,93.66865977540772,0.4527466831111659,0,normal,1,-0.09160187905646888
2026-10-06 12:16:23,91.51843041077608,0.8266259194331196,0,normal,1,-0.000999340916777558
2026-10-06 12:16:24,92.2913978014748,1.0863337407620277,0,normal,1,-0.1461359919801155
2026-10-06 12:16:25,93.64370608990234,1.0465637508343173,0,normal,1,-0.13378559085513808
2026-10-06 12:16:26,92.6052704347407,0.6653637700872778,0,normal,1,-0.002947459039879141
2026-10-06 12:16:27,91.486010726564,0.8684613865777796,0,normal,1,-0.019457864107947476
2026-10-06 12:16:28,92.67669066942535,0.7241502307655365,0,normal,0,0.0037626932561687365
2026-10-06 12:16:29,94.92303770266926,0.6867461846071355,0,normal,1,-0.022910619408080146
2026-10-06 12:16:30,95.7306031867042,0.7316248251251213,0,normal,1,-0.034609044929723276
2026-10-06 12:16:31,95.8942904356212,0.7249236779058108,0,normal,1,-0.0375341061260287
2026-10-06 12:16:32,89.93318596770034,0.677326906381164,0,normal,1,-0.004695498446704471
2026-10-06 12:16:33,91.65907684314791,0.8894843206384696,0,normal,1,-0.026119431997072784
2026-10-06 12:16:34,89.4234785141193,0.8684426002546095,0,normal,1,-0.039825216246664574
2026-10-06 12:16:35,88.92398691380792,0.6271378357770547,0,normal,1,-0.027884909531992075
2026-10-06 12:16:36,90.83460655482514,0.5523829297535587,0,normal,1,-0.03153952682748562
2026-10-06 12:16:37,94.54041881685411,0.8101542553344461,0,normal,1,-0.023746334352610643
2026-10-06 12:16:38,93.47738460645262,0.7825830296287466,0,normal,1,-0.007625165841704917
2026-10-06 12:16:39,93.11597270534544,0.5858187076715349,0,normal,1,-0.03150535160424717
2026-10-06 12:16:40,95.58945933957168,0.6232279654293885,0,normal,1,-0.05388429824950225
2026-10-06 12:16:41,89.04426871153967,0.7782483943749123,0,normal,1,-0.016689510532888585
2026-10-06 12:16:42,94.36607036963338,0.7910507948842178,0,normal,1,-0.02018389810199217
2026-10-06 12:16:43,91.81677840924306,0.4559861231908087,0,normal,1,-0.0748312798348717
2026-10-06 12:16:44,88.42506852971165,0.7802850894793039,0,normal,1,-0.02634098632346038
2026-10-06 12:16:45,92.2851196810258,0.6056141640891299,0,normal,1,-0.017002389205322488
2026-10-06 12:16:46,86.70462387162478,0.6595231229257861,0,normal,1,-0.05655639941440538
2026-10-06 12:16:47,91.14466200898208,0.7123575925473399,0,normal,0,0.011034736086690422
2026-10-06 12:16:48,91.7344288123652,0.5570799381810698,0,normal,1,-0.029285618367536848
2026-10-06 12:16:49,93.04612105148009,0.9191985308244284,0,normal,1,-0.0528601956135798
2026-10-06 12:16:50,91.1455576553144,0.6366589303317345,0,normal,1,-0.002567262881138399
2026-10-06 12:16:51,92.772178244406,0.7409817439960669,0,normal,0,0.0011763136897791626
2026-10-06 12:16:52,94.2244009595124,0.6464189056932793,0,normal,1,-0.019995520503631403
2026-10-06 12:16:53,96.06354794697896,0.7772739941112881,0,normal,1,-0.042941398086809746
2026-10-06 12:16:54,95.33656839607106,0.7528149214169956,0,normal,1,-0.035501703182592825
2026-10-06 12:16:55,88.64922086886165,0.623810817251016,0,normal,1,-0.03131447678794075
2026-10-06 12:16:56,90.66312216466802,0.8966774222097652,0,normal,1,-0.029874361701279994
2026-10-06 12:16:57,89.84956004327492,0.632018749023553,0,normal,1,-0.0183203743939494
2026-10-06 12:16:58,94.228615525716,0.6617240549086568,0,normal,1,-0.016025079369518136
2026-10-06 12:16:59,92.19229553561864,0.6921001650802632,0,normal,0,0.00408405354162128
2026-10-06 12:17:00,93.31513956545264,1.0187463842418274,0,normal,1,-0.11846344878851511
2026-10-06 12:17:01,88.87827709151594,0.7695748182300493,0,normal,1,-0.015260228539878518
2026-10-06 12:17:02,90.91944996956192,0.7488309147529622,0,normal,0,0.0030375781584611183
2026-10-06 12:17:03,98.07895336707692,0.6350216315816581,0,normal,1,-0.10536464729827244
2026-10-06 12:17:04,96.04491197036036,0.8484288874939852,0,normal,1,-0.0598504236381896
2026-10-06 12:17:05,89.49736775387376,0.7913797168529175,0,normal,1,-0.016043883470314824
2026-10-06 12:17:06,95.74028242671334,0.8981013222500371,0,normal,1,-0.07727749775832782
2026-10-06 12:17:07,93.1313870764986,0.8857852496152401,0,normal,1,-0.03949488826126313
2026-10-06 12:17:08,92.77034447407344,0.7695968903251887,0,normal,1,-0.0022270253894421943
2026-10-06 12:17:09,86.77136984791288,0.3712234360879745,0,normal,1,-0.11374679092713202
2026-10-06 12:17:10,91.23918588822606,0.8242474123264562,0,normal,1,-0.0005110729001248648
2026-10-06 12:17:11,92.49150334614686,0.9006783651484516,0,normal,1,-0.035658446960469714
2026-10-06 12:17:12,90.51585784493204,0.9353895624523938,0,normal,1,-0.04912414142263399
2026-10-06 12:17:13,96.55859096307154,0.7534803354775015,0,normal,1,-0.06237867077413772
2026-10-06 12:17:14,97.73384104145636,0.5527628666875797,0,normal,1,-0.11888961976228007
2026-10-06 12:17:15,95.73376859963884,0.8292329620475212,0,normal,1,-0.04757620934594797
2026-10-06 12:17:16,96.14552326763668,0.8700543366958087,0,normal,1,-0.07457892518686227
2026-10-06 12:17:17,93.38254379547747,0.474955011074833,0,normal,1,-0.08303156156203251
2026-10-06 12:17:18,94.0282407957692,0.8989268992948778,0,normal,1,-0.04842078282340623
2026-10-06 12:17:19,93.93291763023724,0.7794428713580819,0,normal,1,-0.006777987574265287
2026-10-06 12:17:20,91.38493272541716,0.818609906455161,0,normal,1,-0.0006854996114836753
2026-10-06 12:17:21,88.82278098459578,0.985840403581628,0,normal,1,-0.10488544798841193
2026-10-06 12:17:22,89.77899844564782,0.791468226357633,0,normal,1,-0.01586679210850339
2026-10-06 12:17:23,89.92666469562525,0.7469336937387665,0,normal,1,-0.00950802932089534
2026-10-06 12:17:24,96.78926400914628,0.8437672541571274,0,normal,1,-0.08310685476193491
2026-10-06 12:17:25,94.32513535595872,0.739449707649886,0,normal,1,-0.010177965414591927
2026-10-06 12:17:26,94.30823467599714,0.9276618111587388,0,normal,1,-0.06999144349810071
2026-10-06 12:17:27,93.85259443959902,0.6075218188410547,0,normal,1,-0.02706720158874909
2026-10-06 12:17:28,92.58138648787576,0.9517095536482828,0,normal,1,-0.06401678000350308
2026-10-06 12:17:29,91.9012408017829,0.5718869818904628,0,normal,1,-0.024455605537558767
2026-10-06 12:17:30,95.37129953674668,0.7534006539841887,0,normal,1,-0.03706622563064543
2026-10-06 12:17:31,90.12504943819314,0.5254912879986388,0,normal,1,-0.04350407060791117
2026-10-06 12:17:32,91.63494967941182,0.8663237247011941,0,normal,1,-0.017010165651309306
2026-10-06 12:17:33,89.08197035538426,0.7087977288902978,0,normal,1,-0.011422981457358539
2026-10-06 12:17:34,88.43794111668777,0.4201431617815542,0,normal,1,-0.09088969579613193
2026-10-06 12:17:35,90.9520867089674,0.8031662577797688,0,normal,1,-0.0029624789681187425
2026-10-06 12:17:36,91.06116618493508,0.3181738741642798,0,normal,1,-0.10321947266389397
2026-10-06 12:17:37,91.13677953569528,0.6168613389607671,0,normal,1,-0.009958351883139871
2026-10-06 12:17:38,92.8441055307901,0.5790645472644395,0,normal,1,-0.03169108002741028
2026-10-06 12:17:39,90.21861922939092,0.7486823899559316,0,normal,1,-0.007812422451234147
2026-10-06 12:17:40,98.2152736769463,0.9125891842768852,0,normal,1,-0.142505057084247
2026-10-06 12:17:41,93.82278267064028,0.5815877486374221,0,normal,1,-0.03948837306964437
2026-10-06 12:17:42,95.70803627562938,0.8091122436433587,0,normal,1,-0.045481514835891024
2026-10-06 12:17:43,85.99033453534454,0.6558758231819903,0,normal,1,-0.06643933074155639
2026-10-06 12:17:44,90.1131673496445,0.8023412623643447,0,normal,1,-0.01373558079214987
2026-10-06 12:17:45,96.32393799806184,0.8313929712774513,0,normal,1,-0.06450629342455094
2026-10-06 12:17:46,94.03336568853231,0.6179115049686354,0,normal,1,-0.02743268150617917
2026-10-06 12:17:47,96.53529820752225,0.7057123269666731,0,normal,1,-0.06127303396217787
2026-10-06 12:17:48,85.83954114575779,0.5499631213991572,0,normal,1,-0.09613033521410319
2026-10-06 12:17:49,93.76255562138743,0.7736045096956116,0,normal,1,-0.0056116347277831435
2026-10-06 12:17:50,93.88193912677616,0.6947962514003768,0,normal,1,-0.003776787372346102
2026-10-06 12:17:51,95.57093001173088,0.7648513340702946,0,normal,1,-0.03532802637883792
2026-10-06 12:17:52,91.30698534055284,0.6585660737321648,0,normal,0,0.002936007652083572
2026-10-06 12:17:53,98.35455083373256,0.4883020097880434,0,normal,1,-0.14292369055147403
2026-10-06 12:17:54,92.10262336393131,0.580684574271512,0,normal,1,-0.023900439269282092
2026-10-06 12:17:55,90.78514922539442,0.5944472838368425,0,normal,1,-0.020567121016343393
2026-10-06 12:17:56,92.34275092019077,0.7259091907702828,0,normal,0,0.004509475427462772
2026-10-06 12:17:57,96.61482183151678,0.8208216117693878,0,normal,1,-0.06887241723398396
2026-10-06 12:17:58,88.1562303175756,0.7135369029771113,0,normal,1,-0.0224833144023312
2026-10-06 12:17:59,91.90401371521574,0.7282732168276811,0,normal,0,0.005337780106378254
2026-10-06 12:18:00,94.57184164080049,0.7243404416401298,0,normal,1,-0.014599905570639393
2026-10-06 12:18:01,95.47374905030124,0.7667106405325153,0,normal,1,-0.03615363610453948
2026-10-06 12:18:02,94.09472434309582,0.8212304067917153,0,normal,1,-0.019190053042413946
2026-10-06 12:18:03,97.31503933145756,0.7798002698964518,0,normal,1,-0.08144060956181676
2026-10-06 12:18:04,94.65780226073844,0.9525433468355008,0,normal,1,-0.0861778352880106
2026-10-06 12:18:05,96.33791954037063,0.644629659220408,0,normal,1,-0.06447315064039083
2026-10-06 12:18:06,93.97492765033871,1.2746414911691364,0,normal,1,-0.15906710252333123
2026-10-06 12:18:07,93.45744022079596,0.8067194024003811,0,normal,1,-0.011758342298237245
2026-10-06 12:18:08,93.06924501401622,0.8379518870557945,0,normal,1,-0.01760187159965554
2026-10-06 12:18:09,90.56750798110896,0.313843531930934,0,normal,1,-0.10260197158725948
2026-10-06 12:18:10,92.98949667385553,0.7963742596100386,0,normal,1,-0.007408978259898835
2026-10-06 12:18:11,89.43513754391515,0.4423232846417665,0,normal,1,-0.07961890552850259
2026-10-06 12:18:12,92.89054922798206,0.6992844478675991,0,normal,1,-0.0004210625258631584
2026-10-06 12:18:13,91.21462451431294,0.4016805325514757,0,normal,1,-0.09221615724206755
2026-10-06 12:18:14,94.39624559592998,0.659844112292796,0,normal,1,-0.02113076431732297
2026-10-06 12:18:15,97.67193962911304,0.7115058752887905,0,normal,1,-0.09024602523535052
2026-10-06 12:18:16,94.27212996084003,0.884703994887599,0,normal,1,-0.047218335894253505
2026-10-06 12:18:17,94.837117886166,0.6917746372136766,0,normal,1,-0.02126577679065167
2026-10-06 12:18:18,92.1492148648961,0.803912497024244,0,normal,1,-0.005069089395757342
2026-10-06 12:18:19,92.57709237928164,0.5869725211994331,0,normal,1,-0.02408175520849254
2026-10-06 12:18:20,92.51902581351068,0.6824651284684523,0,normal,0,0.0031230218980958235
2026-10-06 12:18:21,89.24970728906484,0.7898218877475163,0,normal,1,-0.015800166308003516
2026-10-06 12:18:22,91.2357099379192,0.6876070047787629,0,normal,0,0.009525222003143874
2026-10-06 12:18:23,89.58550412659551,0.8082492796447529,0,normal,1,-0.017862342685288413
2026-10-06 12:18:24,94.3009364270688,0.7718143976463258,0,normal,1,-0.012946384542224743
2026-10-06 12:18:25,93.13509656019936,0.6956096431911656,0,normal,1,-0.002056174185492421
2026-10-06 12:18:26,95.8200954262459,0.8051855643486997,0,normal,1,-0.04566498010144415
2026-10-06 12:18:27,91.0430007653817,0.9778041926213952,0,normal,1,-0.07758275118095803
2026-10-06 12:18:28,90.6231764064703,0.6749101279206094,0,normal,0,0.005937284781547536
2026-10-06 12:18:29,90.08629187151304,0.5540731455754625,0,normal,1,-0.036144185496885584
2026-10-06 12:18:30,99.79680477907372,0.7242241887124995,0,normal,1,-0.11755129371520912
2026-10-06 12:18:31,91.05100789040786,0.7492152437518934,0,normal,0,0.003994057860712441
2026-10-06 12:18:32,93.96883207268414,0.742386631592585,0,normal,1,-0.0028029849296239417
2026-10-06 12:18:33,93.88346196183863,0.7135883642704806,0,normal,1,-0.00406156285978676
2026-10-06 12:18:34,90.26986022342044,0.5397204940523148,0,normal,1,-0.038995852763915595
2026-10-06 12:18:35,95.13312580751008,0.8213414433166089,0,normal,1,-0.03524471808006313
2026-10-06 12:18:36,92.0073814090464,0.7412767144169259,0,normal,0,0.005647244494563275
2026-10-06 12:18:37,94.84232049500608,0.7534508231337028,0,normal,1,-0.024463495734601826
2026-10-06 12:18:38,96.64324900380866,0.6461985968325967,0,normal,1,-0.07193441941316803
2026-10-06 12:18:39,98.08106366531536,0.5662925263930911,0,normal,1,-0.11734719938816629
2026-10-06 12:18:40,99.00330896122284,0.8762320539888186,0,normal,1,-0.1475034671576393
2026-10-06 12:18:41,88.29114638475066,0.7794994062524824,0,normal,1,-0.0289376195063914
2026-10-06 12:18:42,95.76677064226152,0.5862593476030673,0,normal,1,-0.06599423703814589
2026-10-06 12:18:43,94.14965114922438,0.7791594498991672,0,normal,1,-0.010859043144637148
2026-10-06 12:18:44,97.54777007603134,0.6317772822914107,0,normal,1,-0.0971940315287042
2026-10-06 12:18:45,97.50361968181916,0.5774374356888323,0,normal,1,-0.10716990808982763
2026-10-06 12:18:46,93.98127437247554,0.6561293029117872,0,normal,1,-0.009586974831297002
2026-10-06 12:18:47,91.2866243252514,0.6770930774986837,0,normal,0,0.007942722215807496
2026-10-06 12:18:48,97.29214573012328,0.551898158163795,0,normal,1,-0.10882817395301791
2026-10-06 12:18:49,91.90606073919028,0.6635594092383347,0,normal,1,-0.000593619134348522
2026-10-06 12:18:50,100.834837143996,1.090364614799681,0,normal,1,-0.21906182362620097
2026-10-06 12:18:51,96.08939188336772,0.7096852385007245,0,normal,1,-0.04641970455384692
2026-10-06 12:18:52,98.41170491551384,0.6605782499552072,0,normal,1,-0.11286934212128175
2026-10-06 12:18:53,90.504686111062,0.9325730394467096,0,normal,1,-0.04681723121194692
2026-10-06 12:18:54,94.20207581194096,0.5796155127430296,0,normal,1,-0.04556011194679366
2026-10-06 12:18:55,93.33745027960438,0.8655100925299078,0,normal,1,-0.030142968036477313
2026-10-06 12:18:56,94.41711139518434,0.6500000162292824,0,normal,1,-0.02394406201856103
2026-10-06 12:18:57,95.16796084738954,0.818717645045686,0,normal,1,-0.033978730254097145
2026-10-06 12:18:58,96.2458618865999,0.7613954333282326,0,normal,1,-0.05273931147536004
2026-10-06 12:18:59,94.3351528674137,0.6391572098450204,0,normal,1,-0.025372317531820787
2026-10-06 12:19:00,92.03278917718627,0.7968908721113925,0,normal,1,-0.0034182752841831476
2026-10-06 12:19:01,96.85273773019644,0.8134420213437228,0,normal,1,-0.0771243534947289
2026-10-06 12:19:02,99.00940963554316,0.6125612621730125,0,normal,1,-0.12896845586381722
2026-10-06 12:19:03,99.25002957358922,0.5301087111454608,0,normal,1,-0.14295292324255182
2026-10-06 12:19:04,95.11166329623876,0.4981430313582548,0,normal,1,-0.08950765803678695
2026-10-06 12:19:05,99.9543584287148,0.9323169766286568,0,normal,1,-0.17042062653316792
2026-10-06 12:19:06,94.85062189088218,0.7221709209463614,0,normal,1,-0.019845631141643283
2026-10-06 12:19:07,92.57528225857529,0.7331780216705945,0,normal,0,0.001921590358208436
2026-10-06 12:19:08,90.50837027935486,0.8119012020063492,0,normal,1,-0.006802211529250868
2026-10-06 12:19:09,92.91896058351864,1.0130500211252025,0,normal,1,-0.109139979000899
2026-10-06 12:19:10,97.85427012785178,0.9631783724962252,0,normal,1,-0.15521566512184493
2026-10-06 12:19:11,94.45768914693096,1.1360951244271873,0,normal,1,-0.15885691275962144
2026-10-06 12:19:12,88.79705038863887,1.0100087276558734,0,normal,1,-0.11949394912128153
2026-10-06 12:19:13,99.54206421948624,0.6161335215627024,0,normal,1,-0.1314274933035856
2026-10-06 12:19:14,98.83895404868989,0.6781391299393227,0,normal,1,-0.11844865483484335
2026-10-06 12:19:15,92.4085236160156,0.6341318202111207,0,normal,1,-0.009809390335257961
2026-10-06 12:19:16,99.05512739126924,0.8919692789509039,0,normal,1,-0.1532742022320056
2026-10-06 12:19:17,93.3808417479848,0.5922183637087732,0,normal,1,-0.029911865758969647
2026-10-06 12:19:18,99.7404490761031,0.8289818705322859,0,normal,1,-0.12775096626163285
2026-10-06 12:19:19,94.47063357434222,0.8703728693239223,0,normal,1,-0.04489814578114615
2026-10-06 12:19:20,92.16217210119514,0.8227396168581659,0,normal,1,-0.005038406323987998
2026-10-06 12:19:21,97.2579023837935,0.6809522025966293,0,normal,1,-0.07841303166757496
2026-10-06 12:19:22,98.5996670236786,0.5881344974994765,0,normal,1,-0.1273968001789223
2026-10-06 12:19:23,96.282111409061,0.6055880290946907,0,normal,1,-0.07597779232048729
2026-10-06 12:19:24,98.19046974152889,0.8561750668875052,0,normal,1,-0.11454686152305338
2026-10-06 12:19:25,96.57638917697692,0.747043544056631,0,normal,1,-0.06027046038993933
2026-10-06 12:19:26,95.88357140550548,0.668621820864311,0,normal,1,-0.05066503942493705
2026-10-06 12:19:27,93.92874049764394,0.6998618580006016,0,normal,1,-0.004218024128422648
2026-10-06 12:19:28,92.94268667332176,0.6786402781930413,0,normal,0,8.902654156212053e-05
2026-10-06 12:19:29,95.80750417440736,0.6111677306144441,0,normal,1,-0.06148050661581117
2026-10-06 12:19:30,97.10384482378284,0.8705469112312327,0,normal,1,-0.1023903761668461
2026-10-06 12:19:31,97.33801441123065,0.9069655370565046,0,normal,1,-0.12615352431054372
2026-10-06 12:19:32,94.73164680056816,0.8144455400553986,0,normal,1,-0.02756216053794358
2026-10-06 12:19:33,88.12534726259159,0.6818973961204361,0,normal,1,-0.023709380391322754
2026-10-06 12:19:34,96.05246111867407,0.6585093641960724,0,normal,1,-0.05161492958693037
2026-10-06 12:19:35,97.29707744166194,0.5276330739709998,0,normal,1,-0.11381311588713905
2026-10-06 12:19:36,94.81381216393564,0.6757730638931254,0,normal,1,-0.02264806252393703
2026-10-06 12:19:37,93.0552499892164,0.8521048033010218,0,normal,1,-0.017632075826504834
2026-10-06 12:19:38,94.93710583747225,0.9511926858031488,0,normal,1,-0.08801909527955165
2026-10-06 12:19:39,92.86433424993491,0.7493528624390163,0,normal,1,-0.003398480304155793
2026-10-06 12:19:40,94.93208783340238,0.6406524695840106,0,normal,1,-0.033390056798922374
2026-10-06 12:19:41,96.60056447149788,0.8265587055881193,0,normal,1,-0.06719996605006295
2026-10-06 12:19:42,94.93663121448202,0.74167900741787,0,normal,1,-0.019480393867230217
2026-10-06 12:19:43,91.34694283499952,0.9193783535660623,0,normal,1,-0.0370287873722035
2026-10-06 12:19:44,90.76013858541596,0.6478321143781239,0,normal,1,-0.00032610920002162924
2026-10-06 12:19:45,95.63200011704627,0.8579102441642708,0,normal,1,-0.05410241142215988
2026-10-06 12:19:46,88.14292006673536,0.756288581842173,0,normal,1,-0.027471348438286247
2026-10-06 12:19:47,95.62711654623344,0.4956782766251032,0,normal,1,-0.10181899582180842
2026-10-06 12:19:48,93.6550553287708,0.7740255128404238,0,normal,1,-0.0058166583472171185
2026-10-06 12:19:49,91.93291300206832,0.7404019395554529,0,normal,0,0.004577282588221265
2026-10-06 12:19:50,95.84569793914896,0.9522886555119195,0,normal,1,-0.10613920919263642
2026-10-06 12:19:51,96.7490524118235,0.6688641115952191,0,normal,1,-0.07268091436021906
2026-10-06 12:19:52,96.35378316966984,0.5237193274726861,0,normal,1,-0.10159108675743278
2026-10-06 12:19:53,98.39481986708635,0.8281835758942369,0,normal,1,-0.11220995418130209
2026-10-06 12:19:54,90.7205211789602,0.6626485715697114,0,normal,1,-0.0009403336234007353
2026-10-06 12:19:55,91.39902249048444,0.9681041549736078,0,normal,1,-0.06414951224944154
2026-10-06 12:19:56,95.08021313753768,0.6839682127363136,0,normal,1,-0.02756010092653871
2026-10-06 12:19:57,95.27047963828367,0.8911451375128616,0,normal,1,-0.0661791540577712
2026-10-06 12:19:58,90.90622634145346,0.4841168763241736,0,normal,1,-0.060599180709916434
2026-10-06 12:19:59,95.12169782714896,0.7404045237490775,0,normal,1,-0.022751875641233488
2026-10-06 12:20:00,72.60411092466835,0.0598704277230962,1,silent_drift,0,0.12472167894653552
2026-10-06 12:20:01,72.77716578968288,0.0480069859574926,1,silent_drift,0,0.11776093616399924
2026-10-06 12:20:02,72.83830760499553,0.0432076021352221,1,silent_drift,0,0.10818512728802687
2026-10-06 12:20:03,72.94460947644998,0.0497499085771717,1,silent_drift,0,0.12031344897391405
2026-10-06 12:20:04,73.400060365942,0.030456774843664,1,silent_drift,0,0.05608402635579779
2026-10-06 12:20:05,72.75141705384985,0.0301210784141349,1,silent_drift,0,0.055034497412530525
2026-10-06 12:20:06,73.0241478051413,0.0554546885808181,1,silent_drift,0,0.125862010119194
2026-10-06 12:20:07,72.94875720404293,0.0416113510762012,1,silent_drift,0,0.10411529897998478
2026-10-06 12:20:08,72.94698371863099,0.052038807977202,1,silent_drift,0,0.1234967538638102
2026-10-06 12:20:09,72.79179319313225,0.051743640136467,1,silent_drift,0,0.12141076185477173
2026-10-06 12:20:10,73.43577718297932,0.0501491436462087,1,silent_drift,0,0.11511873103866593
2026-10-06 12:20:11,73.92306250009929,0.0641824538161403,1,silent_drift,0,0.1152107126291968
2026-10-06 12:20:12,72.75975616780939,0.0698836046874169,1,silent_drift,0,0.11732703693938323
2026-10-06 12:20:13,74.34091861701435,0.0417274010073586,1,silent_drift,0,0.09588520815761675
2026-10-06 12:20:14,73.34613292340089,0.0576479554897772,1,silent_drift,0,0.12179943766768192
2026-10-06 12:20:15,72.9537877274716,0.0545342651812219,1,silent_drift,0,0.12562221694900744
2026-10-06 12:20:16,73.73330945874389,0.0557526897099903,1,silent_drift,0,0.11836779487110216
2026-10-06 12:20:17,73.23845781761854,0.0625240382801445,1,silent_drift,0,0.12102986467213228
2026-10-06 12:20:18,74.11599083138535,0.0493902165154937,1,silent_drift,0,0.113645799319402
2026-10-06 12:20:19,72.66337846526599,0.0548630162635527,1,silent_drift,0,0.12516164158999865
2026-10-06 12:20:20,74.05340259257716,0.0153206465662989,1,silent_drift,1,-0.010719368069280977
2026-10-06 12:20:21,73.81657374662986,0.0517490413029172,1,silent_drift,0,0.11574269530793718
2026-10-06 12:20:22,74.10865703329225,0.0423590640068272,1,silent_drift,0,0.09917764446741811
2026-10-06 12:20:23,73.8034018449759,0.056795135303917,1,silent_drift,0,0.11926367477615418
2026-10-06 12:20:24,73.3202344754626,0.035092821609872,1,silent_drift,0,0.07606446741671491
2026-10-06 12:20:25,74.07994040596773,0.0502343240913348,1,silent_drift,0,0.1140888952189823
2026-10-06 12:20:26,73.55507466833805,0.0457217477365527,1,silent_drift,0,0.11016768684931577
2026-10-06 12:20:27,73.55464081117351,0.0427609469443614,1,silent_drift,0,0.1024540568591581
2026-10-06 12:20:28,73.47065513681358,0.0344647873424952,1,silent_drift,0,0.07067321854258363
2026-10-06 12:20:29,74.34059523387914,0.0583373560565262,1,silent_drift,0,0.11628145318676203
2026-10-06 12:20:30,73.9082748076695,0.0551764268150553,1,silent_drift,0,0.11715900913318084
2026-10-06 12:20:31,74.58107811341056,0.0439505075359576,1,silent_drift,0,0.10177775311042486
2026-10-06 12:20:32,74.27712088392937,0.0471038850015762,1,silent_drift,0,0.10935713215468235
2026-10-06 12:20:33,74.31347739179157,0.0564411704465978,1,silent_drift,0,0.11587740747821113
2026-10-06 12:20:34,74.53648352072125,0.06616197278665,1,silent_drift,0,0.10885810236642629
2026-10-06 12:20:35,73.57157647158186,0.0547580380419942,1,silent_drift,0,0.11780589816391346
2026-10-06 12:20:36,74.74523299989133,0.0424378868195337,1,silent_drift,0,0.09334572509544359
2026-10-06 12:20:37,73.37259126942105,0.0497700273665257,1,silent_drift,0,0.11502944032121443
2026-10-06 12:20:38,74.77783836727951,0.0665447093896799,1,silent_drift,0,0.10428238465116524
2026-10-06 12:20:39,74.60441492396257,0.0303759173234272,1,silent_drift,0,0.05273285926437099
2026-10-06 12:20:40,73.87703109709138,0.0404227243754361,1,silent_drift,0,0.09509001920581162
2026-10-06 12:20:41,75.23540512439145,0.0430392366453452,1,silent_drift,0,0.09273297331021052
2026-10-06 12:20:42,74.8428181705997,0.0433829467820411,1,silent_drift,0,0.0990149085911538
2026-10-06 12:20:43,75.28066000128989,0.0376649473340838,1,silent_drift,0,0.07436604448833367
2026-10-06 12:20:44,74.95826267255032,0.0396449430050359,1,silent_drift,0,0.08164439337354207
2026-10-06 12:20:45,74.58802339571542,0.0527971063256126,1,silent_drift,0,0.11319490349798722
2026-10-06 12:20:46,74.74529758680987,0.057020590957336,1,silent_drift,0,0.11228111168351357
2026-10-06 12:20:47,75.12840395226874,0.042712658212453,1,silent_drift,0,0.09277639649542613
2026-10-06 12:20:48,74.38984248829337,0.0394250523025245,1,silent_drift,0,0.08632717729305606
2026-10-06 12:20:49,75.70190445889834,0.0730297787058284,1,silent_drift,0,0.08827053664156925
2026-10-06 12:20:50,75.45407271364012,0.0556476223193184,1,silent_drift,0,0.10546091899209614
2026-10-06 12:20:51,75.06448908987305,0.0671224390718533,1,silent_drift,0,0.10226909414121405
2026-10-06 12:20:52,74.51951174831451,0.0303308648151458,1,silent_drift,0,0.05222802282952049
2026-10-06 12:20:53,74.59624196112931,0.0508020521807,1,silent_drift,0,0.11207167148978114
2026-10-06 12:20:54,75.23959793972934,0.0467548484776067,1,silent_drift,0,0.10186488212883926
2026-10-06 12:20:55,75.69535705247763,0.0610252719987938,1,silent_drift,0,0.10395837727995538
2026-10-06 12:20:56,75.41378159553733,0.0523417047613705,1,silent_drift,0,0.1066090359870957
2026-10-06 12:20:57,75.25617981114854,0.0264607812285607,1,silent_drift,0,0.02111397192543729
2026-10-06 12:20:58,75.73831318102064,0.0419834439991708,1,silent_drift,0,0.0843713510555722
2026-10-06 12:20:59,75.29438352961779,0.0355235284854896,1,silent_drift,0,0.0652088116082527
2026-10-06 12:21:00,74.95744024190648,0.0427016687415142,1,silent_drift,0,0.09436478728950481
2026-10-06 12:21:01,75.89899883775786,0.0305216043786902,1,silent_drift,0,0.040174576228634185
2026-10-06 12:21:02,75.37919328337,0.0402646158756821,1,silent_drift,0,0.08062936319523839
2026-10-06 12:21:03,75.63669515716997,0.0536441763948537,1,silent_drift,0,0.10297283607285301
2026-10-06 12:21:04,76.15788689447962,0.0396597404594671,1,silent_drift,0,0.07397014718574796
2026-10-06 12:21:05,75.12774846745225,0.0458919043037775,1,silent_drift,0,0.1032578855871405
2026-10-06 12:21:06,75.45271763309711,0.0602129780904756,1,silent_drift,0,0.10410316375079381
2026-10-06 12:21:07,76.0924731060688,0.0436588734983137,1,silent_drift,0,0.09231608421951704
2026-10-06 12:21:08,76.37953478609127,0.0407696164244198,1,silent_drift,0,0.07930255866632802
2026-10-06 12:21:09,75.80685148546736,0.0343344438068092,1,silent_drift,0,0.054572504903049435
2026-10-06 12:21:10,75.95863751001465,0.0602949531205764,1,silent_drift,0,0.10234979074445244
2026-10-06 12:21:11,75.93442007831588,0.067607120152921,1,silent_drift,0,0.0938306590896143
2026-10-06 12:21:12,76.32017328848882,0.0590868270646713,1,silent_drift,0,0.10069326168668102
2026-10-06 12:21:13,75.6889546885521,0.0443151545344521,1,silent_drift,0,0.09451994977001682
2026-10-06 12:21:14,76.24457661786029,0.0412766319770252,1,silent_drift,0,0.0808205487298394
2026-10-06 12:21:15,76.63052038019697,0.0415083530023149,1,silent_drift,0,0.08252915869905403
2026-10-06 12:21:16,76.55352835999715,0.0458739694596474,1,silent_drift,0,0.09597256444474511
2026-10-06 12:21:17,76.33257565186814,0.0409458796289573,1,silent_drift,0,0.07992301710582062
2026-10-06 12:21:18,76.24035058567898,0.0524099700755399,1,silent_drift,0,0.10319050967756566
2026-10-06 12:21:19,76.60716108971708,0.0617999287600435,1,silent_drift,0,0.09624944924366713
2026-10-06 12:21:20,76.76787903512458,0.0514750654973483,1,silent_drift,0,0.09997212280934614
2026-10-06 12:21:21,76.27420310654624,0.0626849715561693,1,silent_drift,0,0.09606998021409169
2026-10-06 12:21:22,76.5081153960551,0.0223843692729232,1,silent_drift,0,0.001035529053662887
2026-10-06 12:21:23,76.8264979435309,0.0503442458285637,1,silent_drift,0,0.10079179384409992
2026-10-06 12:21:24,76.94557265754939,0.0594502926832457,1,silent_drift,0,0.09564835591053761
2026-10-06 12:21:25,77.1771840717245,0.0562676696488891,1,silent_drift,0,0.10079863978078107
2026-10-06 12:21:26,76.90881246955983,0.0387174353316105,1,silent_drift,0,0.07027427119259472
2026-10-06 12:21:27,76.69537148656103,0.0449357027237317,1,silent_drift,0,0.09441978190446221
2026-10-06 12:21:28,76.61625946661393,0.037464865839163,1,silent_drift,0,0.06701697471719498
2026-10-06 12:21:29,77.13860708167473,0.0662568441921249,1,silent_drift,0,0.08690463994612818
2026-10-06 12:21:30,76.99633468650939,0.0584577829628476,1,silent_drift,0,0.09695429487826313
2026-10-06 12:21:31,76.8659245611444,0.0403620225652788,1,silent_drift,0,0.07855595789571007
2026-10-06 12:21:32,77.39945923179995,0.0508725709183208,1,silent_drift,0,0.09653401301522846
2026-10-06 12:21:33,76.65721531029044,0.0401852644536038,1,silent_drift,0,0.07631955680560248
2026-10-06 12:21:34,77.72521761224229,0.0401774839473785,1,silent_drift,0,0.07146159490545223
2026-10-06 12:21:35,76.67162240869274,0.0332695057784648,1,silent_drift,0,0.05072080386144162
2026-10-06 12:21:36,77.70644274329749,0.0376108592061693,1,silent_drift,0,0.06203472155023104
2026-10-06 12:21:37,77.76903661853575,0.0347601605005983,1,silent_drift,0,0.05176642988574387
2026-10-06 12:21:38,77.28121679155295,0.0489956751488484,1,silent_drift,0,0.0993583656209292
2026-10-06 12:21:39,77.9050998095984,0.0457744299730388,1,silent_drift,0,0.08980245507219148
2026-10-06 12:21:40,78.02921724308707,0.0500365943401204,1,silent_drift,0,0.09210631348557308
2026-10-06 12:21:41,77.72387529383778,0.0381455336965191,1,silent_drift,0,0.06419747172026219
2026-10-06 12:21:42,77.43403891928824,0.0511907802734175,1,silent_drift,0,0.09488584391271149
2026-10-06 12:21:43,77.26580509753276,0.0493345272187207,1,silent_drift,0,0.09840789506131292
2026-10-06 12:21:44,77.98320951785246,0.0489582342370254,1,silent_drift,0,0.09416766046002178
2026-10-06 12:21:45,78.04182406886555,0.0563520052955305,1,silent_drift,0,0.09261795070898321
2026-10-06 12:21:46,78.43728417983371,0.0331497183346036,1,silent_drift,0,0.04621484092642386
2026-10-06 12:21:47,77.93286884920362,0.0620164286175635,1,silent_drift,0,0.08789492550692785
2026-10-06 12:21:48,77.66515566723469,0.0498700380695228,1,silent_drift,0,0.0939016160987135
2026-10-06 12:21:49,77.76279822337251,0.0590790289882021,1,silent_drift,0,0.09199186322270042
2026-10-06 12:21:50,78.14588953661344,0.0504075914296711,1,silent_drift,0,0.09017880983774318
2026-10-06 12:21:51,77.82041715362672,0.0511057642742638,1,silent_drift,0,0.09442114391829842
2026-10-06 12:21:52,77.8049066580431,0.0518891711560383,1,silent_drift,0,0.09279163375490707
2026-10-06 12:21:53,78.66412809458791,0.044017836085334,1,silent_drift,0,0.08608384586845408
2026-10-06 12:21:54,78.9215788682919,0.0527767360739097,1,silent_drift,0,0.09217379970452194
2026-10-06 12:21:55,78.44273584158469,0.0471177529628259,1,silent_drift,0,0.09209371488007478
2026-10-06 12:21:56,78.66360360012081,0.0460805544065228,1,silent_drift,0,0.09270767690955728
2026-10-06 12:21:57,78.30455585767342,0.039407846523619,1,silent_drift,0,0.06418584023063512
2026-10-06 12:21:58,78.5033041981983,0.050108779204488,1,silent_drift,0,0.09338521315491305
2026-10-06 12:21:59,78.05143983661583,0.0461613367174301,1,silent_drift,0,0.0881521931826188
2026-10-06 12:22:00,78.93030336806225,0.0529402768809044,1,silent_drift,0,0.09165524727412683
2026-10-06 12:22:01,79.02752054891043,0.0646461635409687,1,silent_drift,0,0.0817306461105674
2026-10-06 12:22:02,77.69412063507563,0.0447944505091405,1,silent_drift,0,0.08894965375984965
2026-10-06 12:22:03,78.93503433500102,0.0422363179625828,1,silent_drift,0,0.08126179324333899
2026-10-06 12:22:04,78.96095716935012,0.0433711538282133,1,silent_drift,0,0.0836423748884435
2026-10-06 12:22:05,79.44274351678656,0.0466003154024372,1,silent_drift,0,0.08801810670731447
2026-10-06 12:22:06,79.30061197584743,0.0346856306920332,1,silent_drift,0,0.04787509018358882
2026-10-06 12:22:07,78.53884113531485,0.04596962893573,1,silent_drift,0,0.09203227147873616
2026-10-06 12:22:08,78.97815095460142,0.0397542271356145,1,silent_drift,0,0.06922262022252407
2026-10-06 12:22:09,78.63940019338989,0.043639186780191,1,silent_drift,0,0.08503678057500202
2026-10-06 12:22:10,78.81647113123582,0.0502688217426358,1,silent_drift,0,0.09352453673554284
2026-10-06 12:22:11,78.9838221297448,0.045679699126399,1,silent_drift,0,0.09051400055172815
2026-10-06 12:22:12,79.38993221451337,0.0606763653444185,1,silent_drift,0,0.08271209898115434
2026-10-06 12:22:13,79.7038542444239,0.0363884833471643,1,silent_drift,0,0.0516217358863762
2026-10-06 12:22:14,78.85838761406269,0.068852130434695,1,silent_drift,0,0.0749741699573035
2026-10-06 12:22:15,79.625036684245,0.0516297824316349,1,silent_drift,0,0.08225151931888502
2026-10-06 12:22:16,79.35802324843216,0.0456757099129542,1,silent_drift,0,0.08609438941620079
2026-10-06 12:22:17,79.41888057584957,0.0657184216851206,1,silent_drift,0,0.0730648174822579
2026-10-06 12:22:18,79.43771901982794,0.0399996825637376,1,silent_drift,0,0.06608257287688535
2026-10-06 12:22:19,79.93594951435581,0.0547415255105995,1,silent_drift,0,0.08353590627637397
2026-10-06 12:22:20,79.23157919221889,0.0637540153803532,1,silent_drift,0,0.07969842645303443
2026-10-06 12:22:21,79.95236273121421,0.0467927320876245,1,silent_drift,0,0.08309567046204819
2026-10-06 12:22:22,80.2259619995854,0.0517648802007646,1,silent_drift,0,0.07707487816749325
2026-10-06 12:22:23,79.45933286213034,0.0594176268123882,1,silent_drift,0,0.0843460833897472
2026-10-06 12:22:24,80.1652783932488,0.0524024569428271,1,silent_drift,0,0.08111636551791507
2026-10-06 12:22:25,79.85263746299076,0.0246955419751579,1,silent_drift,1,-0.002876200487267999
2026-10-06 12:22:26,79.58934009832934,0.0404578391915436,1,silent_drift,0,0.06916826621762312
2026-10-06 12:22:27,80.79045358051796,0.0390703686771177,1,silent_drift,0,0.056184825967716734
2026-10-06 12:22:28,80.26316827166217,0.0571688452968988,1,silent_drift,0,0.08043099531303377
2026-10-06 12:22:29,80.6580480295038,0.0373954949256954,1,silent_drift,0,0.049223603890025835
2026-10-06 12:22:30,80.016246150481,0.0695932469013154,1,silent_drift,0,0.06202515932615321
2026-10-06 12:22:31,80.24316272409308,0.0590005460873359,1,silent_drift,0,0.07626255415602717
2026-10-06 12:22:32,80.42895934661163,0.0448491938929659,1,silent_drift,0,0.0793260572500672
2026-10-06 12:22:33,80.22550254749918,0.0553858994196321,1,silent_drift,0,0.08067764092006019
2026-10-06 12:22:34,80.46223132508094,0.0459105636958352,1,silent_drift,0,0.08096111883184509
2026-10-06 12:22:35,80.515698140491,0.0458869188501779,1,silent_drift,0,0.08002581503782785
2026-10-06 12:22:36,81.03426167315038,0.04611713768799,1,silent_drift,0,0.07863896127328207
2026-10-06 12:22:37,80.09500448464703,0.0495934191593169,1,silent_drift,0,0.08395716296958988
2026-10-06 12:22:38,80.7300023929203,0.0541753302206013,1,silent_drift,0,0.0798695895489569
2026-10-06 12:22:39,80.42995431683875,0.0741696141516974,1,silent_drift,0,0.054345138286449546
2026-10-06 12:22:40,81.07650045679138,0.0470937301952191,1,silent_drift,0,0.08125164122700174
2026-10-06 12:22:41,80.44593885482033,0.0674557643116095,1,silent_drift,0,0.060636899004823774
2026-10-06 12:22:42,81.18589571610639,0.0577453094934399,1,silent_drift,0,0.07541838730101463
2026-10-06 12:22:43,80.42226072565843,0.0463377858582671,1,silent_drift,0,0.08175391215994621
2026-10-06 12:22:44,80.40380454905153,0.0520596082206643,1,silent_drift,0,0.07861867796787742
2026-10-06 12:22:45,80.50275952211565,0.0417951023069037,1,silent_drift,0,0.07092113957437873
2026-10-06 12:22:46,80.77003424651622,0.0493681436932475,1,silent_drift,0,0.08043348649703441
2026-10-06 12:22:47,80.88824929173738,0.0555751291432499,1,silent_drift,0,0.07817364932200194
2026-10-06 12:22:48,81.13539556279568,0.047951666223666,1,silent_drift,0,0.07965950495331903
2026-10-06 12:22:49,81.09735527888863,0.0376881546540316,1,silent_drift,0,0.04831389365059496
2026-10-06 12:22:50,81.0481552516118,0.051731955176092,1,silent_drift,0,0.07553123434652353
2026-10-06 12:22:51,80.99971339594732,0.0560393704834721,1,silent_drift,0,0.07818934082421297
2026-10-06 12:22:52,81.1132514644102,0.0492676914785997,1,silent_drift,0,0.08049219036927902
2026-10-06 12:22:53,81.21528166338483,0.0485655207194527,1,silent_drift,0,0.07683162057164633
2026-10-06 12:22:54,80.64499914587914,0.0454757702342656,1,silent_drift,0,0.07839837501727104
2026-10-06 12:22:55,81.39313869045475,0.0493134075921351,1,silent_drift,0,0.0769786054327462
2026-10-06 12:22:56,80.93009661416792,0.0450987649601982,1,silent_drift,0,0.07616934870189007
2026-10-06 12:22:57,82.36443705932427,0.0652079125313203,1,silent_drift,0,0.053628200278364846
2026-10-06 12:22:58,81.85592242747178,0.0479791978750386,1,silent_drift,0,0.07247886440022744
2026-10-06 12:22:59,81.21590928021199,0.0619545862697645,1,silent_drift,0,0.06838500595537972
2026-10-06 12:23:00,81.25177305081695,0.0710735452436509,1,silent_drift,0,0.051574039336839184
2026-10-06 12:23:01,81.28377881866817,0.035324972261301,1,silent_drift,0,0.035265420267122594
2026-10-06 12:23:02,81.74688892470162,0.0560512313750303,1,silent_drift,0,0.07210168737201866
2026-10-06 12:23:03,82.30797421730045,0.0388074397366365,1,silent_drift,0,0.04398802065873231
2026-10-06 12:23:04,81.62522032756908,0.0428020990323467,1,silent_drift,0,0.06269800713138562
2026-10-06 12:23:05,82.27346304196827,0.046760555276296,1,silent_drift,0,0.06945815982886405
2026-10-06 12:23:06,81.83716145903189,0.0427237102641359,1,silent_drift,0,0.06174781095381815
2026-10-06 12:23:07,81.64582314747634,0.0468511668896777,1,silent_drift,0,0.07280877349846016
2026-10-06 12:23:08,81.61492891506623,0.0572280089249335,1,silent_drift,0,0.07447515194770471
2026-10-06 12:23:09,81.5614031296634,0.0419984707554108,1,silent_drift,0,0.0641535489768828
2026-10-06 12:23:10,82.08282411657018,0.0421181923441498,1,silent_drift,0,0.06253214791403966
2026-10-06 12:23:11,82.07749346444193,0.0450688368303374,1,silent_drift,0,0.06818141738095024
2026-10-06 12:23:12,82.73374182266247,0.0503251910086856,1,silent_drift,0,0.0656229390339283
2026-10-06 12:23:13,82.63475360525062,0.0498142900408339,1,silent_drift,0,0.06688877241348717
2026-10-06 12:23:14,82.39416979806211,0.0317670696456032,1,silent_drift,0,0.010398111691738265
2026-10-06 12:23:15,82.54926932299487,0.0548292924792201,1,silent_drift,0,0.06916452101866055
2026-10-06 12:23:16,82.65048999469693,0.0298648132133644,1,silent_drift,1,-0.0017319119593722787
2026-10-06 12:23:17,82.66145509443366,0.0483351571017443,1,silent_drift,0,0.06527483097700493
2026-10-06 12:23:18,81.98700030046746,0.0647996592681351,1,silent_drift,0,0.05945140376282754
2026-10-06 12:23:19,82.19930824707697,0.0453958145684304,1,silent_drift,0,0.06701149747687968
2026-10-06 12:23:20,81.87133872292252,0.0401518804407206,1,silent_drift,0,0.05137608577742714
2026-10-06 12:23:21,82.63361365248076,0.0796509626561288,1,silent_drift,0,0.030265753921703775
2026-10-06 12:23:22,82.80803745453717,0.0434709967372202,1,silent_drift,0,0.05874995012288475
2026-10-06 12:23:23,82.76317835714362,0.0487550535033132,1,silent_drift,0,0.06543236997810292
2026-10-06 12:23:24,83.25303470421308,0.0614206637345638,1,silent_drift,0,0.04674063246409943
2026-10-06 12:23:25,82.15890013019799,0.066565301942014,1,silent_drift,0,0.052267743044327186
2026-10-06 12:23:26,82.29997727057592,0.0419720975066379,1,silent_drift,0,0.059461926940021004
2026-10-06 12:23:27,83.23683683514547,0.0569685037880622,1,silent_drift,0,0.05990648223643097
2026-10-06 12:23:28,82.61926458336643,0.0518642430499273,1,silent_drift,0,0.06596652711216977
2026-10-06 12:23:29,83.34399418970257,0.0553306635604755,1,silent_drift,0,0.05989421941536016
2026-10-06 12:23:30,83.10991288045392,0.0480427448932279,1,silent_drift,0,0.06368684232585836
2026-10-06 12:23:31,83.06980114578124,0.0436466760428355,1,silent_drift,0,0.05816737462490629
2026-10-06 12:23:32,83.13093786451186,0.0453890954200217,1,silent_drift,0,0.061712739554940776
2026-10-06 12:23:33,83.79260298789,0.0281961280433306,1,silent_drift,1,-0.024714992189453056
2026-10-06 12:23:34,83.21329008435019,0.041573808321482,1,silent_drift,0,0.05127714952705337
2026-10-06 12:23:35,83.74168818127012,0.0440139791320304,1,silent_drift,0,0.04970799127712744
2026-10-06 12:23:36,83.31184156427364,0.066775288797444,1,silent_drift,0,0.038992982073786764
2026-10-06 12:23:37,82.84451388663375,0.0484748673252213,1,silent_drift,0,0.06458642527534292
2026-10-06 12:23:38,83.26379298810467,0.0238557723883669,1,silent_drift,1,-0.02886638466890068
2026-10-06 12:23:39,83.38042743169648,0.0616134906023094,1,silent_drift,0,0.047848983523538946
2026-10-06 12:23:40,83.37895331756523,0.0348854177034205,1,silent_drift,0,0.016345412793219438
2026-10-06 12:23:41,83.43860056248296,0.0553717841786401,1,silent_drift,0,0.058835450838525205
2026-10-06 12:23:42,84.05464961993738,0.0516332155531705,1,silent_drift,0,0.047711691182101446
2026-10-06 12:23:43,84.22594933114077,0.0400246724035586,1,silent_drift,0,0.02745628018415991
2026-10-06 12:23:44,83.93571617779976,0.0589633551866251,1,silent_drift,0,0.04522290171704729
2026-10-06 12:23:45,83.2280641586225,0.0530983788277327,1,silent_drift,0,0.06241183555234375
2026-10-06 12:23:46,84.35357691232336,0.0502950675855172,1,silent_drift,0,0.047542998373677314
2026-10-06 12:23:47,83.72183726360555,0.0635138254351334,1,silent_drift,0,0.03819047049965257
2026-10-06 12:23:48,83.61141315439689,0.0703272586290987,1,silent_drift,0,0.03157375222179676
2026-10-06 12:23:49,84.0990056839692,0.0496563866816997,1,silent_drift,0,0.04953642524146157
2026-10-06 12:23:50,84.6906747002614,0.0560215929392445,1,silent_drift,0,0.03677820751068067
2026-10-06 12:23:51,83.82901235088111,0.0688135769127133,1,silent_drift,0,0.029346033092187307
2026-10-06 12:23:52,83.86011827382654,0.0491646108055864,1,silent_drift,0,0.05622639127183454
2026-10-06 12:23:53,85.18222434569579,0.0327046276323373,1,silent_drift,1,-0.017305425058383728
2026-10-06 12:23:54,84.47763968588549,0.0421093093610341,1,silent_drift,0,0.03612159627059697
2026-10-06 12:23:55,84.848165785244,0.0484392374769494,1,silent_drift,0,0.03459784155685924
2026-10-06 12:23:56,83.9471921435568,0.0444450803928916,1,silent_drift,0,0.049219399667996766
2026-10-06 12:23:57,84.57378859559265,0.0412175462339962,1,silent_drift,0,0.02916389427317495
2026-10-06 12:23:58,84.19084288669931,0.0384134389218214,1,silent_drift,0,0.022698529760103836
2026-10-06 12:23:59,84.71603418257337,0.0529868129939871,1,silent_drift,0,0.038440766645121305
2026-10-06 12:24:00,85.09447374232116,0.0592496439300866,1,silent_drift,0,0.02162129779078381
2026-10-06 12:24:01,84.12107572613269,0.0452109326143445,1,silent_drift,0,0.04677843595557091
2026-10-06 12:24:02,84.1381853812581,0.0487781995259812,1,silent_drift,0,0.04970168673334857
2026-10-06 12:24:03,84.17032969339913,0.0628062750090388,1,silent_drift,0,0.03365683082018578
2026-10-06 12:24:04,85.31884046747378,0.056642849407264,1,silent_drift,0,0.02439031426139987
2026-10-06 12:24:05,84.5214787105981,0.0386283571068303,1,silent_drift,0,0.018079686392744154
2026-10-06 12:24:06,84.52427362673792,0.0650220937812747,1,silent_drift,0,0.027966818440410268
2026-10-06 12:24:07,84.64497483103563,0.0391779653712147,1,silent_drift,0,0.014396082240146546
2026-10-06 12:24:08,84.7032294781341,0.0600658568615614,1,silent_drift,0,0.029962868751986116
2026-10-06 12:24:09,85.24060905910177,0.0326042769427301,1,silent_drift,1,-0.018707328305051174
2026-10-06 12:24:10,85.16751987426001,0.0418482120609361,1,silent_drift,0,0.020069299495077075
2026-10-06 12:24:11,84.7813055664979,0.0481006251913512,1,silent_drift,0,0.0372428669487192
2026-10-06 12:24:12,85.19353910369836,0.0450581044265479,1,silent_drift,0,0.026701338354140902
2026-10-06 12:24:13,85.58345082300868,0.0551990224225432,1,silent_drift,0,0.022286351266692095
2026-10-06 12:24:14,84.71760652148278,0.0370500061889424,1,silent_drift,0,0.009210117802622875
2026-10-06 12:24:15,85.40883698545981,0.0581161737779857,1,silent_drift,0,0.020606488366720688
2026-10-06 12:24:16,86.11146311073011,0.0417566893154908,1,silent_drift,0,0.004430371354170737
2026-10-06 12:24:17,85.2593480698791,0.0484153121193232,1,silent_drift,0,0.028004925112776857
2026-10-06 12:24:18,85.59011022597272,0.041427131467024,1,silent_drift,0,0.01313157390967895
2026-10-06 12:24:19,85.5341069957351,0.0478654214828298,1,silent_drift,0,0.029014496445925964
2026-10-06 12:24:20,85.13302678617443,0.0409712759678389,1,silent_drift,0,0.014303683921864152
2026-10-06 12:24:21,85.43654774175249,0.0462057612276065,1,silent_drift,0,0.028220234122431465
2026-10-06 12:24:22,85.02390278777678,0.0480170497881092,1,silent_drift,0,0.03317336635217577
2026-10-06 12:24:23,85.71987770268612,0.0512745748538702,1,silent_drift,0,0.017986841710456614
2026-10-06 12:24:24,85.9017046435505,0.0342468983781589,1,silent_drift,1,-0.020157459847168324
2026-10-06 12:24:25,86.52926604359347,0.058579250436311,1,silent_drift,0,0.0014125967872430922
2026-10-06 12:24:26,85.5549080343254,0.0423531798122995,1,silent_drift,0,0.01639260965871797
2026-10-06 12:24:27,85.43895054326613,0.0390851144396254,1,silent_drift,0,0.0009676000685105435
2026-10-06 12:24:28,86.16875516276092,0.0390452220711145,1,silent_drift,1,-0.010901944386356166
2026-10-06 12:24:29,86.28153661682573,0.0588484422596437,1,silent_drift,0,0.0032332846066038257
2026-10-06 12:24:30,85.97456070942457,0.0496620741757581,1,silent_drift,0,0.018241623168387733
2026-10-06 12:24:31,86.03223867543348,0.0422189181845793,1,silent_drift,0,0.009079023638854877
2026-10-06 12:24:32,86.2344901631253,0.0324235464613464,1,silent_drift,1,-0.03263667616515342
2026-10-06 12:24:33,86.96270576378214,0.0383825887082032,1,silent_drift,1,-0.023792573820070162
2026-10-06 12:24:34,86.27826473988354,0.0566939170450492,1,silent_drift,0,0.0067804170517288265
2026-10-06 12:24:35,86.76690252117258,0.0303965547407724,1,silent_drift,1,-0.04703036984089459
2026-10-06 12:24:36,86.29085405107276,0.0479406212740121,1,silent_drift,0,0.012068928789472522
2026-10-06 12:24:37,86.50463841657059,0.048252294134884,1,silent_drift,0,0.009970417176591195
2026-10-06 12:24:38,87.41236976162276,0.0578893377115656,1,silent_drift,1,-0.01006629014596161
2026-10-06 12:24:39,86.91963324401763,0.0552261746118539,1,silent_drift,1,-0.002012585119088972
2026-10-06 12:24:40,86.87266606829192,0.0533819342473822,1,silent_drift,1,-0.0006194155894531095
2026-10-06 12:24:41,86.68382670731648,0.0343777191038154,1,silent_drift,1,-0.03125654862469396
2026-10-06 12:24:42,86.90463742580593,0.0539078547810769,1,silent_drift,1,-0.0009582424449816607
2026-10-06 12:24:43,86.52583437366803,0.0392262050173156,1,silent_drift,1,-0.0144006585383194
2026-10-06 12:24:44,87.07072975113753,0.0485292882196928,1,silent_drift,0,0.0015668899787564805
2026-10-06 12:24:45,87.57998828113259,0.0576808106765815,1,silent_drift,1,-0.01339340560497504
2026-10-06 12:24:46,87.1686149973439,0.0364221190295516,1,silent_drift,1,-0.029065312308497848
2026-10-06 12:24:47,87.30815388444027,0.0501322767198822,1,silent_drift,1,-0.0049139982569655904
2026-10-06 12:24:48,87.3386902401712,0.0427435107136804,1,silent_drift,1,-0.0076323823372456134
2026-10-06 12:24:49,86.96945195691778,0.057773670450792,1,silent_drift,1,-0.0049681314841295565
2026-10-06 12:24:50,87.20050734452893,0.0462500577393975,1,silent_drift,0,0.00047008594683989324
2026-10-06 12:24:51,86.92098341881407,0.053954536757794,1,silent_drift,1,-0.0012770119182703432
2026-10-06 12:24:52,86.78411633142362,0.0595461171304511,1,silent_drift,1,-0.004116042787545293
2026-10-06 12:24:53,86.75429784604418,0.0416127768439064,1,silent_drift,1,-0.0045931238855876355
2026-10-06 12:24:54,87.69238827557905,0.0526362882858997,1,silent_drift,1,-0.009673053828499922
2026-10-06 12:24:55,87.78789333882102,0.0558352037118497,1,silent_drift,1,-0.010597523703024248
2026-10-06 12:24:56,88.05747867014183,0.0674631231412368,1,silent_drift,1,-0.024810898555556626
2026-10-06 12:24:57,87.17390036094314,0.0460253187890497,1,silent_drift,0,0.0013143095174590336
2026-10-06 12:24:58,87.16846766331587,0.0523693428609914,1,silent_drift,1,-0.004576649650123277
2026-10-06 12:24:59,88.10055466285603,0.0443480891999989,1,silent_drift,1,-0.00914510787439482
2026-10-06 12:25:00,70.96767457439451,0.0868171618004691,0,normal,0,0.11519591713339339
2026-10-06 12:25:01,72.16431159898424,0.0430953085884692,0,normal,0,0.10855152576114468
2026-10-06 12:25:02,73.54099375032013,0.0656984146361228,0,normal,0,0.1145102891723096
2026-10-06 12:25:03,69.16112483116098,0.0581736318835816,0,normal,0,0.1319549628807632
2026-10-06 12:25:04,71.77244386996074,0.0508003602666942,0,normal,0,0.12326003326454471
2026-10-06 12:25:05,70.56346458663567,0.0579245359934558,0,normal,0,0.1329083627799128
2026-10-06 12:25:06,72.7756901239048,0.0599634887353754,0,normal,0,0.12672544980178074
2026-10-06 12:25:07,66.07308112992189,0.0720252502670473,0,normal,0,0.11177293908729063
2026-10-06 12:25:08,67.58723026501535,0.078946033666837,0,normal,0,0.11999081884097229
2026-10-06 12:25:09,71.32240525206264,0.1075783709994341,0,normal,0,0.07885113066727506
2026-10-06 12:25:10,72.02646199474013,0.111494945193815,0,normal,0,0.061761020636578456
2026-10-06 12:25:11,70.71152747948038,0.0677722659115662,0,normal,0,0.1314798637059011
2026-10-06 12:25:12,71.57221968491442,0.1156062484404118,0,normal,0,0.052721343139359444
2026-10-06 12:25:13,71.59941892529982,0.0788050833533228,0,normal,0,0.1166472257799096
2026-10-06 12:25:14,70.0936028365589,0.0737265982362352,0,normal,0,0.12860716454839927
2026-10-06 12:25:15,70.8041579710157,0.108609612721914,0,normal,0,0.08432143966817157
2026-10-06 12:25:16,71.52390956543887,0.0580741569422715,0,normal,0,0.1310559792305454
2026-10-06 12:25:17,67.12027246354847,0.0679456249176688,0,normal,0,0.12115853718606251
2026-10-06 12:25:18,71.24489530721277,0.1127911680232669,0,normal,0,0.0692677895456762
2026-10-06 12:25:19,69.53499014082283,0.0542492704979874,0,normal,0,0.13178521487591116
2026-10-06 12:25:20,70.93455160661526,0.1449530844963713,0,normal,1,-0.022531726113461104
2026-10-06 12:25:21,68.96523663307012,0.0954069929859039,0,normal,0,0.11548782301832927
2026-10-06 12:25:22,69.22298445942774,0.0603022947125971,0,normal,0,0.1327230849874202
2026-10-06 12:25:23,70.05950826770245,0.0765751904211212,0,normal,0,0.12673295844082133
2026-10-06 12:25:24,67.19062819389131,0.1214598971529951,0,normal,0,0.052428962330274276
2026-10-06 12:25:25,70.91101792782739,0.074573947025599,0,normal,0,0.12940544781820573
2026-10-06 12:25:26,70.0259049152556,0.1097554459287836,0,normal,0,0.08690055327391216
2026-10-06 12:25:27,75.63350414541519,0.0704633141115287,0,normal,0,0.09031882090100335
2026-10-06 12:25:28,73.33803567847133,0.0532219638102725,0,normal,0,0.11804485193670172
2026-10-06 12:25:29,71.14417641866373,0.064061026361979,0,normal,0,0.13210784735907866
2026-10-06 12:25:30,71.35463334894321,0.0186201524722548,0,normal,0,0.006075579276254628
2026-10-06 12:25:31,72.3411256598182,0.0989170251921178,0,normal,0,0.0766451893255477
2026-10-06 12:25:32,67.02998105825836,0.0371221846022296,0,normal,0,0.06059574960683528
2026-10-06 12:25:33,67.85630351752515,0.1232969413652724,0,normal,0,0.044824001580839934
2026-10-06 12:25:34,68.84536334286192,0.0706704636656433,0,normal,0,0.13372699923731118
2026-10-06 12:25:35,71.84675593772651,0.044466889010304,0,normal,0,0.11311022897842321
2026-10-06 12:25:36,69.63327701238448,0.0958078803414615,0,normal,0,0.11063858111498787
2026-10-06 12:25:37,71.54357304785259,0.0601583575828637,0,normal,0,0.1288573363195124
2026-10-06 12:25:38,70.51657105918403,0.0972518734466256,0,normal,0,0.10377631724763581
2026-10-06 12:25:39,73.80139582713825,0.0921259732298742,0,normal,0,0.06784974145810874
2026-10-06 12:25:40,73.49637644612135,0.1204863625400661,0,normal,0,0.010942178673566727
2026-10-06 12:25:41,70.74104683713328,0.0692875161615875,0,normal,0,0.131523467725237
2026-10-06 12:25:42,73.20319004554278,0.0904609611807749,0,normal,0,0.07837173450126739
2026-10-06 12:25:43,68.45212134994755,0.0869574435351632,0,normal,0,0.12449263282841161
2026-10-06 12:25:44,66.72553588183024,0.0834122579311116,0,normal,0,0.11240850412852155
2026-10-06 12:25:45,67.11589620500334,0.0716604383084417,0,normal,0,0.12063216193972082
2026-10-06 12:25:46,67.59360426127115,0.0629177871432243,0,normal,0,0.12544016615670905
2026-10-06 12:25:47,68.68669983847965,0.0797636914774439,0,normal,0,0.12983466342360062
2026-10-06 12:25:48,72.30408058950135,0.0296691745740048,0,normal,0,0.05501570165143593
2026-10-06 12:25:49,71.60098226151248,0.0869312095345448,0,normal,0,0.10639551493182214
2026-10-06 12:25:50,73.1676396723868,0.0481807223835773,0,normal,0,0.11709455392076823
2026-10-06 12:25:51,71.08820497688147,0.042978537501094,0,normal,0,0.10972470734683049
2026-10-06 12:25:52,72.56345619715778,0.1004770227805011,0,normal,0,0.06897599505010316
2026-10-06 12:25:53,73.19349381525723,0.0488034950498922,0,normal,0,0.11853702019824697
2026-10-06 12:25:54,69.17254346210748,0.0807221184176708,0,normal,0,0.12694030173672322
2026-10-06 12:25:55,70.84648735553849,0.0516776508894327,0,normal,0,0.12770478506677324
2026-10-06 12:25:56,65.49711191530791,0.1095382447262069,0,normal,0,0.04814832996595131
2026-10-06 12:25:57,72.30910710208707,0.1026292474799834,0,normal,0,0.06745861167456751
2026-10-06 12:25:58,69.15875452679938,0.1300761877676,0,normal,0,0.02558448436159566
2026-10-06 12:25:59,71.10649484825215,0.0543919545638932,0,normal,0,0.1295222199742539
2026-10-06 12:26:00,70.3938954537041,0.0997593535444722,0,normal,0,0.10173440031959657
2026-10-06 12:26:01,70.84551034637285,0.0608733749386748,0,normal,0,0.1328398202413531
2026-10-06 12:26:02,74.98936958525476,0.0761162700860655,0,normal,0,0.0941608568571381
2026-10-06 12:26:03,72.35759850971691,0.0624174984618858,0,normal,0,0.1255664320615486
2026-10-06 12:26:04,71.85784590109286,0.116123186099948,0,normal,0,0.04602774114533975
2026-10-06 12:26:05,71.08351918812966,0.0552699543398226,0,normal,0,0.1289531585658163
2026-10-06 12:26:06,71.09277243918993,0.0988277276882659,0,normal,0,0.097629115932929
2026-10-06 12:26:07,70.0657951503526,0.0636800334527253,0,normal,0,0.1328159679777688
2026-10-06 12:26:08,68.27033839436639,0.0626528430903672,0,normal,0,0.1321315525248608
2026-10-06 12:26:09,73.11501956248212,0.1198468106326451,0,normal,0,0.01647290504222898
2026-10-06 12:26:10,69.5193975923645,0.1004481399582494,0,normal,0,0.10411239506188058
2026-10-06 12:26:11,70.83261590510078,0.1194032129076088,0,normal,0,0.05321112661703692
2026-10-06 12:26:12,72.39382519653151,0.087351086738483,0,normal,0,0.09506951800157948
2026-10-06 12:26:13,69.96215435362868,0.093196405299546,0,normal,0,0.11279919075041439
2026-10-06 12:26:14,72.69963392077698,0.0844700328173527,0,normal,0,0.09727452174431217
2026-10-06 12:26:15,72.85170832599607,0.1281871386955566,0,normal,1,-0.003357231278487194
2026-10-06 12:26:16,72.39684821201045,0.038767181105738,0,normal,0,0.09374482655616168
2026-10-06 12:26:17,71.74662445814249,0.059310358101455,0,normal,0,0.12892897453239704
2026-10-06 12:26:18,74.71854829127706,0.0744891191346435,0,normal,0,0.0973698541564827
2026-10-06 12:26:19,69.58852562694688,0.0776607267785023,0,normal,0,0.12865963291211313
2026-10-06 12:26:20,72.91304220903174,0.0709774886694275,0,normal,0,0.11649990162773138
2026-10-06 12:26:21,72.65686970591952,0.1222843033289128,0,normal,0,0.01953399308782383
2026-10-06 12:26:22,67.96985499511452,0.083734407797264,0,normal,0,0.1226213793756995
2026-10-06 12:26:23,73.32048224837102,0.0853648840372164,0,normal,0,0.08836000592701121
2026-10-06 12:26:24,70.68713022897603,0.0341233847821295,0,normal,0,0.07802102572396352
2026-10-06 12:26:25,73.12743774235949,0.0775889840151972,0,normal,0,0.10795822570363617
2026-10-06 12:26:26,71.48021247253389,0.1052713548965219,0,normal,0,0.07780340914580741
2026-10-06 12:26:27,72.92641049492678,0.0930873019610006,0,normal,0,0.0788302745791673
2026-10-06 12:26:28,72.75556680987125,0.105646304745637,0,normal,0,0.055954433090978584
2026-10-06 12:26:29,69.78656284145526,0.0863956891432244,0,normal,0,0.12300157852923033
2026-10-06 12:26:30,71.71787158838232,0.074573106348606,0,normal,0,0.12240551408124417
2026-10-06 12:26:31,71.99408160058054,0.0519807637029847,0,normal,0,0.12367245786169345
2026-10-06 12:26:32,68.71662112943324,0.0211614654921507,0,normal,0,0.001306045385797483
2026-10-06 12:26:33,69.81913665203068,0.0805280450080756,0,normal,0,0.12501321114864172
2026-10-06 12:26:34,69.62804158445827,0.0455861113727165,0,normal,0,0.11648940355192855
2026-10-06 12:26:35,67.08946612579315,0.0910328837064992,0,normal,0,0.10385291902907984
2026-10-06 12:26:36,72.41469359769616,0.0802210097543114,0,normal,0,0.10543789230296913
2026-10-06 12:26:37,71.10632738393284,0.0924864975676131,0,normal,0,0.10665333069856447
2026-10-06 12:26:38,73.11782289369832,0.0674395080718673,0,normal,0,0.11955860495522896
2026-10-06 12:26:39,70.13888109474242,0.139518021728195,0,normal,1,-0.012877454644450892
2026-10-06 12:26:40,129.422484089024,0.0547843737487729,1,spike,1,-0.2117574286376136
2026-10-06 12:26:41,129.10416995228366,0.0369831286633386,1,spike,1,-0.22197238887945103
2026-10-06 12:26:42,126.23066709558942,0.0393519301638348,1,spike,1,-0.2196859732058969
2026-10-06 12:26:43,128.099534712545,0.0623734688426167,1,spike,1,-0.20855247062069582
2026-10-06 12:26:44,126.90085488231578,0.036358837078182,1,spike,1,-0.22167755761594687
2026-10-06 12:26:45,126.60751229929176,0.0611744216923607,1,spike,1,-0.2122707957520138
2026-10-06 12:26:46,125.35689658135227,0.0566350639976004,1,spike,1,-0.2041092840545332
2026-10-06 12:26:47,70.77667979546155,0.0796059270682326,0,normal,0,0.1252527377015828
2026-10-06 12:26:48,72.979209798513,0.1036400266459834,0,normal,0,0.05657207947839016
2026-10-06 12:26:49,71.46064350533192,0.107562781000175,0,normal,0,0.07662841583697166
2026-10-06 12:26:50,72.14941022888449,0.0458434351620801,0,normal,0,0.11800129741962956
2026-10-06 12:26:51,71.79063667321684,0.1129035304146425,0,normal,0,0.06006703861221374
2026-10-06 12:26:52,71.54107601874794,0.078987367026394,0,normal,0,0.11715022146100512
2026-10-06 12:26:53,70.05147095323866,0.1051707775830275,0,normal,0,0.09266822229252614
2026-10-06 12:26:54,71.98586649162219,0.0770267923800517,0,normal,0,0.11690862570694077
2026-10-06 12:26:55,73.65876218895481,0.0675952921561804,0,normal,0,0.11459654783806272
2026-10-06 12:26:56,70.99687514266664,0.0765344426188053,0,normal,0,0.12695853374560534
2026-10-06 12:26:57,70.1482921698865,0.0772250085809021,0,normal,0,0.12487777783792653
2026-10-06 12:26:58,68.29928761158119,0.1225890377810637,0,normal,0,0.05369035390976157
2026-10-06 12:26:59,71.49185526991035,0.0878669459585667,0,normal,0,0.10760677163382426
2026-10-06 12:27:00,70.54594670546777,0.0930604815396397,0,normal,0,0.11153050077412618
2026-10-06 12:27:01,73.31334666479577,0.0701585630712813,0,normal,0,0.11193924446554232
2026-10-06 12:27:02,72.42128628206798,0.102922760478196,0,normal,0,0.06545403363442387
2026-10-06 12:27:03,72.6440814417281,0.0915125611363825,0,normal,0,0.08209477586024744
2026-10-06 12:27:04,71.80849868228182,0.0838351655473485,0,normal,0,0.10936775790111108
2026-10-06 12:27:05,72.00964973073386,0.0986500368624015,0,normal,0,0.08372254330770001
2026-10-06 12:27:06,69.76949013802347,0.1027435811913692,0,normal,0,0.0964898817812101
2026-10-06 12:27:07,69.49358720983744,0.0594111619733091,0,normal,0,0.1345793074718848
2026-10-06 12:27:08,68.2010215158059,0.0542043952213754,0,normal,0,0.12626443722725317
2026-10-06 12:27:09,69.1069467864462,0.1210142040039241,0,normal,0,0.058497192752661686
2026-10-06 12:27:10,68.58669677999606,0.0658602493503266,0,normal,0,0.13222452617270408
2026-10-06 12:27:11,67.6769132992593,0.1052427843858836,0,normal,0,0.08858020498651203
2026-10-06 12:27:12,70.12070928404573,0.1043460167296238,0,normal,0,0.09256566257237175
2026-10-06 12:27:13,73.80016813274183,0.0647268571872988,0,normal,0,0.11615856233634886
2026-10-06 12:27:14,72.01052562603353,0.1019122898223345,0,normal,0,0.07884699568484821
2026-10-06 12:27:15,71.77830002515125,0.0799136519835765,0,normal,0,0.1144434294644972
2026-10-06 12:27:16,70.53043904792335,0.1106357460855677,0,normal,0,0.08386341696216987
2026-10-06 12:27:17,70.7546450972733,0.0525349682680619,0,normal,0,0.1272077579067214
2026-10-06 12:27:18,69.83384483915385,0.0973406683273427,0,normal,0,0.10844442288365108
2026-10-06 12:27:19,71.53472782989931,0.0602376864188253,0,normal,0,0.12831098811367253
2026-10-06 12:27:20,68.2629411541577,0.0787633896195126,0,normal,0,0.12789187195507662
2026-10-06 12:27:21,68.36365490036772,0.0326018224957692,0,normal,0,0.06359458364696752
2026-10-06 12:27:22,71.49199545072074,0.11255715177447,0,normal,0,0.06463115351918658
2026-10-06 12:27:23,71.9848773707338,0.0606633599561861,0,normal,0,0.1287723263389472
2026-10-06 12:27:24,70.65313479771885,0.1322031495591099,0,normal,0,0.010549321482554774
2026-10-06 12:27:25,70.498950252215,0.0916823960055311,0,normal,0,0.1103359628531207
2026-10-06 12:27:26,73.92079823425613,0.103943088090172,0,normal,0,0.04019487100295144
2026-10-06 12:27:27,72.37744410025269,0.0609095845570116,0,normal,0,0.12715841832399022
2026-10-06 12:27:28,69.2273057706458,0.0922651909311781,0,normal,0,0.11731362948234886
2026-10-06 12:27:29,70.79087832993473,0.0300989568221962,0,normal,0,0.059971139759227965
2026-10-06 12:27:30,71.51159991602809,0.0931199533705888,0,normal,0,0.0979260646755607
2026-10-06 12:27:31,70.71466210234568,0.061636192005982,0,normal,0,0.13289298650716552
2026-10-06 12:27:32,68.77273683789078,0.1088713144061438,0,normal,0,0.0909812495214718
2026-10-06 12:27:33,67.26876767907244,0.1016250768199732,0,normal,0,0.09191560749190819
2026-10-06 12:27:34,67.79350808769081,0.0822024448927533,0,normal,0,0.12246641450043122
2026-10-06 12:27:35,72.06056370936908,0.0927634549473525,0,normal,0,0.09200606443053139
2026-10-06 12:27:36,70.0559004286159,0.0945457219359921,0,normal,0,0.10973277496094141
2026-10-06 12:27:37,68.7981362197435,0.0787476491781897,0,normal,0,0.12974112443907382
2026-10-06 12:27:38,71.27268115735863,0.0922975216968049,0,normal,0,0.1023475626275463
2026-10-06 12:27:39,74.89213616587188,0.082799058014198,0,normal,0,0.07528065067520806
2026-10-06 12:27:40,70.48765398301924,0.1288341683747643,0,normal,0,0.021699322117735675
2026-10-06 12:27:41,73.05333749812526,0.1000905272084997,0,normal,0,0.06456289699850742
2026-10-06 12:27:42,71.30133183360094,0.0810379521869431,0,normal,0,0.11591959933470891
2026-10-06 12:27:43,70.614459060047,0.0800662806235892,0,normal,0,0.123456773840806
2026-10-06 12:27:44,68.1453862709589,0.0866452022445509,0,normal,0,0.12218943379817793
2026-10-06 12:27:45,70.30464461360027,0.1074857842624929,0,normal,0,0.0846688529221381
2026-10-06 12:27:46,67.8632133652599,0.0690513165287336,0,normal,0,0.12733400764130115
2026-10-06 12:27:47,70.14833731623257,0.1112411430847419,0,normal,0,0.07889046147747125
2026-10-06 12:27:48,71.30236507384745,0.1662798863826565,0,normal,1,-0.043557907191382306
2026-10-06 12:27:49,71.99073954233855,0.0684423818037874,0,normal,0,0.1245056551317053
2026-10-06 12:27:50,72.09936440718907,0.0727052339484301,0,normal,0,0.12218881002406956
2026-10-06 12:27:51,73.9493248706612,0.0875947161479687,0,normal,0,0.07686363243282152
2026-10-06 12:27:52,73.88923501294899,0.0775057409275073,0,normal,0,0.10110124685366795
2026-10-06 12:27:53,68.91917306897982,0.1038298907114364,0,normal,0,0.09947777041262612
2026-10-06 12:27:54,70.6702496852004,0.093258964813161,0,normal,0,0.10867967798325612
2026-10-06 12:27:55,70.62909531711037,0.0761167027373695,0,normal,0,0.12898400230850215
2026-10-06 12:27:56,70.87173979303107,0.0839129067331624,0,normal,0,0.12130770043922245
2026-10-06 12:27:57,70.19138607413953,0.0763125952455801,0,normal,0,0.1278378023898687
2026-10-06 12:27:58,69.55744411669176,0.1015570232492116,0,normal,0,0.1021071494327036
2026-10-06 12:27:59,70.12034454669363,0.123619900697465,0,normal,0,0.041000645944411995
2026-10-06 12:28:00,70.06595575901156,0.0886918073931826,0,normal,0,0.11646413658792398
2026-10-06 12:28:01,70.89933751418138,0.1224911977577435,0,normal,0,0.04456286603089454
2026-10-06 12:28:02,73.70314637675526,0.0645030003352951,0,normal,0,0.11654985046782473
2026-10-06 12:28:03,72.48925630514087,0.0661194322802481,0,normal,0,0.12251181321564553
2026-10-06 12:28:04,72.45098093024129,0.1095073164206956,0,normal,0,0.05881721110879179
2026-10-06 12:28:05,70.03537757713664,0.0901207151815334,0,normal,0,0.1142575184275873
2026-10-06 12:28:06,71.5683264789975,0.0655759762273614,0,normal,0,0.12638346955370722
2026-10-06 12:28:07,71.81043748796328,0.0617549127493844,0,normal,0,0.1292273599935227
2026-10-06 12:28:08,73.05789998322646,0.0730562812523755,0,normal,0,0.11477205616386149
2026-10-06 12:28:09,71.23053945863752,0.0464309646886411,0,normal,0,0.11908412927467016
2026-10-06 12:28:10,71.5129494629017,0.0270066006344427,0,normal,0,0.040915574405232746
2026-10-06 12:28:11,72.48072308912565,0.0590790033756179,0,normal,0,0.12570481533374306
2026-10-06 12:28:12,69.65916217559409,0.0496209953369085,0,normal,0,0.12540928722718508
2026-10-06 12:28:13,70.2864712791879,0.0621047462414628,0,normal,0,0.13213241882972498
2026-10-06 12:28:14,74.45837477565176,0.1042717244432499,0,normal,0,0.03233135481168292
2026-10-06 12:28:15,73.42266273975798,0.0771125703035631,0,normal,0,0.10235766865818297
2026-10-06 12:28:16,72.80189670811342,0.0647037480193899,0,normal,0,0.12224322517064512
2026-10-06 12:28:17,72.71305126341795,0.0828013142771979,0,normal,0,0.09916845750170716
2026-10-06 12:28:18,70.78284753843722,0.1063530958240231,0,normal,0,0.08997421955040391
2026-10-06 12:28:19,71.38089324057975,0.0979826394371388,0,normal,0,0.0909101782567967
2026-10-06 12:28:20,70.07724321664232,0.0660408975836949,0,normal,0,0.13321280099036592
2026-10-06 12:28:21,69.14633105579219,0.0770466393066757,0,normal,0,0.1280031867786388
2026-10-06 12:28:22,68.95802565165123,0.0086878869043893,0,normal,1,-0.03131032391069932
2026-10-06 12:28:23,71.34544153402992,0.0711232480927553,0,normal,0,0.12651335561239907
2026-10-06 12:28:24,69.97628697985174,0.0539152622976667,0,normal,0,0.1287652758434154
2026-10-06 12:28:25,72.25945782020138,0.0813705759881198,0,normal,0,0.10481837028399216
2026-10-06 12:28:26,72.76961467404637,0.0805288377138751,0,normal,0,0.09996993479823635
2026-10-06 12:28:27,74.41291531819395,0.1299616786854826,0,normal,1,-0.02116160167103065
2026-10-06 12:28:28,72.34359134399608,0.0642208522274,0,normal,0,0.12402278679032919
2026-10-06 12:28:29,72.6373573198853,0.103356161483748,0,normal,0,0.06134958036393029
2026-10-06 12:28:30,71.71044256784946,0.029497174668532,0,normal,0,0.05600845211997024
2026-10-06 12:28:31,70.46510028114294,0.0795434529651376,0,normal,0,0.12553393407546182
2026-10-06 12:28:32,69.69227547651452,0.0899054234234892,0,normal,0,0.11722482555458075
2026-10-06 12:28:33,68.15258822671854,0.068342435463661,0,normal,0,0.13262592619185704
2026-10-06 12:28:34,68.35570240792924,0.0532328711702142,0,normal,0,0.12525694051698033
2026-10-06 12:28:35,67.65081573705731,0.083196639921268,0,normal,0,0.1195994686215911
2026-10-06 12:28:36,71.39042446232453,0.0674191571636102,0,normal,0,0.1276317124784364
2026-10-06 12:28:37,73.06007578010855,0.0859637134231262,0,normal,0,0.09015087161364121
2026-10-06 12:28:38,71.88501658074064,0.101717265502703,0,normal,0,0.08199995512295172
2026-10-06 12:28:39,71.7084292882496,0.0793533431216595,0,normal,0,0.11610535090544821
2026-10-06 12:28:40,70.9495731864264,0.069019491706122,0,normal,0,0.13010398742915735
2026-10-06 12:28:41,70.7352032071086,0.108669636006561,0,normal,0,0.08416790526155743
2026-10-06 12:28:42,71.97681525215366,0.0819824008533694,0,normal,0,0.10891526684563457
2026-10-06 12:28:43,69.99539977530668,0.1043419659317139,0,normal,0,0.09453871382414364
2026-10-06 12:28:44,68.64545340861888,0.0711691200265025,0,normal,0,0.13384505837472566
2026-10-06 12:28:45,66.88153558239705,0.0825784028135627,0,normal,0,0.11144802613226934
2026-10-06 12:28:46,70.18742599693852,0.0636602055433945,0,normal,0,0.13242020535418347
2026-10-06 12:28:47,69.30136989457834,0.0824028433182941,0,normal,0,0.1265438238562137
2026-10-06 12:28:48,70.02017960622558,0.0733404658263833,0,normal,0,0.1295558988923583
2026-10-06 12:28:49,72.48242578176308,0.0517241729307065,0,normal,0,0.12153136454970387
2026-10-06 12:28:50,74.2018965112316,0.0427941565424807,0,normal,0,0.10006456239275324
2026-10-06 12:28:51,74.44531224079209,0.0668029917663029,0,normal,0,0.10940745886285186
2026-10-06 12:28:52,72.48131267891095,0.0462592058652641,0,normal,0,0.11570536335105935
2026-10-06 12:28:53,72.54770534041735,0.1196357927011622,0,normal,0,0.023283180844477613
2026-10-06 12:28:54,69.73743309971643,0.0754915526240716,0,normal,0,0.1307147432556897
2026-10-06 12:28:55,70.96120507113056,0.0850722410034598,0,normal,0,0.11836036401767258
2026-10-06 12:28:56,66.71155402401611,0.0881463832965498,0,normal,0,0.10928056706740952
2026-10-06 12:28:57,65.36071214089952,0.0616491577491784,0,normal,0,0.09141867161275846
2026-10-06 12:28:58,68.96895663455687,0.102914879618492,0,normal,0,0.10068157753264556
2026-10-06 12:28:59,72.54152502423585,0.0524015112998695,0,normal,0,0.1227345842482096
2026-10-06 12:29:00,72.43167190167183,0.1046578718478633,0,normal,0,0.06431673477753624
2026-10-06 12:29:01,69.74209455771995,0.0482427490657534,0,normal,0,0.1202946103296374
2026-10-06 12:29:02,70.33980366680953,0.0702413501076827,0,normal,0,0.13173161609456213
2026-10-06 12:29:03,72.40602623877177,0.0883671226123207,0,normal,0,0.09530273818078477
2026-10-06 12:29:04,73.72848237703408,0.0828769243306569,0,normal,0,0.08777874323792456
2026-10-06 12:29:05,71.8595477998476,0.108109311766311,0,normal,0,0.07234940127928391
2026-10-06 12:29:06,72.73664368560912,0.1054363647949085,0,normal,0,0.05727786903622045
2026-10-06 12:29:07,66.31549409078286,0.1082556334496928,0,normal,0,0.07013508265680046
2026-10-06 12:29:08,68.39543986814914,0.0785793969649675,0,normal,0,0.12815667048570206
2026-10-06 12:29:09,69.56345045518735,0.0887405766036361,0,normal,0,0.1210963593750502
2026-10-06 12:29:10,70.57593512049137,0.0572056596044956,0,normal,0,0.1315625340137591
2026-10-06 12:29:11,70.57488069539039,0.0927750694759659,0,normal,0,0.11099300824564756
2026-10-06 12:29:12,72.22742221207228,0.0784400756422545,0,normal,0,0.11256617554942966
2026-10-06 12:29:13,72.20534102328197,0.0526289985977656,0,normal,0,0.1249481334573902
2026-10-06 12:29:14,73.4698342027901,0.0903432822809849,0,normal,0,0.0712430912846872
2026-10-06 12:29:15,74.6984114519701,0.1143128591859319,0,normal,0,0.009319643380451326
2026-10-06 12:29:16,73.94112422675022,0.0785278871484514,0,normal,0,0.09720949182689409
2026-10-06 12:29:17,69.5048837502206,0.1254569240036206,0,normal,0,0.040111956597758236
2026-10-06 12:29:18,69.63038885176485,0.1108193010816769,0,normal,0,0.08651455178616319
2026-10-06 12:29:19,71.17156521695185,0.1103151539395582,0,normal,0,0.080581926722753
2026-10-06 12:29:20,71.55818594911491,0.0785269557609186,0,normal,0,0.116534076236535
2026-10-06 12:29:21,69.29213579099996,0.1204316493229716,0,normal,0,0.05908880228141955
2026-10-06 12:29:22,69.48146054502777,0.1197216100470566,0,normal,0,0.05969457801642519
2026-10-06 12:29:23,70.71836564960333,0.0680903890441268,0,normal,0,0.13189554314051855
2026-10-06 12:29:24,72.2984622774172,0.0655393248062862,0,normal,0,0.12266849378924966
2026-10-06 12:29:25,72.57956033545769,0.0784032517727937,0,normal,0,0.10517440247026627
2026-10-06 12:29:26,72.04030913155307,0.0618864892381123,0,normal,0,0.1277060422818876
2026-10-06 12:29:27,72.2561472862655,0.0259261865709742,0,normal,0,0.036169205203069044
2026-10-06 12:29:28,72.39230381208793,0.0575984830214492,0,normal,0,0.12816064347315864
2026-10-06 12:29:29,71.28482374671162,0.1007313791319837,0,normal,0,0.09141923921271439
2026-10-06 12:29:30,71.25605559161316,0.0840350434407273,0,normal,0,0.11615462752842076
2026-10-06 12:29:31,70.46291661380823,0.1228740920950092,0,normal,0,0.04152374533270248
2026-10-06 12:29:32,71.88004094257367,0.0602587892184544,0,normal,0,0.1287941130212279
2026-10-06 12:29:33,70.03807398705742,0.0948870029109064,0,normal,0,0.11128985128310948
2026-10-06 12:29:34,69.09130853838397,0.0709338507229536,0,normal,0,0.13328311645932917
2026-10-06 12:29:35,70.73598825640529,0.1133045807843513,0,normal,0,0.07253121769304244
2026-10-06 12:29:36,72.17149396099542,0.0796325113907895,0,normal,0,0.11094002077852039
2026-10-06 12:29:37,70.08146192806075,0.0745039147314807,0,normal,0,0.1292745491490333
2026-10-06 12:29:38,68.91164448997681,0.0358167936817605,0,normal,0,0.08020104056230498
2026-10-06 12:29:39,71.14932571140479,0.069222096377877,0,normal,0,0.1303480847268117
2026-10-06 12:29:40,74.49514283497804,0.0818356365177561,0,normal,0,0.07927796477664872
2026-10-06 12:29:41,73.40592738711095,0.0961344838560985,0,normal,0,0.06411051977785115
2026-10-06 12:29:42,71.04171505586373,0.072333793072317,0,normal,0,0.13038833433588676
2026-10-06 12:29:43,70.75720354809779,0.0622903233760071,0,normal,0,0.13242761407148312
2026-10-06 12:29:44,70.79447366227835,0.098575647065753,0,normal,0,0.10107950622259099
2026-10-06 12:29:45,65.22545894896551,0.0456948929774879,0,normal,0,0.06243998041777826
2026-10-06 12:29:46,71.9553912341445,0.1159046854009801,0,normal,0,0.045007105958838445
2026-10-06 12:29:47,69.20976215246324,0.0961507561378581,0,normal,0,0.1099341801248403
2026-10-06 12:29:48,70.92008458172751,0.0666852519822544,0,normal,0,0.13159524379923065
2026-10-06 12:29:49,69.3822629809424,0.1081358608999206,0,normal,0,0.09234548161316858
2026-10-06 12:29:50,73.99194335971215,0.0924814910758189,0,normal,0,0.06510899917823099
2026-10-06 12:29:51,72.20919860006428,0.0713699886723459,0,normal,0,0.12079730151882917
2026-10-06 12:29:52,72.84686459910847,0.1200100531124165,0,normal,0,0.01723206374042774
2026-10-06 12:29:53,73.07057412787319,0.0558023303359796,0,normal,0,0.1253142113273379
2026-10-06 12:29:54,72.95993740139515,0.0520579891056805,0,normal,0,0.1234967538638102
2026-10-06 12:29:55,70.36851686900465,0.0729646410554426,0,normal,0,0.13293094958706292
2026-10-06 12:29:56,72.22928033052857,0.0636848662005552,0,normal,0,0.12547002994612777
2026-10-06 12:29:57,66.79946467300275,0.0411458987637974,0,normal,0,0.07353402820630012
2026-10-06 12:29:58,69.10557846188308,0.0164882174178724,0,normal,1,-0.009215734546287546
2026-10-06 12:29:59,68.0446229273666,0.1241943869241478,0,normal,0,0.04135957688610009
2026-10-06 12:30:00,69.0,0.0508690519005945,1,dropout,0,0.12357231814838493
2026-10-06 12:30:01,69.0,0.041907150118417,1,dropout,0,0.10554211758666937
2026-10-06 12:30:02,69.0,0.0503798686059378,1,dropout,0,0.12305994743247023
2026-10-06 12:30:03,69.0,0.0367388910259878,1,dropout,0,0.08703928644452336
2026-10-06 12:30:04,69.0,0.0739857563832533,1,dropout,0,0.1319681327403901
2026-10-06 12:30:05,69.0,0.0517320752203974,1,dropout,0,0.12722249855517254
2026-10-06 12:30:06,69.0,0.061849951460041,1,dropout,0,0.13372608696286614
2026-10-06 12:30:07,69.0,0.0273422291457178,1,dropout,0,0.04052897614821066
2026-10-06 12:30:08,69.0,0.0499952728577277,1,dropout,0,0.12225988386079029
2026-10-06 12:30:09,69.0,0.0409430269610804,1,dropout,0,0.1022108446568814
2026-10-06 12:30:10,69.0,0.0323630612639776,1,dropout,0,0.06964412302280698
2026-10-06 12:30:11,69.0,0.0368847272390946,1,dropout,0,0.08815662777672362
2026-10-06 12:30:12,69.0,0.0501527377503326,1,dropout,0,0.12237473813535066
2026-10-06 12:30:13,69.0,0.0435222672042105,1,dropout,0,0.10742996081877931
2026-10-06 12:30:14,69.0,0.0433705085047523,1,dropout,0,0.1072851188397862
2026-10-06 12:30:15,69.0,0.0381716295622418,1,dropout,0,0.09382757353872512
2026-10-06 12:30:16,69.0,0.0331539309187268,1,dropout,0,0.06993023303083745
2026-10-06 12:30:17,69.0,0.0513494438274424,1,dropout,0,0.12319161043163673
2026-10-06 12:30:18,69.0,0.0437698461299062,1,dropout,0,0.10796617962055055
2026-10-06 12:30:19,69.0,0.0423719548633238,1,dropout,0,0.10357245884707122
2026-10-06 12:30:20,69.87956891127381,0.0873739962810175,0,normal,0,0.12211914966842408
2026-10-06 12:30:21,70.08935831474787,0.0953441193138627,0,normal,0,0.11000483821458867
2026-10-06 12:30:22,70.13163632988743,0.0783749995106771,0,normal,0,0.12629121096981583
2026-10-06 12:30:23,71.0587151282458,0.0729889024640389,0,normal,0,0.13015809577596782
2026-10-06 12:30:24,68.08797305067753,0.0481825891381484,0,normal,0,0.11300808173317212
2026-10-06 12:30:25,70.43953221490963,0.058208365125911,0,normal,0,0.12982949877510808
2026-10-06 12:30:26,76.33226572876355,0.0687011419028779,0,normal,0,0.08657951129250374
2026-10-06 12:30:27,72.85499330304988,0.0563258396014343,0,normal,0,0.12694775686783916
2026-10-06 12:30:28,70.61458601169835,0.0635550574733486,0,normal,0,0.1327585572757875
2026-10-06 12:30:29,74.21435877840845,0.0970204806797441,0,normal,0,0.053268975710316024
2026-10-06 12:30:30,69.71441511318383,0.10341493358124,0,normal,0,0.0976747018996329
2026-10-06 12:30:31,71.09145642377376,0.0539457493725577,0,normal,0,0.12929347492845178
2026-10-06 12:30:32,69.31062836412332,0.0976580809092591,0,normal,0,0.10878520344115367
2026-10-06 12:30:33,68.37352988267534,0.0511052361813866,0,normal,0,0.12099279252024597
2026-10-06 12:30:34,67.6923041530794,0.0499313246312765,0,normal,0,0.11455468136607266
2026-10-06 12:30:35,69.82406327701156,0.0576331669435438,0,normal,0,0.13302292685576267
2026-10-06 12:30:36,70.5097985012297,0.0662744675295127,0,normal,0,0.13315304780209258
2026-10-06 12:30:37,70.92460981686483,0.0432479813551914,0,normal,0,0.10981563882090578
2026-10-06 12:30:38,70.20688760283025,0.0683768963248534,0,normal,0,0.13209411926571796
2026-10-06 12:30:39,71.2722725398135,0.0731285329957719,0,normal,0,0.12721982137038534
2026-10-06 12:30:40,74.49267223892663,0.0817208059621249,0,normal,0,0.07927796477664872
2026-10-06 12:30:41,71.84359153943657,0.1114936326687179,0,normal,0,0.06518225481917161
2026-10-06 12:30:42,71.39861179408584,0.0709580773850191,0,normal,0,0.12583428835046723
2026-10-06 12:30:43,67.8141497964664,0.0558068418822319,0,normal,0,0.12307160618447954
2026-10-06 12:30:44,72.51467501230644,0.0565489092930058,0,normal,0,0.12639247869673348
2026-10-06 12:30:45,70.05453828209329,0.0640980709587269,0,normal,0,0.1325589185451173
2026-10-06 12:30:46,69.88850599591242,0.1041590644678141,0,normal,0,0.09738572259117423
2026-10-06 12:30:47,71.13922551107751,0.0916238948995519,0,normal,0,0.10639762878073894
2026-10-06 12:30:48,71.1787661497454,0.0718956400124268,0,normal,0,0.12935421531109037
2026-10-06 12:30:49,71.25039261466034,0.0502690117463626,0,normal,0,0.12446378571516165
2026-10-06 12:30:50,70.31732303931823,0.0403311134146632,0,normal,0,0.10380305659439265
2026-10-06 12:30:51,71.56246849176881,0.1005106360421932,0,normal,0,0.08732285590842753
2026-10-06 12:30:52,70.5731078389267,0.0919723926001432,0,normal,0,0.11105317149779731
2026-10-06 12:30:53,73.68974255295564,0.0737041776989418,0,normal,0,0.10688264016352922
2026-10-06 12:30:54,70.05510028541367,0.0901927376850933,0,normal,0,0.11325336565921756
2026-10-06 12:30:55,68.13657793988168,0.116836680134834,0,normal,0,0.06689104112630478
2026-10-06 12:30:56,70.65456424140638,0.0696412214085952,0,normal,0,0.13181946677277456
2026-10-06 12:30:57,70.7295155234361,0.100384262020727,0,normal,0,0.09869413556349083
2026-10-06 12:30:58,69.77703233041352,0.047849200058098,0,normal,0,0.12045436318569647
2026-10-06 12:30:59,69.89273292724812,0.1264318338441162,0,normal,0,0.03775324485928516
2026-10-06 12:31:00,71.32158857803537,0.0804345958432385,0,normal,0,0.1169493476602339
2026-10-06 12:31:01,71.29688187898198,0.0974883320768714,0,normal,0,0.0946821229134544
2026-10-06 12:31:02,72.72739165883945,0.0750052167079618,0,normal,0,0.11518668642501206
2026-10-06 12:31:03,69.95074458320353,0.0856823247484806,0,normal,0,0.1219353283564687
2026-10-06 12:31:04,72.66220552800203,0.097028603170377,0,normal,0,0.07522495379399019
2026-10-06 12:31:05,71.18988438793829,0.0716114696858245,0,normal,0,0.12899089272280678
2026-10-06 12:31:06,70.3509807850928,0.0959096186378981,0,normal,0,0.10889132741244079
2026-10-06 12:31:07,69.47109645755876,0.1305880777740559,0,normal,0,0.022892042717079786
2026-10-06 12:31:08,68.52210359758884,0.0647778804338223,0,normal,0,0.13243177267765477
2026-10-06 12:31:09,68.51171352491596,0.0648381690519837,0,normal,0,0.13243177267765477
2026-10-06 12:31:10,66.4376037884171,0.0716289139745916,0,normal,0,0.11463317416829755
2026-10-06 12:31:11,71.94046586559298,0.0836255356312236,0,normal,0,0.1079674684794909
2026-10-06 12:31:12,72.05261444932317,0.0625021535024554,0,normal,0,0.1276959639047957
2026-10-06 12:31:13,73.92756330359407,0.1320494715360069,0,normal,1,-0.02546775159088499
2026-10-06 12:31:14,70.8718828321064,0.1182747305983389,0,normal,0,0.055882892687355024
2026-10-06 12:31:15,68.35657612372134,0.1186194581253157,0,normal,0,0.06355473654612154
2026-10-06 12:31:16,72.66550629190972,0.05344554954258,0,normal,0,0.12397618966421342
2026-10-06 12:31:17,70.88748413158365,0.0735287320479378,0,normal,0,0.12955169291827706
2026-10-06 12:31:18,72.47574413060754,0.0927394505343182,0,normal,0,0.08394667379412524
2026-10-06 12:31:19,72.83465455499541,0.0404511992200264,0,normal,0,0.10007678911663848
2026-10-06 12:31:20,71.02227731243171,0.056798885383418,0,normal,0,0.13045723134691445
2026-10-06 12:31:21,68.8725406656385,0.0409210233454121,0,normal,0,0.0999879156110543
2026-10-06 12:31:22,69.45699665159762,0.0870503742095695,0,normal,0,0.12392821099063106
2026-10-06 12:31:23,69.85114926113474,0.0889742372062597,0,normal,0,0.11842415211861823
2026-10-06 12:31:24,70.98732245386917,0.032132319303311,0,normal,0,0.07122214240121677
2026-10-06 12:31:25,70.28379285339037,0.075159720583626,0,normal,0,0.12903800386055747
2026-10-06 12:31:26,68.73895940251353,0.0504933880119089,0,normal,0,0.1222161253603915
2026-10-06 12:31:27,71.04243713690191,0.0498373971609658,0,normal,0,0.12466988750255159
2026-10-06 12:31:28,71.43626190179484,0.1023986249413689,0,normal,0,0.08491970565859808
2026-10-06 12:31:29,71.10491482080529,0.0791205782981898,0,normal,0,0.12429268060615706
2026-10-06 12:31:30,70.51987372341846,0.0910389698598679,0,normal,0,0.11100144092829511
2026-10-06 12:31:31,68.74152753007219,0.0858706518006151,0,normal,0,0.1257869978754666
2026-10-06 12:31:32,67.28998010005036,0.0587452819134328,0,normal,0,0.11753566380331898
2026-10-06 12:31:33,69.06736609732891,0.0760930856899791,0,normal,0,0.1298457747699146
2026-10-06 12:31:34,69.07478897190413,0.1034060785908202,0,normal,0,0.0993594033401129
2026-10-06 12:31:35,71.59812128949946,0.0653066659588517,0,normal,0,0.12720584184752837
2026-10-06 12:31:36,70.69154577680877,0.076276560538365,0,normal,0,0.1294111545712437
2026-10-06 12:31:37,74.09728603076492,0.1027997782172027,0,normal,0,0.0384651172557256
2026-10-06 12:31:38,74.13433706041687,0.0600789579247465,0,normal,0,0.11730127722044942
2026-10-06 12:31:39,71.08598610267502,0.1031581194350572,0,normal,0,0.0893141552992815
2026-10-06 12:31:40,72.38793362536939,0.1042563358820002,0,normal,0,0.0654559118463357
2026-10-06 12:31:41,74.98472625583479,0.0626181151156127,0,normal,0,0.10627938635678102
2026-10-06 12:31:42,70.10856110532002,0.0811007223476432,0,normal,0,0.12355672751103985
2026-10-06 12:31:43,70.62452033385841,0.0704395930854846,0,normal,0,0.1319080289655868
2026-10-06 12:31:44,73.14927143499634,0.1185523509235679,0,normal,0,0.021791952916034252
2026-10-06 12:31:45,69.62367628415133,0.0361674463715347,0,normal,0,0.08792337769351277
2026-10-06 12:31:46,70.99921343437944,0.0837113099908083,0,normal,0,0.11902881987905228
2026-10-06 12:31:47,71.00513236556702,0.0290492356842794,0,normal,0,0.05400093286253593
2026-10-06 12:31:48,75.77733763256721,0.076891984601304,0,normal,0,0.08343501108686974
2026-10-06 12:31:49,71.5246265017776,0.0980445214328595,0,normal,0,0.08949700118545995
2026-10-06 12:31:50,73.56271426699621,0.058299612850063,0,normal,0,0.12011308846831176
2026-10-06 12:31:51,71.13994712684269,0.0381664503056698,0,normal,0,0.09775871161863181
2026-10-06 12:31:52,74.25810562394247,0.0785050930479374,0,normal,0,0.09336685308482684
2026-10-06 12:31:53,70.56040265201247,0.1161639231627984,0,normal,0,0.06054871891890712
2026-10-06 12:31:54,70.7462637056984,0.0867372015432039,0,normal,0,0.11773294028655945
2026-10-06 12:31:55,70.59819176204847,0.0861492256911208,0,normal,0,0.1183011913921056
2026-10-06 12:31:56,67.72180049357483,0.0753661237530514,0,normal,0,0.12657189205801395
2026-10-06 12:31:57,70.28721093647837,0.0546122031731684,0,normal,0,0.1286893599820672
2026-10-06 12:31:58,71.25010012000521,0.1148461448291884,0,normal,0,0.062456621069515716
2026-10-06 12:31:59,68.41172990288565,0.1312379279006448,0,normal,0,0.02115665458884297
2026-10-06 12:32:00,70.14949868939009,0.0415484401229242,0,normal,0,0.10640232529568955
2026-10-06 12:32:01,72.11207119678609,0.0728006474188444,0,normal,0,0.12218881002406956
2026-10-06 12:32:02,70.98085542594495,0.0389347605293556,0,normal,0,0.09730567329238976
2026-10-06 12:32:03,73.543126825663,0.0828366401899916,0,normal,0,0.08774267703541594
2026-10-06 12:32:04,70.63441029407294,0.0946106738430866,0,normal,0,0.10759417488719636
2026-10-06 12:32:05,73.02459784579928,0.0760851970764086,0,normal,0,0.11268421875641105
2026-10-06 12:32:06,70.90916660590169,0.0932142033696835,0,normal,0,0.10734315696881558
2026-10-06 12:32:07,71.32347125439505,0.046385672666842,0,normal,0,0.11816743990113915
2026-10-06 12:32:08,69.88735398196306,0.0551084415829532,0,normal,0,0.13006172813870048
2026-10-06 12:32:09,69.1886826514999,0.049546252300064,0,normal,0,0.12307431035252558
2026-10-06 12:32:10,65.8482856344723,0.0546451272537693,0,normal,0,0.09498352756510786
2026-10-06 12:32:11,73.94178866337336,0.0765660269894733,0,normal,0,0.10271279253537718
2026-10-06 12:32:12,71.79051896323303,0.0683617753566022,0,normal,0,0.12650402788446752
2026-10-06 12:32:13,71.3915112131795,0.0477414519261255,0,normal,0,0.12080494129258107
2026-10-06 12:32:14,71.14217692124413,0.0893430085363898,0,normal,0,0.10888758213348387
2026-10-06 12:32:15,72.55770753315213,0.1058896923568097,0,normal,0,0.05748558927206793
2026-10-06 12:32:16,74.24339611427908,0.0657886689501555,0,normal,0,0.10977642517739195
2026-10-06 12:32:17,72.44666488907458,0.0599616216630055,0,normal,0,0.12682864212678718
2026-10-06 12:32:18,71.08103102590827,0.0543307470915438,0,normal,0,0.129129095497041
2026-10-06 12:32:19,69.45499858970278,0.0772202321669954,0,normal,0,0.1283824172290104
2026-10-06 12:32:20,68.74837386261495,0.0580789876869319,0,normal,0,0.13210953555670213
2026-10-06 12:32:21,69.28439452916778,0.1184842423155818,0,normal,0,0.06393311897142251
2026-10-06 12:32:22,71.72944002387732,0.0556270972847334,0,normal,0,0.12855597221960396
2026-10-06 12:32:23,69.76093393397251,0.0727487439580484,0,normal,0,0.132385496848271
2026-10-06 12:32:24,74.42382381495676,0.0971394761278145,0,normal,0,0.050275425613629965
2026-10-06 12:32:25,71.22622834657676,0.0664817415252223,0,normal,0,0.1297931724876849
2026-10-06 12:32:26,75.36275755075275,0.0417329249782372,0,normal,0,0.08674586084161273
2026-10-06 12:32:27,70.46001025072046,0.0872035102050493,0,normal,0,0.11738012327060043
2026-10-06 12:32:28,71.11171935938059,0.1107854358534453,0,normal,0,0.07992598703791282
2026-10-06 12:32:29,71.3313942388113,0.0330996947951245,0,normal,0,0.07734383535600825
2026-10-06 12:32:30,67.91132670078663,0.0630636390494136,0,normal,0,0.12693576407639784
2026-10-06 12:32:31,70.6358228504566,0.0854455727669854,0,normal,0,0.12033968821571261
2026-10-06 12:32:32,66.73871488256164,0.0949598403636516,0,normal,0,0.09896602016018702
2026-10-06 12:32:33,65.42846230420092,0.0433061359758553,0,normal,0,0.061406510856357566
2026-10-06 12:32:34,67.63498961849123,0.0919463618395741,0,normal,0,0.11007310495634931
2026-10-06 12:32:35,69.70308371908234,0.0945561730485542,0,normal,0,0.11388510202309232
2026-10-06 12:32:36,67.54334231651826,0.0567829274131677,0,normal,0,0.12008905414021143
2026-10-06 12:32:37,72.50595979807896,0.0964285503747526,0,normal,0,0.07863941310044387
2026-10-06 12:32:38,72.43904883590544,0.1562908364101122,0,normal,1,-0.04903643687684622
2026-10-06 12:32:39,70.87310189477427,0.1009115162764978,0,normal,0,0.09806203206258868
2026-10-06 12:32:40,70.51884246885867,0.0794513265683162,0,normal,0,0.12647622752350118
2026-10-06 12:32:41,71.5570402338522,0.1018210891282002,0,normal,0,0.08461614999500139
2026-10-06 12:32:42,72.7716319343186,0.0836348792542628,0,normal,0,0.09702980214686713
2026-10-06 12:32:43,67.95387404974767,0.0859723734413778,0,normal,0,0.11888133985758009
2026-10-06 12:32:44,70.8992310963948,0.060537033231809,0,normal,0,0.13206982984201554
2026-10-06 12:32:45,71.243291601425,0.1255182097049703,0,normal,0,0.02880813652144515
2026-10-06 12:32:46,66.48335789882722,0.0869359287847456,0,normal,0,0.10634055235250334
2026-10-06 12:32:47,68.1154909013339,0.0910579353270959,0,normal,0,0.11695961549816686
2026-10-06 12:32:48,71.90425058974068,0.0947864446553313,0,normal,0,0.09114117010506678
2026-10-06 12:32:49,71.22776701787289,0.0661378871125468,0,normal,0,0.13001946404740028
2026-10-06 12:32:50,73.1198767741231,0.1150033501492015,0,normal,0,0.029569756328766184
2026-10-06 12:32:51,70.41969288132576,0.0471968718946623,0,normal,0,0.117742722971657
2026-10-06 12:32:52,72.2473295938547,0.087864582919647,0,normal,0,0.09809894070824604
2026-10-06 12:32:53,74.86696062101213,0.0567166847315616,0,normal,0,0.11171611688050548
2026-10-06 12:32:54,72.01099282895629,0.0880690005688909,0,normal,0,0.1015968964126262
2026-10-06 12:32:55,70.77858581740918,0.0633522400177246,0,normal,0,0.13159830796773098
2026-10-06 12:32:56,66.51267931474624,0.0607822308489007,0,normal,0,0.11230172209246875
2026-10-06 12:32:57,69.54616591891822,0.0989031837053484,0,normal,0,0.10667897686991928
2026-10-06 12:32:58,68.22381292835156,0.089623459057501,0,normal,0,0.11747202546315305
2026-10-06 12:32:59,70.14177727017183,0.1122120909809761,0,normal,0,0.07739396752483685
2026-10-06 12:33:00,70.99812035192171,0.0614411287971531,0,normal,0,0.1320465454674189
2026-10-06 12:33:01,71.41925300592493,0.0930966776972899,0,normal,0,0.09980688801281329
2026-10-06 12:33:02,73.0107107373495,0.1164845784246369,0,normal,0,0.0263849117585912
2026-10-06 12:33:03,68.70142582387017,0.0256700849933845,0,normal,0,0.029547586104917645
2026-10-06 12:33:04,71.90140243674743,0.1030272256930436,0,normal,0,0.07660191970521718
2026-10-06 12:33:05,72.61439340176513,0.1236004757754993,0,normal,0,0.015536893644909677
2026-10-06 12:33:06,68.68966027102577,0.0591475386930509,0,normal,0,0.1295361040083995
2026-10-06 12:33:07,68.50145331382663,0.0813309364046531,0,normal,0,0.1261120214251325
2026-10-06 12:33:08,67.25462436647362,0.0611686487551343,0,normal,0,0.12028004146193183
2026-10-06 12:33:09,69.59165562543846,0.0780873865294618,0,normal,0,0.12864479225426734
2026-10-06 12:33:10,69.90669145882042,0.0017678091314776,0,normal,1,-0.026008693798739935
2026-10-06 12:33:11,68.19256356793241,0.0781824179209562,0,normal,0,0.12825993544643072
2026-10-06 12:33:12,71.56469485605888,0.0653692650984901,0,normal,0,0.12676544091969677
2026-10-06 12:33:13,72.16286578067458,0.0663065752380647,0,normal,0,0.12578714091156806
2026-10-06 12:33:14,74.31144434047866,0.0509901102867808,0,normal,0,0.1132298066780017
2026-10-06 12:33:15,73.07784872499089,0.0624411215363479,0,normal,0,0.1230763087495067
2026-10-06 12:33:16,70.90165187501094,0.0704941058433657,0,normal,0,0.13119494219800415
2026-10-06 12:33:17,70.83011265333182,0.095850033740317,0,normal,0,0.10500776556526481
2026-10-06 12:33:18,71.47816085782756,0.0548609173363709,0,normal,0,0.12767980359198172
2026-10-06 12:33:19,69.01634269495813,0.0633204973669969,0,normal,0,0.13350745102475703
2026-10-06 12:33:20,68.40017487183486,0.0519652258950334,1,silent_drift,0,0.12423017065167508
2026-10-06 12:33:21,68.7835715984427,0.0504004825634763,1,silent_drift,0,0.12193391150704541
2026-10-06 12:33:22,68.06467541729543,0.0384596180413134,1,silent_drift,0,0.0838733316088684
2026-10-06 12:33:23,68.78285014364903,0.0602399821569193,1,silent_drift,0,0.13200605656091619
2026-10-06 12:33:24,68.62057271018816,0.0613661217574723,1,silent_drift,0,0.13082162462274122
2026-10-06 12:33:25,68.54115114700363,0.0538593981974382,1,silent_drift,0,0.12643215372473193
2026-10-06 12:33:26,68.2153829254242,0.0444584975789549,1,silent_drift,0,0.10603236496326834
2026-10-06 12:33:27,69.21480723605698,0.0471246688664925,1,silent_drift,0,0.11661845471020266
2026-10-06 12:33:28,68.287280385399,0.0583256305441143,1,silent_drift,0,0.12870187022223112
2026-10-06 12:33:29,68.18067222285791,0.0518561893508527,1,silent_drift,0,0.12291316712139178
2026-10-06 12:33:30,69.0831861733226,0.0366438202120766,1,silent_drift,0,0.08684868043401661
2026-10-06 12:33:31,69.5827177444964,0.0592653797882067,1,silent_drift,0,0.1342056511348939
2026-10-06 12:33:32,68.2872941139218,0.0718391031129786,1,silent_drift,0,0.1322418960598647
2026-10-06 12:33:33,68.6557184444836,0.044748230944229,1,silent_drift,0,0.11078025696252292
2026-10-06 12:33:34,69.21901648223903,0.0598922020312298,1,silent_drift,0,0.13351717279090292
2026-10-06 12:33:35,69.0772823788844,0.0488265335092726,1,silent_drift,0,0.12128588136390162
2026-10-06 12:33:36,68.7353317130338,0.041848263070495,1,silent_drift,0,0.10359089011791134
2026-10-06 12:33:37,68.74273711375139,0.0515231024671182,1,silent_drift,0,0.1238365378676547
2026-10-06 12:33:38,68.76425639360889,0.0592743224970715,1,silent_drift,0,0.13240274455962875
2026-10-06 12:33:39,69.29104319537709,0.0571237237338879,1,silent_drift,0,0.13355747565717951
2026-10-06 12:33:40,68.81017560649998,0.0456603671318295,1,silent_drift,0,0.11337134156476286
2026-10-06 12:33:41,70.15203138875404,0.0522115532860476,1,silent_drift,0,0.12748954329446688
2026-10-06 12:33:42,69.60125872755216,0.0524925848432631,1,silent_drift,0,0.13081938033969137
2026-10-06 12:33:43,69.25641649039478,0.0376782147160289,1,silent_drift,0,0.09357821212824036
2026-10-06 12:33:44,69.94760884901682,0.0519533092816202,1,silent_drift,0,0.12605342032626432
2026-10-06 12:33:45,70.04492254520092,0.0491700251744535,1,silent_drift,0,0.12303481533151728
2026-10-06 12:33:46,69.91017376065835,0.0403038559614807,1,silent_drift,0,0.104440021206816
2026-10-06 12:33:47,69.27502298311668,0.0548451016262369,1,silent_drift,0,0.13098230437382152
2026-10-06 12:33:48,69.78220762279598,0.0612191355702523,1,silent_drift,0,0.13396000542860503
2026-10-06 12:33:49,70.16711811762563,0.0551401622475404,1,silent_drift,0,0.1282428396715914
2026-10-06 12:33:50,70.18163002607463,0.052103262897188,1,silent_drift,0,0.12709111493540365
2026-10-06 12:33:51,69.23124339201192,0.0532994138978579,1,silent_drift,0,0.12949685316206488
2026-10-06 12:33:52,70.5264060173815,0.0585965849055964,1,silent_drift,0,0.12945787570105544
2026-10-06 12:33:53,69.94026566732133,0.0559305046748474,1,silent_drift,0,0.1291757825528187
2026-10-06 12:33:54,69.92542096823249,0.0367156776601514,1,silent_drift,0,0.09103034114735231
2026-10-06 12:33:55,70.62558736115962,0.0447704672672341,1,silent_drift,0,0.11621349080795207
2026-10-06 12:33:56,70.34981911009625,0.0445786388771662,1,silent_drift,0,0.11608563140490763
2026-10-06 12:33:57,70.34576143798033,0.0524604942068877,1,silent_drift,0,0.1277743121895878
2026-10-06 12:33:58,70.7009819279789,0.0616173772316753,1,silent_drift,0,0.13281491868087886
2026-10-06 12:33:59,70.63164219850577,0.0482893593987433,1,silent_drift,0,0.12194659113021222
2026-10-06 12:34:00,70.12219030979344,0.0451532367040283,1,silent_drift,0,0.11464616908279901
2026-10-06 12:34:01,71.32583030366897,0.0441900275475226,1,silent_drift,0,0.11426812270573106
2026-10-06 12:34:02,70.12200105787078,0.0484605300048002,1,silent_drift,0,0.12138579311492231
2026-10-06 12:34:03,70.28523866998611,0.042478431003033,1,silent_drift,0,0.10732518646502598
2026-10-06 12:34:04,69.90765337174724,0.0523009828806115,1,silent_drift,0,0.12876030181146036
2026-10-06 12:34:05,70.71134491026537,0.0520975200335193,1,silent_drift,0,0.12760974887009952
2026-10-06 12:34:06,70.4353795906783,0.0472539567222371,1,silent_drift,0,0.11719739999090661
2026-10-06 12:34:07,70.73108273360172,0.0660984915270156,1,silent_drift,0,0.13280091522256238
2026-10-06 12:34:08,70.2925132655396,0.0426461216439389,1,silent_drift,0,0.10740305280345136
2026-10-06 12:34:09,70.96990524034567,0.0545380532402198,1,silent_drift,0,0.12883098592645253
2026-10-06 12:34:10,71.03916902449271,0.0444138174148232,1,silent_drift,0,0.11572119077812887
2026-10-06 12:34:11,71.20527292412358,0.046777292759634,1,silent_drift,0,0.11955016492289139
2026-10-06 12:34:12,71.40384444110455,0.03886085498369,1,silent_drift,0,0.09807742909127509
2026-10-06 12:34:13,70.80527598204108,0.0625868391161267,1,silent_drift,0,0.133301686046933
2026-10-06 12:34:14,70.84750101843852,0.0328039460668494,1,silent_drift,0,0.0743562648454788
2026-10-06 12:34:15,71.12848707476104,0.0576016090614279,1,silent_drift,0,0.13326255661681108
2026-10-06 12:34:16,71.20381902769299,0.0669766731507814,1,silent_drift,0,0.1305610328753244
2026-10-06 12:34:17,70.62885238132344,0.0438735362819795,1,silent_drift,0,0.11232376471926375
2026-10-06 12:34:18,71.55421215788127,0.0487626814441763,1,silent_drift,0,0.12206940267937033
2026-10-06 12:34:19,70.66408862087783,0.0330010092132984,1,silent_drift,0,0.07516534903185917
2026-10-06 12:34:20,70.89608307217166,0.0553719182075186,1,silent_drift,0,0.1290257871618677
2026-10-06 12:34:21,72.38866575483654,0.0429086278998529,1,silent_drift,0,0.1051531149725704
2026-10-06 12:34:22,70.60865555047447,0.0504267371480726,1,silent_drift,0,0.12287888119194001
2026-10-06 12:34:23,71.55677507979715,0.0540218568734678,1,silent_drift,0,0.12630142832734081
2026-10-06 12:34:24,71.47275804783754,0.0271523906649535,1,silent_drift,0,0.041812459056714324
2026-10-06 12:34:25,71.73685306265887,0.0583693250033652,1,silent_drift,0,0.12925964754792196
2026-10-06 12:34:26,72.02581693341916,0.0754291328273622,1,silent_drift,0,0.11955542294254196
2026-10-06 12:34:27,70.9101817818597,0.0684951778821106,1,silent_drift,0,0.13096682972539875
2026-10-06 12:34:28,71.25202107227678,0.0445818612641581,1,silent_drift,0,0.11717687451698261
2026-10-06 12:34:29,71.61766204494968,0.0469143362416347,1,silent_drift,0,0.11865369591217828
2026-10-06 12:34:30,72.33513547622694,0.0432789828547792,1,silent_drift,0,0.10693629660856124
2026-10-06 12:34:31,71.78133997518287,0.0542028748392914,1,silent_drift,0,0.12719287029967424
2026-10-06 12:34:32,71.51800609690517,0.0397451868826354,1,silent_drift,0,0.0976869070164984
2026-10-06 12:34:33,72.60648380346632,0.0377418325047162,1,silent_drift,0,0.08969164646797018
2026-10-06 12:34:34,72.40100771159683,0.0509934076814614,1,silent_drift,0,0.12055790315333881
2026-10-06 12:34:35,71.7053148661133,0.0386698076364271,1,silent_drift,0,0.09724836983782359
2026-10-06 12:34:36,73.04308894026865,0.0452444559501747,1,silent_drift,0,0.11484718815026224
2026-10-06 12:34:37,71.94167838476274,0.0476518894666105,1,silent_drift,0,0.11925443331704738
2026-10-06 12:34:38,72.36599508718693,0.0260856656754844,1,silent_drift,0,0.03470782926691163
2026-10-06 12:34:39,72.44971876741914,0.0459145109860106,1,silent_drift,0,0.1151222190485674
2026-10-06 12:34:40,72.71711079901961,0.0520524714730912,1,silent_drift,0,0.12418189227016985
2026-10-06 12:34:41,72.82497343466667,0.0369587643125141,1,silent_drift,0,0.08771425525757309
2026-10-06 12:34:42,72.31397316947309,0.0479824869183752,1,silent_drift,0,0.11809923946475309
2026-10-06 12:34:43,72.2817340433416,0.052519009486367,1,silent_drift,0,0.12483332317419932
2026-10-06 12:34:44,73.40295761079004,0.0700593415683811,1,silent_drift,0,0.11037467914433902
2026-10-06 12:34:45,72.8350815085644,0.0364071816560002,1,silent_drift,0,0.08746910718541895
2026-10-06 12:34:46,73.14774618865543,0.0719298777609983,1,silent_drift,0,0.11562692565045973
2026-10-06 12:34:47,73.10911615419342,0.056847999759916,1,silent_drift,0,0.12592280435359005
2026-10-06 12:34:48,72.69713403300098,0.0344590687451105,1,silent_drift,0,0.07684884236594036
2026-10-06 12:34:49,72.65199241545005,0.0282238086122384,1,silent_drift,0,0.04031448692314216
2026-10-06 12:34:50,72.2961702256597,0.041595161624632,1,silent_drift,0,0.10310772471087837
2026-10-06 12:34:51,73.32540700402728,0.062615691496265,1,silent_drift,0,0.11854370723888158
2026-10-06 12:34:52,73.00444252131673,0.0461965654280956,1,silent_drift,0,0.11701944045423529
2026-10-06 12:34:53,72.88943801725581,0.0535918762222481,1,silent_drift,0,0.12419781054449958
2026-10-06 12:34:54,72.75039250832647,0.0447065485879338,1,silent_drift,0,0.11413109139261857
2026-10-06 12:34:55,73.22634942226823,0.0482793455581641,1,silent_drift,0,0.11657929169719439
2026-10-06 12:34:56,73.48715504969455,0.0522265506840812,1,silent_drift,0,0.11771415272709224
2026-10-06 12:34:57,73.32410813134094,0.0586903007707291,1,silent_drift,0,0.12115379645558733
2026-10-06 12:34:58,72.66877683203377,0.053852920653448,1,silent_drift,0,0.1247936165409067
2026-10-06 12:34:59,73.36831749301196,0.033582515455619,1,silent_drift,0,0.06927435197298654
2026-10-06 12:35:00,72.82324905994246,0.0599121906359037,1,silent_drift,0,0.1266403607090001
2026-10-06 12:35:01,73.57199465938815,0.0539214599557286,1,silent_drift,0,0.11707197635250488
2026-10-06 12:35:02,73.74864120038498,0.0507908278536148,1,silent_drift,0,0.11569369637384663
2026-10-06 12:35:03,73.10797867078588,0.0416040988988359,1,silent_drift,0,0.10266867291711995
2026-10-06 12:35:04,73.57854816724337,0.0433292509789069,1,silent_drift,0,0.10511064041114437
2026-10-06 12:35:05,73.91575020509363,0.0708712145625954,1,silent_drift,0,0.10798475569054194
2026-10-06 12:35:06,73.94014715837005,0.0562506127790809,1,silent_drift,0,0.11849553260258738
2026-10-06 12:35:07,73.35924560876528,0.0396739828584813,1,silent_drift,0,0.09120011410376727
2026-10-06 12:35:08,73.36924797264177,0.0493644895401782,1,silent_drift,0,0.11582882712729248
2026-10-06 12:35:09,74.13234806907451,0.0465989991782244,1,silent_drift,0,0.10924330332114562
2026-10-06 12:35:10,73.59607702655062,0.0565889686012252,1,silent_drift,0,0.12004011866082709
2026-10-06 12:35:11,73.26085120684043,0.048947416219135,1,silent_drift,0,0.1186974168908711
2026-10-06 12:35:12,74.0477972997321,0.0534343078682325,1,silent_drift,0,0.11632067419036174
2026-10-06 12:35:13,74.08710082574409,0.0496910886162662,1,silent_drift,0,0.11313757710676642
2026-10-06 12:35:14,73.72638093291043,0.0650774645260397,1,silent_drift,0,0.11593014569275079
2026-10-06 12:35:15,73.66603570773225,0.0283131475263814,1,silent_drift,0,0.03776875117948386
2026-10-06 12:35:16,74.06692956264138,0.0518777287600648,1,silent_drift,0,0.11549586217690355
2026-10-06 12:35:17,74.05550273558453,0.057177081460588,1,silent_drift,0,0.11864351698874154
2026-10-06 12:35:18,74.11308899238176,0.0433911498608881,1,silent_drift,0,0.10472719459243457
2026-10-06 12:35:19,74.39499631644404,0.0389226649657834,1,silent_drift,0,0.08646997085279018
2026-10-06 12:35:20,74.51683392663949,0.041518038594672,1,silent_drift,0,0.0941947318248067
2026-10-06 12:35:21,74.35490925442089,0.0528150262775241,1,silent_drift,0,0.11540946901966248
2026-10-06 12:35:22,74.86048638548377,0.0267529448779703,1,silent_drift,0,0.025827025268688075
2026-10-06 12:35:23,74.15081080497751,0.053565440121691,1,silent_drift,0,0.1151864014453543
2026-10-06 12:35:24,75.22225629090354,0.0634388589951882,1,silent_drift,0,0.1022443503119646
2026-10-06 12:35:25,73.92099122359795,0.0462448677076228,1,silent_drift,0,0.10959222096648885
2026-10-06 12:35:26,74.57025197877329,0.0507064918380867,1,silent_drift,0,0.11264457338340766
2026-10-06 12:35:27,74.9161026582188,0.0419665830015878,1,silent_drift,0,0.0922756532973833
2026-10-06 12:35:28,74.93690827088194,0.0649812286770562,1,silent_drift,0,0.10460088722575417
2026-10-06 12:35:29,74.82737113726607,0.0371965490007947,1,silent_drift,0,0.07741212057656138
2026-10-06 12:35:30,74.37466478133167,0.0481484546653224,1,silent_drift,0,0.11039386056701578
2026-10-06 12:35:31,75.16281178469232,0.0341300725192763,1,silent_drift,0,0.060337913160814716
2026-10-06 12:35:32,75.4335926445752,0.0586412116870708,1,silent_drift,0,0.10429759305502084
2026-10-06 12:35:33,75.44440384946755,0.0583420182777527,1,silent_drift,0,0.10460897333220665
2026-10-06 12:35:34,74.88041782335735,0.0387342365169481,1,silent_drift,0,0.08107168596807468
2026-10-06 12:35:35,75.90626299829684,0.0593342088572546,1,silent_drift,0,0.10296220783696869
2026-10-06 12:35:36,74.73829524895449,0.0514343596980397,1,silent_drift,0,0.10928899393834951
2026-10-06 12:35:37,74.7711299277927,0.0466721001347521,1,silent_drift,0,0.10546394566907002
2026-10-06 12:35:38,75.70640056840499,0.0390189164330172,1,silent_drift,0,0.07261414311549769
2026-10-06 12:35:39,75.85764701925511,0.0651770621750807,1,silent_drift,0,0.09514290325313668
2026-10-06 12:35:40,75.831668082651,0.0397264354757384,1,silent_drift,0,0.07370962169336853
2026-10-06 12:35:41,74.7863565292664,0.0456200805649368,1,silent_drift,0,0.10498553310247283
2026-10-06 12:35:42,75.84062767714329,0.0526737163223385,1,silent_drift,0,0.10437403405342843
2026-10-06 12:35:43,75.75345411561594,0.0500742515086113,1,silent_drift,0,0.10128768852870568
2026-10-06 12:35:44,75.79463164141933,0.0403660374281401,1,silent_drift,0,0.07979431808449955
2026-10-06 12:35:45,75.58109299836819,0.0273134896238327,1,silent_drift,0,0.020131448257283524
2026-10-06 12:35:46,75.13203029887829,0.043156370502092,1,silent_drift,0,0.09529386792350131
2026-10-06 12:35:47,75.90971152996298,0.0649555287584826,1,silent_drift,0,0.09759651884111614
2026-10-06 12:35:48,75.44963510727663,0.040673737078623,1,silent_drift,0,0.08207141734845907
2026-10-06 12:35:49,75.22765903907367,0.0380674487091698,1,silent_drift,0,0.07570624987378172
2026-10-06 12:35:50,76.00185198185662,0.068783730809546,1,silent_drift,0,0.08947425359954575
2026-10-06 12:35:51,76.28067477408356,0.0674008138091173,1,silent_drift,0,0.08918888052100649
2026-10-06 12:35:52,75.3078681023029,0.0549319170040282,1,silent_drift,0,0.10530133549518017
2026-10-06 12:35:53,76.13018654465496,0.0512776401831771,1,silent_drift,0,0.10156936703446018
2026-10-06 12:35:54,75.94325356171856,0.0498342798292459,1,silent_drift,0,0.10298911723058801
2026-10-06 12:35:55,75.79374808661123,0.0469746501715286,1,silent_drift,0,0.0996658795051964
2026-10-06 12:35:56,76.35965764573108,0.0435355446504365,1,silent_drift,0,0.0911755460558038
2026-10-06 12:35:57,76.37452264569627,0.0405423536012066,1,silent_drift,0,0.07895814946779284
2026-10-06 12:35:58,75.63330244806068,0.0603702212210668,1,silent_drift,0,0.10251502701237997
2026-10-06 12:35:59,76.34550586302242,0.054990803451299,1,silent_drift,0,0.10253481405655357
2026-10-06 12:36:00,76.68254752269713,0.0542520648074994,1,silent_drift,0,0.10117480770304771
2026-10-06 12:36:01,75.82965713162154,0.0549736243436195,1,silent_drift,0,0.10334912577472499
2026-10-06 12:36:02,76.31532320600873,0.0303971253461153,1,silent_drift,0,0.03792013042846454
2026-10-06 12:36:03,76.77738733171635,0.0441094767388626,1,silent_drift,0,0.09016245522757871
2026-10-06 12:36:04,77.02036502763231,0.0469302040362516,1,silent_drift,0,0.09655260412485844
2026-10-06 12:36:05,76.74905658720834,0.0634793753370506,1,silent_drift,0,0.09204848518972175
2026-10-06 12:36:06,76.37167693544163,0.0715125458941953,1,silent_drift,0,0.08145751413497859
2026-10-06 12:36:07,76.44467806207041,0.0507436055624622,1,silent_drift,0,0.10207954631704569
2026-10-06 12:36:08,76.80342537452646,0.044843482703867,1,silent_drift,0,0.09446454171286228
2026-10-06 12:36:09,76.342378462224,0.0424276302082356,1,silent_drift,0,0.08557678064110358
2026-10-06 12:36:10,77.01988606998059,0.0532914574897178,1,silent_drift,0,0.09862788116917781
2026-10-06 12:36:11,77.27167726809542,0.0336869309545218,1,silent_drift,0,0.05056320365427486
2026-10-06 12:36:12,76.81867924428428,0.0491943631398714,1,silent_drift,0,0.10134203277829573
2026-10-06 12:36:13,77.81926276200524,0.0560496862689487,1,silent_drift,0,0.0954178895260917
2026-10-06 12:36:14,77.22021397516696,0.0496782138733269,1,silent_drift,0,0.09898583632827895
2026-10-06 12:36:15,77.11829501326783,0.0362404804318826,1,silent_drift,0,0.061963669470557536
2026-10-06 12:36:16,77.63606218224375,0.0481127299804199,1,silent_drift,0,0.09510385695093132
2026-10-06 12:36:17,77.25015680416145,0.0485174177949763,1,silent_drift,0,0.09781778324859569
2026-10-06 12:36:18,77.00452483714531,0.0523640170911498,1,silent_drift,0,0.09923770431613904
2026-10-06 12:36:19,77.1638213787029,0.038892114240655,1,silent_drift,0,0.07098289027999721
2026-10-06 12:36:20,77.59933422597321,0.0459142329364804,1,silent_drift,0,0.09111065055028894
2026-10-06 12:36:21,77.82703767585292,0.0502192549033702,1,silent_drift,0,0.09497295489991076
2026-10-06 12:36:22,77.74647977630224,0.0525946441897241,1,silent_drift,0,0.09434178493670253
2026-10-06 12:36:23,77.02935944326906,0.0638653861460057,1,silent_drift,0,0.08977904105019091
2026-10-06 12:36:24,77.6787124252055,0.0475997853176283,1,silent_drift,0,0.09489502545116263
2026-10-06 12:36:25,77.53382397025624,0.0302034996389164,1,silent_drift,0,0.027616471703784007
2026-10-06 12:36:26,77.53966067009877,0.0439722409291221,1,silent_drift,0,0.0855764377098191
2026-10-06 12:36:27,77.66072184110314,0.0416984881037763,1,silent_drift,0,0.07966533085152827
2026-10-06 12:36:28,78.02462652528106,0.048315966072908,1,silent_drift,0,0.09256260609726896
2026-10-06 12:36:29,77.52895583912081,0.0572264185065052,1,silent_drift,0,0.09750410030213896
2026-10-06 12:36:30,78.31672449448867,0.0719315052595749,1,silent_drift,0,0.07091027737532629
2026-10-06 12:36:31,78.15025248945311,0.0622341659233338,1,silent_drift,0,0.08393299099059176
2026-10-06 12:36:32,78.3717603255009,0.0552803576953041,1,silent_drift,0,0.09286406135461994
2026-10-06 12:36:33,78.01737166191921,0.0500122367141664,1,silent_drift,0,0.09196830249965321
2026-10-06 12:36:34,78.22258079867706,0.0792387434169573,1,silent_drift,0,0.06208031202376918
2026-10-06 12:36:35,78.32090513939762,0.0638401980359254,1,silent_drift,0,0.0828004504218739
2026-10-06 12:36:36,77.80055076542897,0.0503278749942716,1,silent_drift,0,0.09442451240301197
2026-10-06 12:36:37,77.89977285943391,0.0659027941752206,1,silent_drift,0,0.08248146420916036
2026-10-06 12:36:38,78.65757056394867,0.035441124123772,1,silent_drift,0,0.054717324930474265
2026-10-06 12:36:39,78.26225784483381,0.0442804207511643,1,silent_drift,0,0.08417277258808448
2026-10-06 12:36:40,78.31767926694883,0.0464158017858106,1,silent_drift,0,0.08853484595873057
2026-10-06 12:36:41,78.64640548880509,0.0593589257090768,1,silent_drift,0,0.08978017865057247
2026-10-06 12:36:42,78.42583336254057,0.0439712482776148,1,silent_drift,0,0.08439458525071708
2026-10-06 12:36:43,79.27980242027743,0.050688995172123,1,silent_drift,0,0.08975603056282183
2026-10-06 12:36:44,78.73637298223417,0.0439801093112329,1,silent_drift,0,0.0858105570039484
2026-10-06 12:36:45,78.69170833667161,0.0555858472174208,1,silent_drift,0,0.09406859422526548
2026-10-06 12:36:46,78.01606997416815,0.0547566987797156,1,silent_drift,0,0.09262872619781043
2026-10-06 12:36:47,78.95797839185546,0.0449324188686215,1,silent_drift,0,0.08967704819512651
2026-10-06 12:36:48,78.5673104977492,0.0415989581773807,1,silent_drift,0,0.07944273239261013
2026-10-06 12:36:49,79.76789319798634,0.0587845874658775,1,silent_drift,0,0.08153151286724797
2026-10-06 12:36:50,78.71726941718121,0.0389224443253261,1,silent_drift,0,0.06800358598276984
2026-10-06 12:36:51,79.07971547105902,0.0421068233106341,1,silent_drift,0,0.08082489361853751
2026-10-06 12:36:52,79.21759554670533,0.0467760641909347,1,silent_drift,0,0.08964564553441201
2026-10-06 12:36:53,78.15632015059843,0.0392227587079418,1,silent_drift,0,0.0641867208315654
2026-10-06 12:36:54,79.47178663951617,0.0526617664682958,1,silent_drift,0,0.08828583642541032
2026-10-06 12:36:55,79.35468456472155,0.0407576886744592,1,silent_drift,0,0.07154797876492258
2026-10-06 12:36:56,79.56625616174578,0.0560935115368066,1,silent_drift,0,0.08528584569124231
2026-10-06 12:36:57,79.46459301001997,0.0599818324207274,1,silent_drift,0,0.08491486365781487
2026-10-06 12:36:58,79.5853505789667,0.0456548505323161,1,silent_drift,0,0.0837292345278009
2026-10-06 12:36:59,79.50130805438191,0.0487894579514383,1,silent_drift,0,0.08837536859445727
2026-10-06 12:37:00,79.6152201613632,0.0462449507973496,1,silent_drift,0,0.08449690462449633
2026-10-06 12:37:01,79.5408523953094,0.0509040425969785,1,silent_drift,0,0.08611125984939949
2026-10-06 12:37:02,79.09883026649928,0.0431304279290045,1,silent_drift,0,0.08192458605834702
2026-10-06 12:37:03,79.67366392276234,0.071387886689097,1,silent_drift,0,0.05918137041918026
2026-10-06 12:37:04,80.22931284595059,0.0280897353990125,1,silent_drift,0,0.001588108407968969
2026-10-06 12:37:05,79.98667236481911,0.0476485981738875,1,silent_drift,0,0.08441495489846573
2026-10-06 12:37:06,79.39022154034662,0.0398223030271955,1,silent_drift,0,0.06522760990388021
2026-10-06 12:37:07,80.00229893113102,0.0589663925753964,1,silent_drift,0,0.07984149170889787
2026-10-06 12:37:08,80.60162976439713,0.0535066198552394,1,silent_drift,0,0.08011511203763938
2026-10-06 12:37:09,80.59717029320338,0.0360991193008527,1,silent_drift,0,0.04568244345383188
2026-10-06 12:37:10,80.46657806931856,0.0478072531584635,1,silent_drift,0,0.08449021199974344
2026-10-06 12:37:11,79.95767110055762,0.0271437842656063,1,silent_drift,0,0.0028250670817800416
2026-10-06 12:37:12,79.43339112389603,0.0390784471187474,1,silent_drift,0,0.06359091536769235
2026-10-06 12:37:13,80.08873689051066,0.0563740406967837,1,silent_drift,0,0.08368176770869468
2026-10-06 12:37:14,78.89040518407126,0.0331261612748036,1,silent_drift,0,0.04755660208372997
2026-10-06 12:37:15,80.41157748431462,0.0441416914819891,1,silent_drift,0,0.07746111048375343
2026-10-06 12:37:16,80.21961493951581,0.0491050024533454,1,silent_drift,0,0.0823721573834379
2026-10-06 12:37:17,79.86095472096332,0.0531087450600659,1,silent_drift,0,0.08203146427013108
2026-10-06 12:37:18,80.74297889073567,0.0415574076520396,1,silent_drift,0,0.06714438605141754
2026-10-06 12:37:19,81.20894054774845,0.0422293045544579,1,silent_drift,0,0.06600188660384965
2026-10-06 12:37:20,80.10371726789054,0.0434784024150241,1,silent_drift,0,0.07590646094245945
2026-10-06 12:37:21,80.44321670792269,0.0334044875955113,1,silent_drift,0,0.0350826703319812
2026-10-06 12:37:22,80.26313840528685,0.0458163684273902,1,silent_drift,0,0.08000616922610054
2026-10-06 12:37:23,80.52100690027619,0.05915793702814,1,silent_drift,0,0.07593585634943206
2026-10-06 12:37:24,80.13104520372308,0.0532527188856475,1,silent_drift,0,0.08133161766463831
2026-10-06 12:37:25,81.04764265646942,0.044487096368069,1,silent_drift,0,0.07573786392715365
2026-10-06 12:37:26,81.28440161717445,0.0523863568188322,1,silent_drift,0,0.07511977105281992
2026-10-06 12:37:27,80.42329617403095,0.0481141614826817,1,silent_drift,0,0.08326223483211115
2026-10-06 12:37:28,80.03796459052091,0.0466259869850438,1,silent_drift,0,0.08285660986210874
2026-10-06 12:37:29,80.58411830144925,0.060051759883938,1,silent_drift,0,0.0764243757398606
2026-10-06 12:37:30,80.7940060256466,0.0408265223008438,1,silent_drift,0,0.06396586250459335
2026-10-06 12:37:31,80.84338325524571,0.0630716323982305,1,silent_drift,0,0.067102319757332
2026-10-06 12:37:32,80.72127512956142,0.0354287770832551,1,silent_drift,0,0.0414958400073126
2026-10-06 12:37:33,81.69803233115526,0.0401220512163746,1,silent_drift,0,0.05152529606233619
2026-10-06 12:37:34,80.39364018296641,0.0348384547505181,1,silent_drift,0,0.03979916429380509
2026-10-06 12:37:35,81.43186300481915,0.0531367205680269,1,silent_drift,0,0.07336859125729062
2026-10-06 12:37:36,81.80498911289084,0.0561379900024333,1,silent_drift,0,0.0725593134000016
2026-10-06 12:37:37,81.31768130875564,0.0422613667359104,1,silent_drift,0,0.06545734152615446
2026-10-06 12:37:38,81.04293401350765,0.0399590541966171,1,silent_drift,0,0.05666885820030215
2026-10-06 12:37:39,81.40558202366856,0.0439469558723232,1,silent_drift,0,0.06974237032186054
2026-10-06 12:37:40,81.4391760239456,0.068399182312871,1,silent_drift,0,0.0528660331699643
2026-10-06 12:37:41,81.03206016496489,0.0663042684381275,1,silent_drift,0,0.06007481018637845
2026-10-06 12:37:42,81.13421506999217,0.0370910263290664,1,silent_drift,0,0.045366963785838876
2026-10-06 12:37:43,81.24659130724346,0.044183414767298,1,silent_drift,0,0.072320335910181
2026-10-06 12:37:44,81.37021717058357,0.0478530778110657,1,silent_drift,0,0.07718990192987796
2026-10-06 12:37:45,81.88073714217595,0.0581876405867652,1,silent_drift,0,0.07155206831710142
2026-10-06 12:37:46,81.09985770496904,0.052640592875342,1,silent_drift,0,0.07639800692636045
2026-10-06 12:37:47,81.82496980788545,0.0449935866365367,1,silent_drift,0,0.06795095148128705
2026-10-06 12:37:48,82.20275233988265,0.0426964810439075,1,silent_drift,0,0.06064701137936279
2026-10-06 12:37:49,81.72531561611714,0.0351916270841479,1,silent_drift,0,0.03116028452143127
2026-10-06 12:37:50,81.20491424215241,0.0525698021990189,1,silent_drift,0,0.07443845086288114
2026-10-06 12:37:51,81.15171792605473,0.0621449626742213,1,silent_drift,0,0.06832915095508196
2026-10-06 12:37:52,81.2723321492736,0.0556744947881471,1,silent_drift,0,0.07558469205815382
2026-10-06 12:37:53,81.92530597681365,0.0701074710070309,1,silent_drift,0,0.050464435872515256
2026-10-06 12:37:54,81.98464629027069,0.056548488099306,1,silent_drift,0,0.07465331566701211
2026-10-06 12:37:55,82.09799061120142,0.0551130739250875,1,silent_drift,0,0.07289084891257486
2026-10-06 12:37:56,82.34481160794014,0.0335948490840581,1,silent_drift,0,0.02017489997358224
2026-10-06 12:37:57,82.53883124532739,0.0381665233835569,1,silent_drift,0,0.04040578884696755
2026-10-06 12:37:58,82.34630377312241,0.0469752863390616,1,silent_drift,0,0.07024234710072974
2026-10-06 12:37:59,82.4058772260479,0.0676985099509258,1,silent_drift,0,0.04654924672315697
2026-10-06 12:38:00,82.566989108834,0.0567072056427833,1,silent_drift,0,0.06815657401643449
2026-10-06 12:38:01,82.02696501909637,0.0372840119015205,1,silent_drift,0,0.04103699103335856
2026-10-06 12:38:02,82.45740700825209,0.0607083357061114,1,silent_drift,0,0.060503446448447795
2026-10-06 12:38:03,82.46441097560421,0.041381599084175,1,silent_drift,0,0.053537183158338775
2026-10-06 12:38:04,83.53410496665433,0.0543642283593811,1,silent_drift,0,0.05756849820850751
2026-10-06 12:38:05,82.45924859556655,0.0466099168210768,1,silent_drift,0,0.06754499661288665
2026-10-06 12:38:06,83.267247364659,0.0548804668881726,1,silent_drift,0,0.060544919171662714
2026-10-06 12:38:07,83.64731775502426,0.057708968359722,1,silent_drift,0,0.05284898714715153
2026-10-06 12:38:08,83.3280907105158,0.0279437749209198,1,silent_drift,1,-0.01836793220483135
2026-10-06 12:38:09,82.37203271652723,0.0505696230671794,1,silent_drift,0,0.06595097501557995
2026-10-06 12:38:10,83.05756006435523,0.0610608228985417,1,silent_drift,0,0.050681132659315065
2026-10-06 12:38:11,83.30872769606938,0.0520600263324022,1,silent_drift,0,0.06045706145393981
2026-10-06 12:38:12,82.87278640395502,0.044526667612421,1,silent_drift,0,0.06195483863467688
2026-10-06 12:38:13,82.73270655790809,0.054078656033426,1,silent_drift,0,0.06846539248261485
2026-10-06 12:38:14,83.73851926084608,0.0464297053442318,1,silent_drift,0,0.05601281375315492
2026-10-06 12:38:15,82.46253973417309,0.0571317451609786,1,silent_drift,0,0.06829138618481567
2026-10-06 12:38:16,82.56241085938461,0.0427497069232101,1,silent_drift,0,0.057971237736138215
2026-10-06 12:38:17,83.43719292117731,0.0644952874763168,1,silent_drift,0,0.04272475615435206
2026-10-06 12:38:18,83.61947080952405,0.0521101848251905,1,silent_drift,0,0.057507424258270656
2026-10-06 12:38:19,82.9781153136694,0.0515227025354129,1,silent_drift,0,0.06508683133921822
2026-10-06 12:38:20,68.19899415814176,0.0581930751985632,0,normal,0,0.12918995252503368
2026-10-06 12:38:21,67.83691810882196,0.0651905334331791,0,normal,0,0.1273776396275026
2026-10-06 12:38:22,69.54787260725726,0.0279420522729312,0,normal,0,0.04861859426736276
2026-10-06 12:38:23,70.11520105060947,0.0533828629528326,0,normal,0,0.12769115780209733
2026-10-06 12:38:24,70.07767311063311,0.1134615701119203,0,normal,0,0.07482521363542138
2026-10-06 12:38:25,71.83411345021894,0.0928629559726602,0,normal,0,0.09466322622133366
2026-10-06 12:38:26,71.23555794779848,0.0814216159349538,0,normal,0,0.11623247325498448
2026-10-06 12:38:27,71.07268684926044,0.0643414532029095,0,normal,0,0.13205881341521852
2026-10-06 12:38:28,73.94356108072067,0.0638584006039987,0,normal,0,0.11530237641054442
2026-10-06 12:38:29,70.81105366335389,0.0684713789978395,0,normal,0,0.13157741055039363
2026-10-06 12:38:30,71.49464119738785,0.0570807549389777,0,normal,0,0.1301397560569605
2026-10-06 12:38:31,70.44646697076045,0.0595878359103186,0,normal,0,0.13000224257270093
2026-10-06 12:38:32,67.90190510830571,0.0934066265888124,0,normal,0,0.11080328670254536
2026-10-06 12:38:33,69.93127225815684,0.0986630953186101,0,normal,0,0.1062341828923648
2026-10-06 12:38:34,70.15933524818794,0.0859664921580229,0,normal,0,0.11860075745924586
2026-10-06 12:38:35,70.46600555941224,0.11192133148644,0,normal,0,0.07631116157456952
2026-10-06 12:38:36,69.76853369096652,0.0174081137369324,0,normal,0,0.0003199127626740683
2026-10-06 12:38:37,73.63124790560602,0.0526420719768994,0,normal,0,0.11801152111888175
2026-10-06 12:38:38,72.34871623077642,0.058163462203625,0,normal,0,0.12824229201467857
2026-10-06 12:38:39,74.58592706247343,0.1100622225669879,0,normal,0,0.024844756723618078
2026-10-06 12:38:40,71.32728158402979,0.084304504901126,0,normal,0,0.11339823025817763
2026-10-06 12:38:41,69.05005481214678,0.0863808621308634,0,normal,0,0.12508604423589093
2026-10-06 12:38:42,70.23366281878123,0.0776680775643654,0,normal,0,0.125440618278143
2026-10-06 12:38:43,71.492240099915,0.1074479931487469,0,normal,0,0.07576337004736555
2026-10-06 12:38:44,69.96272426421686,0.059015326261866,0,normal,0,0.12962077379199066
2026-10-06 12:38:45,71.08420489685402,0.071633194667888,0,normal,0,0.13001937072251335
2026-10-06 12:38:46,70.53377675513535,0.0540101580788574,0,normal,0,0.12805136610460788
2026-10-06 12:38:47,69.03374589116966,0.0864882102558205,0,normal,0,0.1261982386019705
2026-10-06 12:38:48,71.973180244278,0.0791689867071216,0,normal,0,0.11363566030780942
2026-10-06 12:38:49,71.08840896252595,0.0572261876362576,0,normal,0,0.13231078279636788
2026-10-06 12:38:50,72.39171086853095,0.0441901701776582,0,normal,0,0.11005356750291279
2026-10-06 12:38:51,74.95290889282963,0.0546041109744891,0,normal,0,0.1099997235874644
2026-10-06 12:38:52,73.53325975701244,0.0893583439673371,0,normal,0,0.07427265443449366
2026-10-06 12:38:53,72.54608011944667,0.0123336911472286,0,normal,1,-0.016039457089613407
2026-10-06 12:38:54,69.15565049697038,0.0684638279957202,0,normal,0,0.13286718860005126
2026-10-06 12:38:55,69.97423833494098,0.0720163508762574,0,normal,0,0.1306619778569526
2026-10-06 12:38:56,68.73443928832985,0.0293191779633816,0,normal,0,0.0496547479761989
2026-10-06 12:38:57,66.01820649751119,0.0686967109185143,0,normal,0,0.10901367176421095
2026-10-06 12:38:58,71.17451039948104,0.0877194851527475,0,normal,0,0.11281753636772035
2026-10-06 12:38:59,68.57929881679105,0.1008065720826767,0,normal,0,0.10426002487682484
2026-10-06 12:39:00,74.45955640314419,0.1156309151260965,0,normal,0,0.00983943333960996
2026-10-06 12:39:01,68.0936206916912,0.0591118739014938,0,normal,0,0.12698496927287323
2026-10-06 12:39:02,72.68477869841851,0.0528751960752671,0,normal,0,0.12559591007289106
2026-10-06 12:39:03,71.89565652675078,0.0649162497374285,0,normal,0,0.12760862955234697
2026-10-06 12:39:04,71.8964425534972,0.0492458791491087,0,normal,0,0.1218300750745997
2026-10-06 12:39:05,72.21691382824561,0.0433516471643196,0,normal,0,0.10843531657454658
2026-10-06 12:39:06,70.06066837205834,0.0643360676930632,0,normal,0,0.13281088646997513
2026-10-06 12:39:07,70.60533986562719,0.063582275369097,0,normal,0,0.1327585572757875
2026-10-06 12:39:08,69.16322196838978,0.0812641896094021,0,normal,0,0.12645927256550266
2026-10-06 12:39:09,69.12058406325913,0.0489159820591552,0,normal,0,0.12215271279112633
2026-10-06 12:39:10,70.24129857638243,0.0773192587100293,0,normal,0,0.12490850153026845
2026-10-06 12:39:11,72.26204005015757,0.0649283858622211,0,normal,0,0.12534746336216857
2026-10-06 12:39:12,73.11613927112906,0.1050976006888651,0,normal,0,0.05354393067779617
2026-10-06 12:39:13,70.6920472710247,0.0915150374411581,0,normal,0,0.11042764347806777
2026-10-06 12:39:14,72.41398913593304,0.1145705790931831,0,normal,0,0.04134526488238721
2026-10-06 12:39:15,73.27462249811798,0.0609987115038803,0,normal,0,0.12393215253321782
2026-10-06 12:39:16,72.91006978520521,0.0853562672917876,0,normal,0,0.09425336789676259
2026-10-06 12:39:17,72.23984585384831,0.0953493037612553,0,normal,0,0.08530762702281958
2026-10-06 12:39:18,69.29528865158325,0.1183135190032009,0,normal,0,0.0644473803802722
2026-10-06 12:39:19,69.54202189595517,0.068947829331229,0,normal,0,0.1340911552840673
2026-10-06 12:39:20,68.8429962205414,0.1111831740579004,0,normal,0,0.0845475829650425
2026-10-06 12:39:21,69.4725137791769,0.1297118408257568,0,normal,0,0.02709007526559093
2026-10-06 12:39:22,70.23292460602079,0.0919946349313789,0,normal,0,0.1109984948111114
2026-10-06 12:39:23,68.2479978943846,0.1220578206174902,0,normal,0,0.05660423990646041
2026-10-06 12:39:24,72.57897590993444,0.1017656502437203,0,normal,0,0.06538670985866618
2026-10-06 12:39:25,72.01307858392477,0.0791383750561432,0,normal,0,0.11281602110972622
2026-10-06 12:39:26,70.49445555177074,0.1574880462003725,0,normal,1,-0.033332357041803706
2026-10-06 12:39:27,70.99851206008654,0.0420744839579275,0,normal,0,0.10756763120997204
2026-10-06 12:39:28,71.19072077201228,0.0722137303829428,0,normal,0,0.12936088198706297
2026-10-06 12:39:29,72.69267181753509,0.0700926025337563,0,normal,0,0.11851754108748508
2026-10-06 12:39:30,69.96528142866825,0.0915860159557636,0,normal,0,0.11387163998006428
2026-10-06 12:39:31,69.14693450650304,0.0719712827305141,0,normal,0,0.13365769493858176
2026-10-06 12:39:32,69.02688923149056,0.0954943322128907,0,normal,0,0.11571037023010605
2026-10-06 12:39:33,68.73252964248326,0.077273349074683,0,normal,0,0.1288608162364941
2026-10-06 12:39:34,70.59201124457643,0.1104605443913887,0,normal,0,0.0828560206772691
2026-10-06 12:39:35,70.51210317506343,0.0693939675784208,0,normal,0,0.13257650779005525
2026-10-06 12:39:36,69.74262298409496,0.0764299536679291,0,normal,0,0.1297528149422173
2026-10-06 12:39:37,71.8369061185708,0.0749428146802088,0,normal,0,0.12249969995191407
2026-10-06 12:39:38,68.04034073559541,0.1073873031367585,0,normal,0,0.08802407853582411
2026-10-06 12:39:39,71.93996013479968,0.0790647304648536,0,normal,0,0.11398127650997664
2026-10-06 12:39:40,71.49905353832983,0.1005311911140184,0,normal,0,0.0878130522841521
2026-10-06 12:39:41,69.03099809830334,0.056181830162129,0,normal,0,0.13209206201052398
2026-10-06 12:39:42,67.80867552083487,0.0805018557374368,0,normal,0,0.12101355165905225
2026-10-06 12:39:43,70.40455093492118,0.0888338745453532,0,normal,0,0.11604277754430453
2026-10-06 12:39:44,68.5529687704301,0.041731408938164,0,normal,0,0.0994534240806263
2026-10-06 12:39:45,69.99978077362925,0.1273519923452524,0,normal,0,0.029673312492443926
2026-10-06 12:39:46,69.51712721657687,0.0680675242161087,0,normal,0,0.13442838529055323
2026-10-06 12:39:47,70.95776692638155,0.1099873130089913,0,normal,0,0.08169505159715207
2026-10-06 12:39:48,71.05861580241235,0.086771327898013,0,normal,0,0.11495536881006613
2026-10-06 12:39:49,70.0748742585464,0.1461521638323573,0,normal,1,-0.022468293649939852
2026-10-06 12:39:50,71.41691992965586,0.0472033542931565,0,normal,0,0.11928504405873486
2026-10-06 12:39:51,76.57976438747167,0.0899429483178519,0,normal,0,0.045402384804916096
2026-10-06 12:39:52,70.83617763070987,0.0411759968463634,0,normal,0,0.10496970023682323
2026-10-06 12:39:53,72.29892192934898,0.1150707968168298,0,normal,0,0.03850787708485476
2026-10-06 12:39:54,69.96870508573079,0.0722805087875476,0,normal,0,0.1306619778569526
2026-10-06 12:39:55,70.87480104935845,0.0661906489292917,0,normal,0,0.13289464773638165
2026-10-06 12:39:56,69.73890973363103,0.0573158764032964,0,normal,0,0.13370357705801206
2026-10-06 12:39:57,68.64868924743232,0.0781612182854817,0,normal,0,0.12905260034448918
2026-10-06 12:39:58,71.55491642478485,0.1050070448327506,0,normal,0,0.07814190734488546
2026-10-06 12:39:59,70.05155291630432,0.0597977698811644,0,normal,0,0.13164487404847974
2026-10-06 12:40:00,119.7616425636982,0.0385445124067944,1,spike,1,-0.20742507566280266
2026-10-06 12:40:01,124.88800918119809,0.0509439450429563,1,spike,1,-0.20952380611698285
2026-10-06 12:40:02,124.67375966114923,0.0483017420049116,1,spike,1,-0.2070726293214511
2026-10-06 12:40:03,125.85721677215894,0.0417120049894986,1,spike,1,-0.2161442042174655
2026-10-06 12:40:04,70.95213086207143,0.0780158455303928,0,normal,0,0.12391410191087437
2026-10-06 12:40:05,70.14047269481544,0.0722074526238985,0,normal,0,0.1310649160116601
2026-10-06 12:40:06,68.12346178045827,0.1019263722928628,0,normal,0,0.1012146092935457
2026-10-06 12:40:07,71.53806425018014,0.061234207483589,0,normal,0,0.12957060551580746
2026-10-06 12:40:08,71.48218393263436,0.1187147608421374,0,normal,0,0.04738038166161895
2026-10-06 12:40:09,69.82682855799584,0.0572331673750477,0,normal,0,0.1330001558521713
2026-10-06 12:40:10,72.56236913097011,0.0638158880663105,0,normal,0,0.12048435384907469
2026-10-06 12:40:11,69.9098815435835,0.0913798033546665,0,normal,0,0.11575915887261679
2026-10-06 12:40:12,70.51117918486577,0.072574546178319,0,normal,0,0.13220904783867593
2026-10-06 12:40:13,70.33218728229964,0.1098343744408424,0,normal,0,0.08460764444790947
2026-10-06 12:40:14,74.82560023548838,0.0874955654426735,0,normal,0,0.0664703598244244
2026-10-06 12:40:15,73.27771537807622,0.0717917411560749,0,normal,0,0.11180865377972699
2026-10-06 12:40:16,71.1700291965389,0.0735071661645712,0,normal,0,0.12839744099649247
2026-10-06 12:40:17,72.64810008348891,0.04445366155892,0,normal,0,0.11081677253814398
2026-10-06 12:40:18,68.47269276644865,0.143662772316094,0,normal,1,-0.018305325746305168
2026-10-06 12:40:19,71.12273295785035,0.0947600936308553,0,normal,0,0.10437498259520478
2026-10-06 12:40:20,67.5044726795628,0.0997147049905825,0,normal,0,0.09808722168519224
2026-10-06 12:40:21,69.56895348370058,0.075846752007791,0,normal,0,0.1316165744603806
2026-10-06 12:40:22,69.59332664143014,0.0438811900154634,0,normal,0,0.11161448386235445
2026-10-06 12:40:23,67.2435527613235,0.0771261785954189,0,normal,0,0.11687017669763355
2026-10-06 12:40:24,69.60491223313461,0.0949097293122242,0,normal,0,0.11329025463711889
2026-10-06 12:40:25,72.13094420216645,0.0245991355743091,0,normal,0,0.028633386768374847
2026-10-06 12:40:26,68.29054373094837,0.0606281841131657,0,normal,0,0.13018357235632538
2026-10-06 12:40:27,71.3124544497882,0.0673646824066934,0,normal,0,0.1287537436919589
2026-10-06 12:40:28,72.65384519710706,0.0767523838159031,0,normal,0,0.1095545869114779
2026-10-06 12:40:29,74.22347802849933,0.0601036876905706,0,normal,0,0.11625714464193637
2026-10-06 12:40:30,70.9936679131608,0.0317442621603091,0,normal,0,0.06988128632357582
2026-10-06 12:40:31,71.04207462014583,0.0577286985566447,0,normal,0,0.13275325064699622
2026-10-06 12:40:32,72.94039342393668,0.0962885899053502,0,normal,0,0.07260669794334973
2026-10-06 12:40:33,69.85876251241817,0.0724396592191987,0,normal,0,0.13250443734736045
2026-10-06 12:40:34,69.28219189557862,0.0739126282290439,0,normal,0,0.13168792176029842
2026-10-06 12:40:35,69.26036235760236,0.0719183524551302,0,normal,0,0.13341197288607437
2026-10-06 12:40:36,70.42603805383361,0.0735806555326469,0,normal,0,0.12974699863647787
2026-10-06 12:40:37,71.83406071744481,0.0748618721972944,0,normal,0,0.12249969995191407
2026-10-06 12:40:38,73.54021788731143,0.1017334231948928,0,normal,0,0.05062055836594176
2026-10-06 12:40:39,72.75098986680236,0.0802142699341573,0,normal,0,0.10302127604496097
2026-10-06 12:40:40,72.57041980361826,0.0809525902891662,0,normal,0,0.10000425930769985
2026-10-06 12:40:41,70.1035570051906,0.0716129858913567,0,normal,0,0.13126282290570146
2026-10-06 12:40:42,70.83274337606268,0.0639979263965381,0,normal,0,0.1328409071229446
2026-10-06 12:40:43,70.87002885734766,0.0858408730920992,0,normal,0,0.11821826110942207
2026-10-06 12:40:44,68.86394652524278,0.0719308899525621,0,normal,0,0.1337568483337942
2026-10-06 12:40:45,68.83140826486337,0.0804296141354154,0,normal,0,0.1290310681435703
2026-10-06 12:40:46,69.71326233937363,0.0625484386668616,0,normal,0,0.1354787905713289
2026-10-06 12:40:47,68.08462057133734,0.1113322997167214,0,normal,0,0.08139018432700035
2026-10-06 12:40:48,70.47499579069671,0.1102395280642128,0,normal,0,0.08306765292517548
2026-10-06 12:40:49,73.61860304700035,0.0814107055699274,0,normal,0,0.08971881739466292
2026-10-06 12:40:50,71.63243812529996,0.0770370624825418,0,normal,0,0.1188804284783832
2026-10-06 12:40:51,71.41625401496137,0.1220612220073316,0,normal,0,0.0399837758113602
2026-10-06 12:40:52,71.44047041779402,0.082672044129704,0,normal,0,0.11337243622177029
2026-10-06 12:40:53,72.0848427302138,0.1203507947872221,0,normal,0,0.029496781457770016
2026-10-06 12:40:54,71.7751273318933,0.1060487152653102,0,normal,0,0.0755932650051156
2026-10-06 12:40:55,71.62611676534182,0.078411092743539,0,normal,0,0.11730107074203527
2026-10-06 12:40:56,69.32253242921665,0.0825388743090989,0,normal,0,0.1265438238562137
2026-10-06 12:40:57,70.75431929113441,0.0185216579967802,0,normal,0,0.004740835802035714
2026-10-06 12:40:58,68.38353600820238,0.061290344477399,0,normal,0,0.12984712114181207
2026-10-06 12:40:59,71.32981961133075,0.0776021785560618,0,normal,0,0.12087275067583692
2026-10-06 12:41:00,72.41357718772423,0.0586129143226651,0,normal,0,0.12637704678774242
2026-10-06 12:41:01,70.75426429091412,0.064483348042912,0,normal,0,0.13296643383054885
2026-10-06 12:41:02,73.19324597352933,0.0392078778030727,0,normal,0,0.09264283244264626
2026-10-06 12:41:03,73.98682030709344,0.068364241924971,0,normal,0,0.11151438548779558
2026-10-06 12:41:04,73.09108546163799,0.0922160777713562,0,normal,0,0.07904174262945546
2026-10-06 12:41:05,72.0829045404822,0.0434428994306922,0,normal,0,0.10890403188932485
2026-10-06 12:41:06,71.8074579653043,0.0599239735197008,0,normal,0,0.12907452449298878
2026-10-06 12:41:07,68.67791394391428,0.1055824874459895,0,normal,0,0.09587763272157668
2026-10-06 12:41:08,69.47386389298993,0.1161822228516989,0,normal,0,0.06864275867776826
2026-10-06 12:41:09,67.9019033606093,0.0634118906304137,0,normal,0,0.1277120812646942
2026-10-06 12:41:10,69.2285831566266,0.0640369543537373,0,normal,0,0.13413498172526883
2026-10-06 12:41:11,69.21668912883635,0.0732656685962359,0,normal,0,0.1323922554476804
2026-10-06 12:41:12,71.85632503181596,0.0996274610347272,0,normal,0,0.08591306484605543
2026-10-06 12:41:13,73.28838194264736,0.1003597498756028,0,normal,0,0.06053337622961785
2026-10-06 12:41:14,74.05263155814053,0.0885652411977116,0,normal,0,0.07325156025861013
2026-10-06 12:41:15,73.27745921309767,0.0296066744555582,0,normal,0,0.04971255623866422
2026-10-06 12:41:16,72.31822317850397,0.07063795175652,0,normal,0,0.11895834024978374
2026-10-06 12:41:17,73.4852878610173,0.0161753420794115,0,normal,1,-0.00716926665472839
2026-10-06 12:41:18,70.72454247684428,0.0981790720202406,0,normal,0,0.10065733602404925
2026-10-06 12:41:19,69.46099940490757,0.1066169875604427,0,normal,0,0.09546624976105844
2026-10-06 12:41:20,69.06221038084126,0.0787121999393477,0,normal,0,0.12853132111715287
2026-10-06 12:41:21,68.97570727673092,0.1002951565159957,0,normal,0,0.10740923732284541
2026-10-06 12:41:22,69.37445970945105,0.0800880819299756,0,normal,0,0.1271673887676409
2026-10-06 12:41:23,73.27565192029928,0.0723941295653423,0,normal,0,0.11415377943533861
2026-10-06 12:41:24,70.6972622031192,0.071297636474566,0,normal,0,0.1314953804686807
2026-10-06 12:41:25,69.87265518964932,0.0947043520445547,0,normal,0,0.11332970900089406
2026-10-06 12:41:26,73.8900400319998,0.0641062580032357,0,normal,0,0.11622906015499856
2026-10-06 12:41:27,72.31911136948382,0.0513856665166364,0,normal,0,0.12098429072908062
2026-10-06 12:41:28,70.49946796064766,0.055862542377837,0,normal,0,0.12851713094768374
2026-10-06 12:41:29,70.80897426883666,0.0649167961447612,0,normal,0,0.1329946050403512
2026-10-06 12:41:30,71.50229706563249,0.0810759525897447,0,normal,0,0.11394376990077348
2026-10-06 12:41:31,69.6931071116459,0.08646431303569,0,normal,0,0.12343967528402144
2026-10-06 12:41:32,67.19018524930486,0.0760137470895393,0,normal,0,0.11817907214089635
2026-10-06 12:41:33,68.9661255953306,0.0691962465849768,0,normal,0,0.1336693386592725
2026-10-06 12:41:34,69.6265372490978,0.078584833470435,0,normal,0,0.12794069092557536
2026-10-06 12:41:35,68.74858316640358,0.088667710745063,0,normal,0,0.12301909318686438
2026-10-06 12:41:36,72.70721019733914,0.1004286068665842,0,normal,0,0.06924274604187308
2026-10-06 12:41:37,71.74066424515813,0.0696073227160629,0,normal,0,0.12639190666274513
2026-10-06 12:41:38,72.51080136920298,0.0767387602541118,0,normal,0,0.1116744464232432
2026-10-06 12:41:39,74.8683538286779,0.0632668255273185,0,normal,0,0.10618905134665613
2026-10-06 12:41:40,72.37938718895097,0.1231081475757743,0,normal,0,0.02023014622053787
2026-10-06 12:41:41,72.439248662285,0.063837984451639,0,normal,0,0.1235531392837173
2026-10-06 12:41:42,70.43215939490302,0.0940553379557209,0,normal,0,0.10883872313910653
2026-10-06 12:41:43,69.51195121537762,0.0661882061831189,0,normal,0,0.1362245211138451
2026-10-06 12:41:44,70.78659887749014,0.0739797974671045,0,normal,0,0.12918261836184802
2026-10-06 12:41:45,69.12912323598465,0.0984509190716526,0,normal,0,0.10771133406603495
2026-10-06 12:41:46,67.7602810897465,0.046110357589824,0,normal,0,0.10529585657249335
2026-10-06 12:41:47,70.25500735961928,0.0823014746147068,0,normal,0,0.12159654417292753
2026-10-06 12:41:48,68.42064516553893,0.1048113971666582,0,normal,0,0.09497528327354415
2026-10-06 12:41:49,70.78558718397028,0.076388691998432,0,normal,0,0.12857908553791403
2026-10-06 12:41:50,72.12403333065177,0.0919048632117374,0,normal,0,0.09013893110559612
2026-10-06 12:41:51,70.93589846367222,0.0313856995330451,0,normal,0,0.06830184924863802
2026-10-06 12:41:52,69.7633783317744,0.0577555348907233,0,normal,0,0.13353731159424703
2026-10-06 12:41:53,71.47699115423252,0.0696576767522088,0,normal,0,0.1270519636494482
2026-10-06 12:41:54,68.14854803806986,0.096408359488196,0,normal,0,0.10922610238804098
2026-10-06 12:41:55,68.93802623975438,0.1248138243570592,0,normal,0,0.047762693391980915
2026-10-06 12:41:56,69.43079181188452,0.0931157121982508,0,normal,0,0.11592581822570225
2026-10-06 12:41:57,68.48461931683931,0.0867848631295592,0,normal,0,0.12321777704155273
2026-10-06 12:41:58,70.29512825633701,0.1043442342740004,0,normal,0,0.0922337969163351
2026-10-06 12:41:59,70.34210060075516,0.0776630615615339,0,normal,0,0.1271532502927903
2026-10-06 12:42:00,72.44899412369212,0.1175772429506292,0,normal,0,0.03256349413258053
2026-10-06 12:42:01,70.62215222024207,0.0356932268824128,0,normal,0,0.08592946793173567
2026-10-06 12:42:02,71.53899055645951,0.0892219686601657,0,normal,0,0.10255814163255889
2026-10-06 12:42:03,74.17935129140886,0.0746848299963258,0,normal,0,0.10242240428106031
2026-10-06 12:42:04,72.92064479729929,0.0639444598257538,0,normal,0,0.1220842597366339
2026-10-06 12:42:05,69.4612824490876,0.105881444514094,0,normal,0,0.0962972451596939
2026-10-06 12:42:06,70.0192884981829,0.0704118669390539,0,normal,0,0.131525930058151
2026-10-06 12:42:07,68.97535891663561,0.1117728873234121,0,normal,0,0.08486313162370579
2026-10-06 12:42:08,69.9761744441873,0.0784353965016184,0,normal,0,0.12672481378394002
2026-10-06 12:42:09,68.55284918559902,0.0833960772814868,0,normal,0,0.1261082423094591
2026-10-06 12:42:10,68.51848158961393,0.0928879179927437,0,normal,0,0.11566206951484281
2026-10-06 12:42:11,70.61731599894473,0.0641151029386822,0,normal,0,0.13279794073342582
2026-10-06 12:42:12,71.91496255581075,0.0828804821560818,0,normal,0,0.10891927328021189
2026-10-06 12:42:13,68.78494623604368,0.0788940235952324,0,normal,0,0.12937148033801765
2026-10-06 12:42:14,71.76895475540195,0.1384755952088972,0,normal,1,-0.01866449245382784
2026-10-06 12:42:15,74.26156873798837,0.0839741904766779,0,normal,0,0.08107270168793823
2026-10-06 12:42:16,72.28794262049179,0.1096738606020663,0,normal,0,0.061941097884976426
2026-10-06 12:42:17,70.59830535271655,0.067877243987637,0,normal,0,0.13138981368833624
2026-10-06 12:42:18,71.90841592206574,0.1208636198642935,0,normal,0,0.031361374402069764
2026-10-06 12:42:19,68.12843400012324,0.1114013006496391,0,normal,0,0.08335179747313826
2026-10-06 12:42:20,69.0241653548918,0.0671015179489362,0,normal,0,0.13555503248358253
2026-10-06 12:42:21,70.16459826365293,0.1031990973610336,0,normal,0,0.0933872627792589
2026-10-06 12:42:22,72.71389721334675,0.0825780499704491,0,normal,0,0.09977372122767297
2026-10-06 12:42:23,72.43147362071588,0.1068210806600727,0,normal,0,0.06118899598797106
2026-10-06 12:42:24,73.58396754236625,0.0893369851823789,0,normal,0,0.07412860942316574
2026-10-06 12:42:25,70.19171254735421,0.0641122155356362,0,normal,0,0.1327813552272218
2026-10-06 12:42:26,70.06378699876467,0.0966564733891605,0,normal,0,0.10688113446696929
2026-10-06 12:42:27,73.17029958403897,0.0966558637513337,0,normal,0,0.07063981425116717
2026-10-06 12:42:28,70.04532133094433,0.0316900065436778,0,normal,0,0.06916156598248963
2026-10-06 12:42:29,70.24989606574451,0.0818655622181055,0,normal,0,0.12124488568105313
2026-10-06 12:42:30,70.74260210949727,0.1104343409100727,0,normal,0,0.08430245493996541
2026-10-06 12:42:31,69.97952899939683,0.0892976985091811,0,normal,0,0.11636958536096542
2026-10-06 12:42:32,70.8944914370796,0.048635159759532,0,normal,0,0.12351767204989128
2026-10-06 12:42:33,66.18978152509192,0.1124516630321757,0,normal,0,0.057466247953948946
2026-10-06 12:42:34,68.65962269704,0.082531616142542,0,normal,0,0.12803055062353974
2026-10-06 12:42:35,71.72233902120584,0.0921638890103238,0,normal,0,0.0971380560696049
2026-10-06 12:42:36,69.30028335713423,0.0582436811840658,0,normal,0,0.13274398724681052
2026-10-06 12:42:37,72.24304893504367,0.0897016727124023,0,normal,0,0.08862947501436585
2026-10-06 12:42:38,70.43269782115533,0.0839408985335074,0,normal,0,0.12183866762114665
2026-10-06 12:42:39,73.51752746755821,0.0773885382492324,0,normal,0,0.10154291752282041
2026-10-06 12:42:40,72.89273372241854,0.0511792545251865,0,normal,0,0.1215044836384071
2026-10-06 12:42:41,72.80750665014011,0.1220286551774866,0,normal,0,0.0159093154106682
2026-10-06 12:42:42,70.34337790473072,0.0914463444789316,0,normal,0,0.11160471157663632
2026-10-06 12:42:43,70.32830705728705,0.0967885265578596,0,normal,0,0.10620679533763172
2026-10-06 12:42:44,67.4674617898446,0.0878542514959876,0,normal,0,0.1141010179813477
2026-10-06 12:42:45,68.67710247958013,0.0668706657631972,0,normal,0,0.13507970092497107
2026-10-06 12:42:46,71.53969723114668,0.1474242123999368,0,normal,1,-0.03595132922344901
2026-10-06 12:42:47,71.71457405535394,0.0726351916539735,0,normal,0,0.12406291052179247
2026-10-06 12:42:48,73.23721384163515,0.101805004832694,0,normal,0,0.059564943242860546
2026-10-06 12:42:49,74.61128714848417,0.0462548949102876,0,normal,0,0.10640329322912734
2026-10-06 12:42:50,71.80575412533014,0.0698122268090626,0,normal,0,0.12462270306342393
2026-10-06 12:42:51,72.06843801534343,0.062470011036728,0,normal,0,0.1267170239653453
2026-10-06 12:42:52,69.92712232385615,0.0934042942322076,0,normal,0,0.11324853254363842
2026-10-06 12:42:53,70.34794851983311,0.04306751951359,0,normal,0,0.10990117330937832
2026-10-06 12:42:54,71.84896203606777,0.0570815721297121,0,normal,0,0.1300918798069256
2026-10-06 12:42:55,67.987115893831,0.0545195457198339,0,normal,0,0.12415784356185322
2026-10-06 12:42:56,69.71751879589237,0.0878057785350318,0,normal,0,0.1233164774118159
2026-10-06 12:42:57,66.94025947722976,0.0640782686420563,0,normal,0,0.11685791994303368
2026-10-06 12:42:58,70.84980571860895,0.0488303763117316,0,normal,0,0.12417279237735823
2026-10-06 12:42:59,68.7587322707016,0.0712865662935076,0,normal,0,0.1337433354711921
2026-10-06 12:43:00,69.2693639838002,0.0766154446832328,0,normal,0,0.12936248874213085
2026-10-06 12:43:01,72.07086341807965,0.1275547778161594,0,normal,0,0.00543965688947512
2026-10-06 12:43:02,72.6642649998112,0.0929413504444783,0,normal,0,0.08153874751807888
2026-10-06 12:43:03,72.28790308295258,0.0622831682697327,0,normal,0,0.1266389937086883
2026-10-06 12:43:04,73.47442224896828,0.1320145041465157,0,normal,1,-0.021383643893862603
2026-10-06 12:43:05,71.12914319992258,0.1184464439692707,0,normal,0,0.05522670279076458
2026-10-06 12:43:06,72.30979494783244,0.0733897397012027,0,normal,0,0.11851953957539735
2026-10-06 12:43:07,71.69488189900386,0.0510109429721614,0,normal,0,0.1228914137840928
2026-10-06 12:43:08,67.70216769368017,0.0946352990404464,0,normal,0,0.10872683412136896
2026-10-06 12:43:09,70.36568707047498,0.0158456251049735,0,normal,1,-0.006964743151489872
2026-10-06 12:43:10,70.08925884711654,0.0854121253072478,0,normal,0,0.12075809826081663
2026-10-06 12:43:11,70.95875399696747,0.0955207314614319,0,normal,0,0.10528218602377898
2026-10-06 12:43:12,70.97486640524427,0.0366311743100803,0,normal,0,0.09124465487295852
2026-10-06 12:43:13,71.13592470784687,0.0254612951053154,0,normal,0,0.03742000328667783
2026-10-06 12:43:14,69.91486314677245,0.0997354909342466,0,normal,0,0.10502915102581067
2026-10-06 12:43:15,72.26266308277535,0.0952915948091428,0,normal,0,0.08443604971513907
2026-10-06 12:43:16,70.71124913785555,0.051706650019601,0,normal,0,0.12729196819023836
2026-10-06 12:43:17,69.75313037653186,0.050444908940859,0,normal,0,0.1247667063189597
2026-10-06 12:43:18,71.36020700773464,0.0657780036390636,0,normal,0,0.12801944236312046
2026-10-06 12:43:19,69.38475111293432,0.0650208272216291,0,normal,0,0.13521514598874917
2026-10-06 12:43:20,0.0,0.0453493537439599,1,dropout,1,-0.23102161187572356
2026-10-06 12:43:21,0.0,0.0494512399251746,1,dropout,1,-0.2281679984873518
2026-10-06 12:43:22,0.0,0.0429790925455014,1,dropout,1,-0.24043061922893982
2026-10-06 12:43:23,0.0,0.0425414389832666,1,dropout,1,-0.24216656635798983
2026-10-06 12:43:24,0.0,0.0546940771973284,1,dropout,1,-0.23239169323714026
2026-10-06 12:43:25,0.0,0.0541750782063558,1,dropout,1,-0.23065940343369729
2026-10-06 12:43:26,0.0,0.0526186235809957,1,dropout,1,-0.22797208155802162
2026-10-06 12:43:27,0.0,0.050244842009571,1,dropout,1,-0.22627206149783952
2026-10-06 12:43:28,0.0,0.0470867552716434,1,dropout,1,-0.22981746550694493
2026-10-06 12:43:29,0.0,0.0419171862903713,1,dropout,1,-0.2420214271249297
2026-10-06 12:43:30,0.0,0.0564154776947591,1,dropout,1,-0.23392562143541384
2026-10-06 12:43:31,0.0,0.0544751377498186,1,dropout,1,-0.23115392486138964
2026-10-06 12:43:32,67.22170842031932,0.0781709559178129,0,normal,0,0.11717644956451545
2026-10-06 12:43:33,71.3988297817369,0.0678896839539252,0,normal,0,0.12653143701752906
2026-10-06 12:43:34,70.48670824365603,0.0728519461490986,0,normal,0,0.13197859048612504
2026-10-06 12:43:35,68.55648343159694,0.0472267057994212,0,normal,0,0.112268680113147
2026-10-06 12:43:36,70.3109153474174,0.0757541849371795,0,normal,0,0.12824350626042919
2026-10-06 12:43:37,71.7121585316692,0.0383100656003933,0,normal,0,0.09749584453263976
2026-10-06 12:43:38,70.82014624060021,0.062420493309011,0,normal,0,0.13345313926889246
2026-10-06 12:43:39,72.42505049482217,0.0733769925870957,0,normal,0,0.11717643580263831
2026-10-06 12:43:40,72.76499489772945,0.0642097137665201,0,normal,0,0.12269710651250365
2026-10-06 12:43:41,70.47828522296987,0.1242097089458715,0,normal,0,0.03650889289222009
2026-10-06 12:43:42,69.7688286153154,0.1449772965055327,0,normal,1,-0.017334321869774794
2026-10-06 12:43:43,68.94007538707153,0.0425605057475306,0,normal,0,0.10509304746378145
2026-10-06 12:43:44,69.56893441417763,0.0676104647660662,0,normal,0,0.13496473382871332
2026-10-06 12:43:45,67.0242595267626,0.0794010929562403,0,normal,0,0.11292573188528887
2026-10-06 12:43:46,70.49870266911041,0.0459191975297309,0,normal,0,0.11687389081373112
2026-10-06 12:43:47,70.6357644601128,0.0752811396192472,0,normal,0,0.129720449731474
2026-10-06 12:43:48,71.55663800315213,0.1277753482983894,0,normal,0,0.014180614257098323
2026-10-06 12:43:49,71.0037305065529,0.0838193559234895,0,normal,0,0.11917918598719346
2026-10-06 12:43:50,70.15531093681199,0.0904880710114411,0,normal,0,0.11137033081078374
2026-10-06 12:43:51,73.81844880467725,0.102427990671953,0,normal,0,0.046343688239577685
2026-10-06 12:43:52,69.95361762668657,0.0906403815010798,0,normal,0,0.11485333611618892
2026-10-06 12:43:53,71.27784623169724,0.0701304154089767,0,normal,0,0.12735632975982702
2026-10-06 12:43:54,71.03450978020233,0.0483709533142347,0,normal,0,0.12367969833178222
2026-10-06 12:43:55,68.89191444963502,0.0974343000110274,0,normal,0,0.11126883654866038
2026-10-06 12:43:56,65.96219082863021,0.048242299131553,0,normal,0,0.08416504030664052
2026-10-06 12:43:57,68.03722642333754,0.0585356629051321,0,normal,0,0.1259148895928971
2026-10-06 12:43:58,70.58251500574201,0.0517879618178155,0,normal,0,0.12743705718743709
2026-10-06 12:43:59,70.44978458780763,0.0226724366490798,0,normal,0,0.019870088304764777
2026-10-06 12:44:00,67.72355716625293,0.046832706881534,0,normal,0,0.10708665026212594
2026-10-06 12:44:01,71.64395237187821,0.1108746321226918,0,normal,0,0.0716603357763359
2026-10-06 12:44:02,72.08275953657932,0.0505000902545128,0,normal,0,0.12091369167413135
2026-10-06 12:44:03,71.93698448836538,0.0895457524766514,0,normal,0,0.09561449401803757
2026-10-06 12:44:04,72.62987873899108,0.0756022554541007,0,normal,0,0.1129577730703546
2026-10-06 12:44:05,70.33709711456218,0.0531763036262026,0,normal,0,0.12734848529236448
2026-10-06 12:44:06,69.31424218260821,0.0817440451075698,0,normal,0,0.12651341440987546
2026-10-06 12:44:07,71.48326862583919,0.0605332349772648,0,normal,0,0.12920754356249853
2026-10-06 12:44:08,69.3570501843587,0.0942805145325174,0,normal,0,0.11287554084514989
2026-10-06 12:44:09,68.55509361535923,0.0953112911128588,0,normal,0,0.1124278433678394
2026-10-06 12:44:10,67.56746916057179,0.080393845469206,0,normal,0,0.11894949935667398
2026-10-06 12:44:11,67.64864831174886,0.0824327919659667,0,normal,0,0.12004610782269232
2026-10-06 12:44:12,70.06910447208237,0.0656022270249067,0,normal,0,0.13217431608537367
2026-10-06 12:44:13,69.06203576668032,0.0569690795346779,0,normal,0,0.13220518257217284
2026-10-06 12:44:14,73.01688998938056,0.1240846826753889,0,normal,0,0.006175937082282423
2026-10-06 12:44:15,73.68227968871372,0.082164122637769,0,normal,0,0.08852564341262192
2026-10-06 12:44:16,72.77213181698839,0.1083513068588063,0,normal,0,0.052789621889925475
2026-10-06 12:44:17,71.3755127314523,0.0645119779578525,0,normal,0,0.1284967488073348
2026-10-06 12:44:18,70.71231380361671,0.0513963691234466,0,normal,0,0.12483232910155578
2026-10-06 12:44:19,70.7671669946778,0.0775476456482219,0,normal,0,0.12597067208134505
2026-10-06 12:44:20,66.91527671992259,0.0559540086395722,0,normal,0,0.10917097821446525
2026-10-06 12:44:21,70.13600522935876,0.0816513544031557,0,normal,0,0.12228274667054034
2026-10-06 12:44:22,71.79556168750042,0.1163887737378842,0,normal,0,0.04758380583612437
2026-10-06 12:44:23,67.07560662553011,0.1249610763476507,0,normal,0,0.035278326255617554
2026-10-06 12:44:24,72.83135114253253,0.0852949398526446,0,normal,0,0.09514125429655723
2026-10-06 12:44:25,71.12383499954028,0.0806891095611254,0,normal,0,0.12039684767715858
2026-10-06 12:44:26,71.35650285840947,0.0722797588689496,0,normal,0,0.12648505919946207
2026-10-06 12:44:27,71.95762193352536,0.077728605879342,0,normal,0,0.11464406023722412
2026-10-06 12:44:28,70.60633796418585,0.0461099073428047,0,normal,0,0.1175023986034267
2026-10-06 12:44:29,69.16856325197574,0.1232928787230533,0,normal,0,0.04951856096505902
2026-10-06 12:44:30,70.30353398811638,0.0837689331527838,0,normal,0,0.12128447333823311
2026-10-06 12:44:31,72.64583152851009,0.0729309710407245,0,normal,0,0.11621532364233522
2026-10-06 12:44:32,68.46625954792168,0.0789782195641091,0,normal,0,0.1279681161648321
2026-10-06 12:44:33,67.05526141472939,0.0710619152224793,0,normal,0,0.11816184923305245
2026-10-06 12:44:34,71.46013923633217,0.0740673075885054,0,normal,0,0.1235761715316091
2026-10-06 12:44:35,72.10783321160301,0.0897864991136268,0,normal,0,0.09003904274126961
2026-10-06 12:44:36,69.68460134133434,0.0933357264661532,0,normal,0,0.1154156582324582
2026-10-06 12:44:37,70.00106691823287,0.0193762153245034,0,normal,0,0.003313418932692991
2026-10-06 12:44:38,74.36823722468125,0.0346001573204319,0,normal,0,0.07034430093135968
2026-10-06 12:44:39,71.30202296885872,0.1373112469885041,0,normal,1,-0.008771230638690897
2026-10-06 12:44:40,72.6949685328332,0.0783791214436698,0,normal,0,0.10800934068835699
2026-10-06 12:44:41,71.51297627137068,0.1091239241450467,0,normal,0,0.07541495273169463
2026-10-06 12:44:42,68.27069437475046,0.0812303199449565,0,normal,0,0.12693895154100288
2026-10-06 12:44:43,69.16949103486637,0.032504338510347,0,normal,0,0.07100276348685491
2026-10-06 12:44:44,65.44116077175624,0.0933956444528961,0,normal,0,0.081462978969983
2026-10-06 12:44:45,66.5409676451499,0.0676773046189048,0,normal,0,0.11510575521454602
2026-10-06 12:44:46,72.49739043249306,0.0760586144901959,0,normal,0,0.1144783873381085
2026-10-06 12:44:47,68.26932972791269,0.0889716931470836,0,normal,0,0.12002061864139169
2026-10-06 12:44:48,68.62064097562586,0.0725884606523004,0,normal,0,0.1327903224819123
2026-10-06 12:44:49,71.17040167054257,0.0646407031746388,0,normal,0,0.13227224375070207
2026-10-06 12:44:50,72.92053546591043,0.0245028145888335,0,normal,0,0.028530052300215714
2026-10-06 12:44:51,74.043202495992,0.08331188941726,0,normal,0,0.08324566047974713
2026-10-06 12:44:52,71.84558547187459,0.0935657782208135,0,normal,0,0.09262563504409027
2026-10-06 12:44:53,72.67599147767946,0.1072213830156636,0,normal,0,0.05607002136926287
2026-10-06 12:44:54,73.0012138123661,0.0677622212310837,0,normal,0,0.12008129984013388
2026-10-06 12:44:55,69.86008969472907,0.0321042916339015,0,normal,0,0.07275120358177667
2026-10-06 12:44:56,69.45817449018708,0.0959060198101355,0,normal,0,0.11087868840743065
2026-10-06 12:44:57,69.30687980386604,0.0802484118321741,0,normal,0,0.1278532597454703
2026-10-06 12:44:58,70.5113511068761,0.0569062218730357,0,normal,0,0.13074807391198162
2026-10-06 12:44:59,68.26564687736047,0.056158240564332,0,normal,0,0.12906041130753798
2026-10-06 12:45:00,89.43136256703606,0.64090211283751,0,normal,1,-0.016763564796079544
2026-10-06 12:45:01,87.54281455288971,0.8747458996000298,0,normal,1,-0.06882068847495271
2026-10-06 12:45:02,92.12747724967372,0.747894106792763,0,normal,0,0.0009767485080509064
2026-10-06 12:45:03,94.37523552931036,0.7229721798022974,0,normal,1,-0.012227664319424458
2026-10-06 12:45:04,95.94178892687648,0.820396621297587,0,normal,1,-0.04814086086342262
2026-10-06 12:45:05,93.8151897826234,1.0973487816238954,0,normal,1,-0.15338161202885214
2026-10-06 12:45:06,92.68587450208712,0.705348700539972,0,normal,0,0.0017263250345354586
2026-10-06 12:45:07,88.6818621824237,0.569121728526511,0,normal,1,-0.0463041566433513
2026-10-06 12:45:08,88.87397940331826,0.516977042537665,0,normal,1,-0.05708524515494906
2026-10-06 12:45:09,94.13289172080523,0.6820870861239576,0,normal,1,-0.008763935710045967
2026-10-06 12:45:10,90.50360216767255,1.0264032722173568,0,normal,1,-0.11090237684536364
2026-10-06 12:45:11,95.42019302699153,0.6955899832559032,0,normal,1,-0.0354640771663014
2026-10-06 12:45:12,87.7076066486514,0.6977512020083956,0,normal,1,-0.028702117406367633
2026-10-06 12:45:13,94.20565500403136,0.5795990547477701,0,normal,1,-0.04556011194679366
2026-10-06 12:45:14,96.40916719233674,0.9422924542505896,0,normal,1,-0.11487602553384035
2026-10-06 12:45:15,91.05831146744104,0.6921668034810389,0,normal,0,0.009262953390242856
2026-10-06 12:45:16,96.10749851307754,0.4542220066713235,0,normal,1,-0.11935634947964646
2026-10-06 12:45:17,89.02894324716225,0.7838401078740468,0,normal,1,-0.018926693794208083
2026-10-06 12:45:18,87.17027912789537,0.6512713660555657,0,normal,1,-0.04349543339518869
2026-10-06 12:45:19,90.03445213596478,0.9318045693350748,0,normal,1,-0.05643896413483995
2026-10-06 12:45:20,89.54528135718259,0.8043628471027966,0,normal,1,-0.017843232949202648
2026-10-06 12:45:21,90.42301144982054,0.8757981930143938,0,normal,1,-0.032143730339487586
2026-10-06 12:45:22,92.89956866171492,0.784542000592104,0,normal,1,-0.005851534858021812
2026-10-06 12:45:23,91.8205797143508,0.9275610266609674,0,normal,1,-0.04447053144056112
2026-10-06 12:45:24,88.54457747398968,0.8876218374793612,0,normal,1,-0.05647932500259378
2026-10-06 12:45:25,87.66886491069683,0.3990419630868517,0,normal,1,-0.09881054585469629
2026-10-06 12:45:26,89.69288296066195,0.6665991105916955,0,normal,1,-0.008663278158097865
2026-10-06 12:45:27,92.8570471764949,0.5719213303950454,0,normal,1,-0.035419125804522555
2026-10-06 12:45:28,93.604167664907,0.7553650810211713,0,normal,1,-0.009717266578784578
2026-10-06 12:45:29,90.33554810015131,0.6651650363986238,0,normal,1,-0.006886545647032283
2026-10-06 12:45:30,93.65076275011204,0.5743474894044979,0,normal,1,-0.04060164394388943
2026-10-06 12:45:31,91.47376804617764,0.7596845113397512,0,normal,1,-0.0018816203732389125
2026-10-06 12:45:32,89.43096281346995,1.0473236834944673,0,normal,1,-0.13676283488359864
2026-10-06 12:45:33,89.57702985491319,0.8456662828728468,0,normal,1,-0.025976700412888465
2026-10-06 12:45:34,85.79004708565499,0.465715150877281,0,normal,1,-0.1067179786552741
2026-10-06 12:45:35,87.92643634387098,0.6369625755325552,0,normal,1,-0.03570201628953795
2026-10-06 12:45:36,92.0734703134072,1.0238121283890191,0,normal,1,-0.11294907611163496
2026-10-06 12:45:37,92.1767166604625,0.8541056951279935,0,normal,1,-0.013141387820397532
2026-10-06 12:45:38,89.17694002567362,0.4889257797567139,0,normal,1,-0.06137967787721621
2026-10-06 12:45:39,91.75163895081484,0.7521354124594308,0,normal,0,0.0008462786099402431
2026-10-06 12:45:40,90.47118481495843,0.603489741308797,0,normal,1,-0.019817027886603666
2026-10-06 12:45:41,90.92974126056548,0.5679955050487959,0,normal,1,-0.028195525627889184
2026-10-06 12:45:42,94.58998562245252,0.7281042272941377,0,normal,1,-0.012785926283092497
2026-10-06 12:45:43,91.37555205422407,0.6507066011810271,0,normal,0,0.0026543527761965224
2026-10-06 12:45:44,87.58604130974426,0.7578493357229896,0,normal,1,-0.03633147356278976
2026-10-06 12:45:45,87.42151429277132,0.7354273006075635,0,normal,1,-0.03904286914415411
2026-10-06 12:45:46,86.48241735416373,0.7173669804774646,0,normal,1,-0.0568893778592473
2026-10-06 12:45:47,92.21760518323585,0.8672052283125832,0,normal,1,-0.020065919724301606
2026-10-06 12:45:48,93.0823089192854,0.8924647441269786,0,normal,1,-0.039780748578037706
2026-10-06 12:45:49,96.74902120741184,0.6918267034656692,0,normal,1,-0.06803315988676994
2026-10-06 12:45:50,87.64595867240794,0.7194489025621434,0,normal,1,-0.028047511508205503
2026-10-06 12:45:51,93.83079115729166,0.9885284697972332,0,normal,1,-0.10057219194956857
2026-10-06 12:45:52,90.58265123344376,0.6809430641309085,0,normal,0,0.007624917371530815
2026-10-06 12:45:53,94.45863126285492,0.810756291489646,0,normal,1,-0.02455995811562761
2026-10-06 12:45:54,93.32110956252131,0.822337761882982,0,normal,1,-0.00989054323918559
2026-10-06 12:45:55,85.48451536462599,0.930363276475561,0,normal,1,-0.12776313345456014
2026-10-06 12:45:56,90.57630863668535,0.9808547279582144,0,normal,1,-0.08232979260782569
2026-10-06 12:45:57,90.16844566952582,0.5340687248742235,0,normal,1,-0.039527579636082555
2026-10-06 12:45:58,94.66635685396324,0.7368037052944574,0,normal,1,-0.017271995536298768
2026-10-06 12:45:59,93.3574526325203,0.9057922052509296,0,normal,1,-0.04782220767993661
2026-10-06 12:46:00,91.48024207518976,0.8970392875233145,0,normal,1,-0.027235856461957475
2026-10-06 12:46:01,88.05658872770404,0.7244881828869794,0,normal,1,-0.024606830896648724
2026-10-06 12:46:02,92.92019731442896,0.7594212656642694,0,normal,1,-0.006115756165426478
2026-10-06 12:46:03,91.85397692717696,0.9581182168674884,0,normal,1,-0.05959922456174416
2026-10-06 12:46:04,95.69613803184252,0.7791477355955491,0,normal,1,-0.03755636890729663
2026-10-06 12:46:05,89.04895795805591,0.6300571831268987,0,normal,1,-0.02525007864496054
2026-10-06 12:46:06,83.73438213963807,0.7396280460289526,0,normal,1,-0.1102894577200434
2026-10-06 12:46:07,88.6655487206289,1.000436159080687,0,normal,1,-0.11308203403240813
2026-10-06 12:46:08,90.6032935433878,0.8021221264321376,0,normal,1,-0.0031847315003418197
2026-10-06 12:46:09,89.86359685274009,0.8080220904912148,0,normal,1,-0.01745084495829663
2026-10-06 12:46:10,91.9534397399566,0.663713760490333,0,normal,1,-0.0005215845162319654
2026-10-06 12:46:11,85.73607257127937,0.6751713150505274,0,normal,1,-0.07377578264518359
2026-10-06 12:46:12,89.80916420003128,0.6152649556049637,0,normal,1,-0.02368547326168624
2026-10-06 12:46:13,91.05730935361782,1.0132094533186131,0,normal,1,-0.09919465079539469
2026-10-06 12:46:14,92.73883579522608,0.7934072804380524,0,normal,1,-0.004396739978682618
2026-10-06 12:46:15,93.31668772398058,0.7650951850306986,0,normal,1,-0.00469229863595777
2026-10-06 12:46:16,94.02746367629268,0.684802839080251,0,normal,1,-0.004032692053694387
2026-10-06 12:46:17,89.46814002935682,0.9090214910510958,0,normal,1,-0.05194498018724236
2026-10-06 12:46:18,92.1508263169716,0.6169837709439583,0,normal,1,-0.012099819656694266
2026-10-06 12:46:19,90.91880408948384,0.5798965669402465,0,normal,1,-0.025414285631112032
2026-10-06 12:46:20,84.99977750297414,0.7833179319369843,0,normal,1,-0.10301124483856561
2026-10-06 12:46:21,91.6736559094381,0.947160873054794,0,normal,1,-0.05117564205905778
2026-10-06 12:46:22,87.52035787660776,0.8318408686324977,0,normal,1,-0.05139656600018494
2026-10-06 12:46:23,86.61676739078506,1.0258087283960244,0,normal,1,-0.15597400244317283
2026-10-06 12:46:24,91.82582891700297,0.5554750559094117,0,normal,1,-0.029669521941347088
2026-10-06 12:46:25,89.15421554722055,0.9425438705901888,0,normal,1,-0.07478457295372865
2026-10-06 12:46:26,91.740448160102,0.7601695712562536,0,normal,0,0.0005424931953096346
2026-10-06 12:46:27,93.65794490717072,0.768362047716952,0,normal,1,-0.007267909719009813
2026-10-06 12:46:28,87.84178344426613,0.4381737250536051,0,normal,1,-0.08915595979082003
2026-10-06 12:46:29,92.86909178900898,0.7724201383282995,0,normal,1,-0.004306669547416209
2026-10-06 12:46:30,90.01083994208798,0.8872363725464251,0,normal,1,-0.04224219223502901
2026-10-06 12:46:31,89.55552973074656,0.7387125439747307,0,normal,1,-0.00686908299914768
2026-10-06 12:46:32,91.8993085951742,0.9951568563789064,0,normal,1,-0.09157663229130686
2026-10-06 12:46:33,91.252414965982,0.7790083881049567,0,normal,0,0.0017296574966489398
2026-10-06 12:46:34,93.90725493880689,0.5385467301791296,0,normal,1,-0.0525130987495418
2026-10-06 12:46:35,87.87794753404492,0.6523968724968369,0,normal,1,-0.029834548560348284
2026-10-06 12:46:36,86.8533403064901,0.824449110156859,0,normal,1,-0.06309812106505519
2026-10-06 12:46:37,94.28757219426302,0.9168518967210952,0,normal,1,-0.06302305878460113
2026-10-06 12:46:38,91.1520698534464,0.7801344719473557,0,normal,0,0.0015792855458970911
2026-10-06 12:46:39,89.23038503086217,0.6299720471967019,0,normal,1,-0.020202253424958516
2026-10-06 12:46:40,89.87487555366855,0.6089946540581628,0,normal,1,-0.028358280849267836
2026-10-06 12:46:41,94.82028551158932,0.9507725752919374,0,normal,1,-0.08819557419389423
2026-10-06 12:46:42,91.8145457753224,0.7221926167685095,0,normal,0,0.007086709106132683
2026-10-06 12:46:43,91.00294278587344,0.6840076103362223,0,normal,0,0.005717629218121523
2026-10-06 12:46:44,88.99067208805738,0.8886056522244246,0,normal,1,-0.052728614488804504
2026-10-06 12:46:45,90.30866319814878,0.8482167402228904,0,normal,1,-0.02014649698091009
2026-10-06 12:46:46,89.66389736799128,0.7524681452021573,0,normal,1,-0.010587158671655938
2026-10-06 12:46:47,92.54671804346717,0.6331411707628315,0,normal,1,-0.007964620175593073
2026-10-06 12:46:48,90.49167823959186,0.8455775206888507,0,normal,1,-0.015647582793181014
2026-10-06 12:46:49,90.98019555588311,0.6961620306139382,0,normal,0,0.005440368740544821
2026-10-06 12:46:50,93.38288307955912,0.8609522111888201,0,normal,1,-0.028055177951840204
2026-10-06 12:46:51,90.22244475306071,0.7972356386779457,0,normal,1,-0.01489535293652744
2026-10-06 12:46:52,93.51175578793256,0.6839224566079798,0,normal,1,-0.002807942518044393
2026-10-06 12:46:53,90.63123322258544,0.9305772474560956,0,normal,1,-0.04340921354864358
2026-10-06 12:46:54,90.83130006685256,0.7703708097349442,0,normal,0,0.0011547766531064263
2026-10-06 12:46:55,95.31767461505063,0.7396789165286647,0,normal,1,-0.028759518572957776
2026-10-06 12:46:56,85.79192409993284,0.7968721288990049,0,normal,1,-0.08452409841235697
2026-10-06 12:46:57,90.5174808778842,0.7070496314387218,0,normal,0,0.005465477901083926
2026-10-06 12:46:58,89.04912540588008,0.6445648102285333,0,normal,1,-0.018742955886486556
2026-10-06 12:46:59,87.1531759932593,0.6172879216651508,0,normal,1,-0.05418669852383018
2026-10-06 12:47:00,89.73999549494415,0.654889178077696,0,normal,1,-0.011648204019845787
2026-10-06 12:47:01,91.80337270651864,0.4954961453274178,0,normal,1,-0.05332304842252722
2026-10-06 12:47:02,94.56463224073435,0.7621055521022723,0,normal,1,-0.021113228258379246
2026-10-06 12:47:03,90.14918323455258,1.078819106328561,0,normal,1,-0.1466545352388522
2026-10-06 12:47:04,95.37890427506508,0.7656905672036413,0,normal,1,-0.03612733427258075
2026-10-06 12:47:05,92.92510764883248,0.7882626111139324,0,normal,1,-0.005849244446785695
2026-10-06 12:47:06,92.71323607050728,0.9487469054508888,0,normal,1,-0.06551021131918999
2026-10-06 12:47:07,89.49662980206688,0.5731057899150116,0,normal,1,-0.0348707430369406
2026-10-06 12:47:08,89.63335400449289,0.7200589732202515,0,normal,1,-0.005368105572656656
2026-10-06 12:47:09,88.30288935264025,0.6734589080476288,0,normal,1,-0.02536458722494772
2026-10-06 12:47:10,88.38692145960798,1.0755911279468091,0,normal,1,-0.15706603264494512
2026-10-06 12:47:11,87.65739007549219,0.9877970366645176,0,normal,1,-0.11883025725547491
2026-10-06 12:47:12,85.41835472612186,0.7433024222324313,0,normal,1,-0.08578751562141629
2026-10-06 12:47:13,93.56595898488638,0.8046848874676515,0,normal,1,-0.013339134131197028
2026-10-06 12:47:14,88.74444433677073,0.7527072309287689,0,normal,1,-0.019062600551595033
2026-10-06 12:47:15,92.83788409232189,0.9591510033179532,0,normal,1,-0.07313000451084417
2026-10-06 12:47:16,91.06455857359352,0.8875732303157056,0,normal,1,-0.029459099860408844
2026-10-06 12:47:17,91.47452747935375,0.5999466710334425,0,normal,1,-0.016714324345380227
2026-10-06 12:47:18,88.94174643208032,0.5338977972019725,0,normal,1,-0.05084012792135861
2026-10-06 12:47:19,89.03206612519186,0.5803859967701579,0,normal,1,-0.04201930901329565
2026-10-06 12:47:20,93.8522603588322,0.740430410905241,0,normal,1,-0.0024449563286088605
2026-10-06 12:47:21,88.49451527817568,0.8121898834648229,0,normal,1,-0.031198468610750152
2026-10-06 12:47:22,87.71402305766769,0.6510427061429165,0,normal,1,-0.03298405553914252
2026-10-06 12:47:23,91.99286338782122,0.7653219465539848,0,normal,1,-0.0023058726140644525
2026-10-06 12:47:24,91.40826107746705,0.6311752468337916,0,normal,1,-0.004837788794499698
2026-10-06 12:47:25,92.635041461835,0.7447796608183431,0,normal,0,0.0008184681813886985
2026-10-06 12:47:26,90.61562701948256,0.8589719411149347,0,normal,1,-0.013776194613880022
2026-10-06 12:47:27,96.37339143357478,1.1811336090583622,0,normal,1,-0.18351358016749275
2026-10-06 12:47:28,90.3383183610534,0.6057619820280373,0,normal,1,-0.024435290241363594
2026-10-06 12:47:29,93.54854510907953,0.5858515422150075,0,normal,1,-0.03295835855337559
2026-10-06 12:47:30,89.81353108011736,1.1306122279099409,0,normal,1,-0.15697611999449346
2026-10-06 12:47:31,92.94598973269684,0.7522036663471714,0,normal,1,-0.00459879392009932
2026-10-06 12:47:32,90.50913943327912,0.622022993683703,0,normal,1,-0.010932973993510786
2026-10-06 12:47:33,91.72298823814472,0.9723851349440532,0,normal,1,-0.07171634978224584
2026-10-06 12:47:34,91.58927586048569,0.8255109523693176,0,normal,1,-0.0011682898870576386
2026-10-06 12:47:35,90.08682875431424,0.6298382233661775,0,normal,1,-0.01379384054070698
2026-10-06 12:47:36,89.18470670347926,0.8597377760933547,0,normal,1,-0.03576781800540163
2026-10-06 12:47:37,88.37868871852868,0.8807617007567206,0,normal,1,-0.05593526276211036
2026-10-06 12:47:38,90.73875440945513,0.8695894715339143,0,normal,1,-0.024822967483370983
2026-10-06 12:47:39,94.90234895678456,0.6434852645260384,0,normal,1,-0.03236312946221853
2026-10-06 12:47:40,90.54257297294278,0.7530137248092444,0,normal,1,-0.0019479990795108204
2026-10-06 12:47:41,85.97173506642045,0.8538655746905266,0,normal,1,-0.09575293874795165
2026-10-06 12:47:42,89.55140295737522,0.5030110503159917,0,normal,1,-0.05190321390039565
2026-10-06 12:47:43,89.42267497787627,0.7644542319890003,0,normal,1,-0.010130656858479803
2026-10-06 12:47:44,88.11969016082455,0.847321444862235,0,normal,1,-0.04107230427798081
2026-10-06 12:47:45,89.68114216539803,0.8498656595248085,0,normal,1,-0.025291789637425843
2026-10-06 12:47:46,93.50138382011995,0.7106971509957514,0,normal,1,-0.001810495051340788
2026-10-06 12:47:47,89.19384843968525,0.5055813923530905,0,normal,1,-0.05495164180061296
2026-10-06 12:47:48,92.09852426182285,0.8823857443449634,0,normal,1,-0.029975134016125282
2026-10-06 12:47:49,92.27790428934864,0.8331502852354556,0,normal,1,-0.009394878042527033
2026-10-06 12:47:50,92.32600982469076,0.715737419793378,0,normal,0,0.006672007164264193
2026-10-06 12:47:51,94.1139476018635,0.7568085438632887,0,normal,1,-0.014908051021256252
2026-10-06 12:47:52,84.34879394416298,0.9336774579913332,0,normal,1,-0.1452459820765628
2026-10-06 12:47:53,98.32253326636764,0.9103282782499228,0,normal,1,-0.14562937145596166
2026-10-06 12:47:54,87.68719461061093,0.8330791508411697,0,normal,1,-0.04787639175970526
2026-10-06 12:47:55,90.71573242421272,0.8042325399264261,0,normal,1,-0.003389803026257354
2026-10-06 12:47:56,93.17361070588954,0.8346039767529434,0,normal,1,-0.014611244593535577
2026-10-06 12:47:57,91.69636434204708,0.7860755516194589,0,normal,1,-0.0014287352319293234
2026-10-06 12:47:58,92.94612768287296,0.4703448260786111,0,normal,1,-0.07833190635956722
2026-10-06 12:47:59,90.99902981468988,0.7005654583781092,0,normal,0,0.0051826957239027305
2026-10-06 12:48:00,93.80906803764007,0.7351220426382572,0,normal,1,-0.004784482380224109
2026-10-06 12:48:01,90.61554974797774,0.8325887738699609,0,normal,1,-0.005846146733386348
2026-10-06 12:48:02,95.37296975110606,0.5241942731604776,0,normal,1,-0.08389755648684982
2026-10-06 12:48:03,91.45178066025936,0.579567867930788,0,normal,1,-0.024433426966227634
2026-10-06 12:48:04,92.74115615919646,0.796417202021053,0,normal,1,-0.004287897967108489
2026-10-06 12:48:05,91.77875194348594,0.7674877745843109,0,normal,1,-0.00037935744693962103
2026-10-06 12:48:06,96.28825264925472,0.9571921540955366,0,normal,1,-0.12004932549226599
2026-10-06 12:48:07,91.81170213611226,0.4910410073924349,0,normal,1,-0.056408510155818936
2026-10-06 12:48:08,92.01326827711686,0.7212945210859539,0,normal,0,0.008166394283205258
2026-10-06 12:48:09,89.24851649123018,0.5953887795870385,0,normal,1,-0.03191719362645529
2026-10-06 12:48:10,93.68831834960775,0.6726133822125436,0,normal,1,-0.004290918632559926
2026-10-06 12:48:11,87.68493085917848,0.6968943159808249,0,normal,1,-0.028918111255209378
2026-10-06 12:48:12,90.89309489767712,0.8425551217952529,0,normal,1,-0.009206828948949641
2026-10-06 12:48:13,92.75009127647158,0.8306782517764149,0,normal,1,-0.011429343415570559
2026-10-06 12:48:14,89.17052494358828,0.8042937997807321,0,normal,1,-0.02072208112629559
2026-10-06 12:48:15,92.82161460692274,0.7466842545482937,0,normal,1,-0.0024203295022670046
2026-10-06 12:48:16,93.2987954790608,0.7230279404955068,0,normal,0,0.0024097717404059638
2026-10-06 12:48:17,93.27173860085507,0.9346343656506568,0,normal,1,-0.06259335186337944
2026-10-06 12:48:18,90.2032311251581,0.8521433358889191,0,normal,1,-0.022617536305614472
2026-10-06 12:48:19,89.38210171907409,0.6800731527936473,0,normal,1,-0.006066122329189461
2026-10-06 12:48:20,89.08814774544224,0.8590385719386865,0,normal,1,-0.03791045737125931
2026-10-06 12:48:21,88.67603891288222,1.0734858349236935,0,normal,1,-0.15469291559175713
2026-10-06 12:48:22,92.23724075235992,0.806164854331237,0,normal,1,-0.005398161157457948
2026-10-06 12:48:23,93.05858517934168,0.7410757130903796,0,normal,0,0.0011250872092278263
2026-10-06 12:48:24,93.13672907162788,0.5540827368183928,0,normal,1,-0.04351206909284089
2026-10-06 12:48:25,91.55085336681942,0.7852990513012854,0,normal,1,-0.002062126297887157
2026-10-06 12:48:26,91.09987884687736,0.7913720666340238,0,normal,1,-0.0010275697220417657
2026-10-06 12:48:27,93.006815027409,0.8138383284125164,0,normal,1,-0.008924435775943151
2026-10-06 12:48:28,94.11891671050452,1.0646687414929912,0,normal,1,-0.1468578389441204
2026-10-06 12:48:29,93.21485414566848,0.7844007366878682,0,normal,1,-0.008398247513155876
2026-10-06 12:48:30,92.557855399982,0.7221089655271065,0,normal,0,0.0042224218873099795
2026-10-06 12:48:31,89.95694434796293,0.9862502257333876,0,normal,1,-0.09437670333477644
2026-10-06 12:48:32,94.11089173822222,0.620993154454961,0,normal,1,-0.027982024170250086
2026-10-06 12:48:33,90.79400256501388,0.5235645243809515,0,normal,1,-0.04326735364817447
2026-10-06 12:48:34,88.82292595231921,0.7327915601678513,0,normal,1,-0.015395681527577865
2026-10-06 12:48:35,90.7534718137454,0.8084741443128174,0,normal,1,-0.004619998157046612
2026-10-06 12:48:36,93.25269972006,0.6329288214472683,0,normal,1,-0.01377489103732632
2026-10-06 12:48:37,94.33619290626784,0.7422270766484962,0,normal,1,-0.011234770510787695
2026-10-06 12:48:38,97.71000795604756,0.6598399915241913,0,normal,1,-0.09820437370757229
2026-10-06 12:48:39,94.45705308151524,0.7756275529480412,0,normal,1,-0.01563846905658972
2026-10-06 12:48:40,92.71126026508232,0.6990512133194833,0,normal,1,-0.0005809743769281672
2026-10-06 12:48:41,88.95582893617387,0.4267525068744855,0,normal,1,-0.08771972912245041
2026-10-06 12:48:42,93.46940305080616,0.8517022249925957,0,normal,1,-0.021071766084201027
2026-10-06 12:48:43,91.45101124134946,0.6938207214687433,0,normal,0,0.006180270863017645
2026-10-06 12:48:44,89.2880699129706,0.7139217295413945,0,normal,1,-0.007818794183670819
2026-10-06 12:48:45,86.43136762679532,0.8111628611372144,0,normal,1,-0.07384101469825455
2026-10-06 12:48:46,91.53375671972393,0.8549852855597996,0,normal,1,-0.008811012433980414
2026-10-06 12:48:47,88.17517121710225,0.8590793293672441,0,normal,1,-0.04756341724143753
2026-10-06 12:48:48,87.5488901960216,0.7169065150058161,0,normal,1,-0.03227298627819253
2026-10-06 12:48:49,93.72154571597528,0.8537951481875512,0,normal,1,-0.024032601731917902
2026-10-06 12:48:50,91.80364992824052,0.8399950992425458,0,normal,1,-0.008893062829658072
2026-10-06 12:48:51,90.76615925017744,0.7696955890642213,0,normal,0,0.0012848204866365287
2026-10-06 12:48:52,93.83839886130384,0.6958552872649819,0,normal,1,-0.0041949552395942336
2026-10-06 12:48:53,92.5692101990932,0.9610748965889274,0,normal,1,-0.06819286922119994
2026-10-06 12:48:54,94.83963755907602,0.5761797805801883,0,normal,1,-0.055575425764832986
2026-10-06 12:48:55,93.07522678494736,0.7479590465211936,0,normal,1,-0.0013228463212527908
2026-10-06 12:48:56,87.61054557029468,0.8908078692781468,0,normal,1,-0.07347685124335501
2026-10-06 12:48:57,90.8935461627228,0.6001891712751387,0,normal,1,-0.018065957911082564
2026-10-06 12:48:58,91.03607767858016,0.4253986506530909,0,normal,1,-0.08564155073049817
2026-10-06 12:48:59,87.35286758747849,0.7027065163830126,0,normal,1,-0.038752481041423814
2026-10-06 12:49:00,95.29938855335436,0.8127121556663754,0,normal,1,-0.039624127545234256
2026-10-06 12:49:01,88.78977185258174,0.6541203030765533,0,normal,1,-0.017462104457765304
2026-10-06 12:49:02,91.31729490628368,0.5694733602575324,0,normal,1,-0.02633492055299036
2026-10-06 12:49:03,94.16911612125855,1.0692891965098497,0,normal,1,-0.14997429149043384
2026-10-06 12:49:04,94.93128847223852,0.6549985564966984,0,normal,1,-0.03025372243668578
2026-10-06 12:49:05,91.24737487776233,0.437478255768465,0,normal,1,-0.07951290684487733
2026-10-06 12:49:06,89.76450897108867,0.5045192171916112,0,normal,1,-0.051805728379973326
2026-10-06 12:49:07,90.27077974852838,0.6244478409206838,0,normal,1,-0.0176992444047539
2026-10-06 12:49:08,89.33524048422738,0.5265119796747382,0,normal,1,-0.04571634370492239
2026-10-06 12:49:09,89.18852595185446,0.580880359935454,0,normal,1,-0.037413775351167966
2026-10-06 12:49:10,91.7689970995112,0.8294023228251466,0,normal,1,-0.005457388364567994
2026-10-06 12:49:11,92.01770669959969,0.757461632847123,0,normal,1,-0.0028246449719928624
2026-10-06 12:49:12,88.6366923393576,1.0163110598244094,0,normal,1,-0.12370456477603808
2026-10-06 12:49:13,93.2762693164404,0.7462782622733581,0,normal,1,-0.0023234522287866044
2026-10-06 12:49:14,94.670670753897,0.822376199348798,0,normal,1,-0.02612042122120084
2026-10-06 12:49:15,94.391990094125,0.6355794341831662,0,normal,1,-0.02761975060257127
2026-10-06 12:49:16,92.87475213002702,0.7827492172333608,0,normal,1,-0.005148590100415351
2026-10-06 12:49:17,90.46088923806651,0.9862014564284092,0,normal,1,-0.08686256326308328
2026-10-06 12:49:18,90.54133220449428,0.8214289212876247,0,normal,1,-0.004233175829743363
2026-10-06 12:49:19,89.01209397467036,0.4906946624276662,0,normal,1,-0.05989306604198863
2026-10-06 12:49:20,89.67192290321599,0.759526129407903,0,normal,1,-0.010452316965904096
2026-10-06 12:49:21,88.37196527341382,0.9715633053841932,0,normal,1,-0.0994503466423764
2026-10-06 12:49:22,90.34654060090044,0.5081014690933116,0,normal,1,-0.05034859033471373
2026-10-06 12:49:23,87.51648092005779,0.56050398877122,0,normal,1,-0.06465024952782727
2026-10-06 12:49:24,90.25881207089527,0.5514567753938636,0,normal,1,-0.038293799810438345
2026-10-06 12:49:25,93.6027667161504,0.7790254952999104,0,normal,1,-0.006237256088413634
2026-10-06 12:49:26,94.13904924458642,0.9065430171949574,0,normal,1,-0.05587540105061706
2026-10-06 12:49:27,92.98951221228464,0.5922253975594995,0,normal,1,-0.02742347736082751
2026-10-06 12:49:28,98.80384832462948,0.8474179987601689,0,normal,1,-0.1311294339905168
2026-10-06 12:49:29,92.95494306862652,0.5352235686104918,0,normal,1,-0.047407960498170865
2026-10-06 12:49:30,88.48971012828264,0.8727550639184161,0,normal,1,-0.05303863543278908
2026-10-06 12:49:31,92.7431035714494,0.8432718562230955,0,normal,1,-0.012239323851212958
2026-10-06 12:49:32,92.84865056279162,0.6057885951281992,0,normal,1,-0.021387810988739098
2026-10-06 12:49:33,84.95649462685004,0.7640751855015359,0,normal,1,-0.09865570048409067
2026-10-06 12:49:34,93.26163336498426,1.0586392011654204,0,normal,1,-0.1410104071665429
2026-10-06 12:49:35,91.07050426299114,0.6656864609565758,0,normal,0,0.002145562469933693
2026-10-06 12:49:36,93.95928444162624,0.387446279434639,0,normal,1,-0.10844150389680651
2026-10-06 12:49:37,93.65439189655694,0.8820668946596592,0,normal,1,-0.0386047368267769
2026-10-06 12:49:38,97.22199302548609,1.0637512977929229,0,normal,1,-0.18513527696164434
2026-10-06 12:49:39,94.21038159039666,0.7869246413386597,0,normal,1,-0.01663238523940569
2026-10-06 12:49:40,93.20099612343252,0.6443911598117874,0,normal,1,-0.01067965548701677
2026-10-06 12:49:41,90.17372697332463,0.7652158088456344,0,normal,1,-0.00703930751073556
2026-10-06 12:49:42,91.73826382356876,0.5009526384606646,0,normal,1,-0.04952498363457747
2026-10-06 12:49:43,90.64503209335923,0.7215838364910074,0,normal,0,0.007841920889905818
2026-10-06 12:49:44,89.5475143463451,1.0519857349854336,0,normal,1,-0.14092662164409486
2026-10-06 12:49:45,90.7094878193374,0.8027924658309343,0,normal,1,-0.0025390561040643522
2026-10-06 12:49:46,93.8553942829594,0.6505836683676617,0,normal,1,-0.010133442065688891
2026-10-06 12:49:47,91.79811422950232,0.4350230180042249,0,normal,1,-0.08068233152486459
2026-10-06 12:49:48,93.06965755592948,0.582738245820345,0,normal,1,-0.03317328439212697
2026-10-06 12:49:49,92.40705970287712,0.7009092664725891,0,normal,0,0.0023246545326152668
2026-10-06 12:49:50,91.87909327790464,0.7617482793771766,0,normal,1,-0.002151074651701612
2026-10-06 12:49:51,94.0227926684214,0.8843994280632723,0,normal,1,-0.04443883296753404
2026-10-06 12:49:52,91.8928537121645,0.6494421096228742,0,normal,1,-0.0005276940910651229
2026-10-06 12:49:53,97.45366488967665,0.9924129620273172,0,normal,1,-0.16336367696247378
2026-10-06 12:49:54,93.92031588592448,0.7533232362045624,0,normal,1,-0.010391985949246174
2026-10-06 12:49:55,90.94999399085162,0.9012193853541768,0,normal,1,-0.029965786411870088
2026-10-06 12:49:56,92.46002753529824,0.7409636686583656,0,normal,0,0.003242995275349214
2026-10-06 12:49:57,91.65977596177696,0.8184818564649534,0,normal,1,-0.0008923382140297864
2026-10-06 12:49:58,91.76218128177688,0.5332200784152655,0,normal,1,-0.036208256114051096
2026-10-06 12:49:59,89.9000067674461,0.4253974596726428,0,normal,1,-0.0824723112400576
2026-10-06 12:50:00,90.18072888627472,0.7813115069636203,0,normal,1,-0.009189721806173168
2026-10-06 12:50:01,92.90440411619583,0.783185385882192,0,normal,1,-0.005490482370328342
2026-10-06 12:50:02,90.8813804706921,1.0389497173848272,0,normal,1,-0.11854261210417871
2026-10-06 12:50:03,91.34520892251106,0.596706831401918,0,normal,1,-0.016354592584199135
2026-10-06 12:50:04,95.44303349655172,0.8265148642083645,0,normal,1,-0.04006548897840856
2026-10-06 12:50:05,95.37097910635924,0.6042464365503045,0,normal,1,-0.05584405587998642
2026-10-06 12:50:06,89.76883315738438,0.7943654647918259,0,normal,1,-0.015344765247477743
2026-10-06 12:50:07,90.25486368992436,0.7588402401022286,0,normal,1,-0.010308410190867034
2026-10-06 12:50:08,89.93985466986852,0.8402192424032314,0,normal,1,-0.02256237093827973
2026-10-06 12:50:09,90.55531406746132,0.6308035378520638,0,normal,1,-0.005281076093437087
2026-10-06 12:50:10,87.40438515547831,0.6097659460722865,0,normal,1,-0.057014272954064804
2026-10-06 12:50:11,96.41854382384798,0.5458414403920375,0,normal,1,-0.09378548417890964
2026-10-06 12:50:12,94.10720858218208,0.7526455276627787,0,normal,1,-0.013454340931859488
2026-10-06 12:50:13,91.78913055110078,0.6766311831608569,0,normal,0,0.006452037627699914
2026-10-06 12:50:14,90.48559320208432,0.8749143900680258,0,normal,1,-0.03028268715716964
2026-10-06 12:50:15,94.86186961715076,0.6597682295008315,0,normal,1,-0.027829721621857373
2026-10-06 12:50:16,98.93664768330626,0.7105900598711226,0,normal,1,-0.11271427981826754
2026-10-06 12:50:17,92.939617622046,0.867350142584083,0,normal,1,-0.027399820894054683
2026-10-06 12:50:18,90.78133041224648,0.6995639314548278,0,normal,0,0.005612366435553184
2026-10-06 12:50:19,95.3046328697275,0.7238517226853735,0,normal,1,-0.03002083754422291
2026-10-06 12:50:20,89.68211857099038,0.8155937511453833,0,normal,1,-0.015632004001487565
2026-10-06 12:50:21,91.81925006694236,0.4765455827515564,0,normal,1,-0.06351085690311187
2026-10-06 12:50:22,87.1084615871775,0.8586088999156987,0,normal,1,-0.0705185162104024
2026-10-06 12:50:23,91.22915268079372,0.6971230685494677,0,normal,0,0.00912505794955859
2026-10-06 12:50:24,93.85045243693524,0.7065598404074721,0,normal,1,-0.00304321948346864
2026-10-06 12:50:25,94.3274613094956,0.7269257846343655,0,normal,1,-0.008938883245112161
2026-10-06 12:50:26,95.60720272958396,0.6603047118907581,0,normal,1,-0.04385164074989689
2026-10-06 12:50:27,93.67905014491608,0.9271632080881922,0,normal,1,-0.06110813968435436
2026-10-06 12:50:28,96.536885296268,0.6645669638113173,0,normal,1,-0.06645641472392738
2026-10-06 12:50:29,92.0190829700071,0.4475189669989011,0,normal,1,-0.07571869011223575
2026-10-06 12:50:30,86.40844474958865,0.824792247760769,0,normal,1,-0.07233763133307758
2026-10-06 12:50:31,88.1927951191939,0.7645583472199522,0,normal,1,-0.024248668908202098
2026-10-06 12:50:32,83.58012070852376,0.5822637936323217,0,normal,1,-0.1227290423750802
2026-10-06 12:50:33,94.3234488814862,0.5720084087349941,0,normal,1,-0.05180309144830764
2026-10-06 12:50:34,90.74719713942868,0.943423202157547,0,normal,1,-0.054324193551229416
2026-10-06 12:50:35,94.03968143486829,0.7138078379255411,0,normal,1,-0.00627090810462394
2026-10-06 12:50:36,92.74006546855982,0.5390830451006079,0,normal,1,-0.041723867730425135
2026-10-06 12:50:37,93.157359881741,0.5558864377922527,0,normal,1,-0.042250046477514624
2026-10-06 12:50:38,97.0570160739415,0.4203119523444896,0,normal,1,-0.13732640725586565
2026-10-06 12:50:39,93.1508341848448,1.0603886892094554,0,normal,1,-0.1416934875004887
2026-10-06 12:50:40,95.98960838179048,1.013102842908162,0,normal,1,-0.1420949977561874
2026-10-06 12:50:41,91.64554528873506,0.6481843094215017,0,normal,0,0.0011525071571192869
2026-10-06 12:50:42,86.9662988731848,0.7533729636229173,0,normal,1,-0.05498923909960063
2026-10-06 12:50:43,90.5557159417483,0.6562415825817265,0,normal,0,0.0013543423751929407
2026-10-06 12:50:44,93.23176565816412,0.4827858372174208,0,normal,1,-0.07607301788736265
2026-10-06 12:50:45,86.69926585348055,0.5573340538421542,0,normal,1,-0.0811131780102371
2026-10-06 12:50:46,91.34001704710904,0.8194596604644576,0,normal,1,-0.0004057665566770119
2026-10-06 12:50:47,92.75211253407208,0.6035230865558253,0,normal,1,-0.01956249633528162
2026-10-06 12:50:48,96.04664916359604,0.6529408364608128,0,normal,1,-0.053707400196293276
2026-10-06 12:50:49,93.31467761516292,0.7308643871885359,0,normal,0,0.0009264928751989698
2026-10-06 12:50:50,94.2702857244972,0.7797318193140692,0,normal,1,-0.011965801434795975
2026-10-06 12:50:51,95.5663478092256,0.7041491608489854,0,normal,1,-0.0347824645670064
2026-10-06 12:50:52,95.31176338493468,0.8205925229725095,0,normal,1,-0.03992999320978796
2026-10-06 12:50:53,89.41677718098387,0.6699086567427193,0,normal,1,-0.010427044030008492
2026-10-06 12:50:54,88.66279481735681,0.7876873939567545,0,normal,1,-0.022904624145899333
2026-10-06 12:50:55,92.1460952544876,0.7306178360279089,0,normal,0,0.0047630935330821855
2026-10-06 12:50:56,90.23692064162456,0.7199053428474118,0,normal,1,-0.001994994379581394
2026-10-06 12:50:57,89.18856679229424,0.6046315430857061,0,normal,1,-0.03183182768552617
2026-10-06 12:50:58,93.32266160238969,0.7704785574734819,0,normal,1,-0.0030188412341998205
2026-10-06 12:50:59,94.12510383656036,0.7837702973205766,0,normal,1,-0.015044081886601446
2026-10-06 12:51:00,90.92438270723784,0.8202729121994332,0,normal,1,-0.002396690088116271
2026-10-06 12:51:01,93.51797418397986,0.6361289252951384,0,normal,1,-0.01566187947200348
2026-10-06 12:51:02,94.2301472662175,0.2176984752360453,0,normal,1,-0.11666909893900668
2026-10-06 12:51:03,94.89234536425484,0.6487991818022728,0,normal,1,-0.03038287724451383
2026-10-06 12:51:04,96.55112047450208,0.7892043954767773,0,normal,1,-0.0632970564989962
2026-10-06 12:51:05,94.1427240343772,0.7705539714541629,0,normal,1,-0.011894133467997947
2026-10-06 12:51:06,87.77645065144134,0.6602365461991997,0,normal,1,-0.03171594969876901
2026-10-06 12:51:07,90.71923584958522,0.3807241370265898,0,normal,1,-0.09621262918034301
2026-10-06 12:51:08,90.87771679849529,0.8354395681832472,0,normal,1,-0.00802959234157874
2026-10-06 12:51:09,89.12559657302761,0.8182580608023393,0,normal,1,-0.02033205879906097
2026-10-06 12:51:10,94.19477868535436,0.8116310514530903,0,normal,1,-0.018642440238742508
2026-10-06 12:51:11,96.3082389592818,0.6361005068216,0,normal,1,-0.06639660341962927
2026-10-06 12:51:12,90.48856142825196,0.5966506075339295,0,normal,1,-0.022018156679111445
2026-10-06 12:51:13,91.51434472776492,0.7321343625590683,0,normal,0,0.004617289195310514
2026-10-06 12:51:14,95.37811985522028,0.7028854011928224,0,normal,1,-0.03493107361175851
2026-10-06 12:51:15,89.87820754303847,0.8450444872936461,0,normal,1,-0.024026646405266416
2026-10-06 12:51:16,94.86201445443136,0.6360321752857413,0,normal,1,-0.03387953130135524
2026-10-06 12:51:17,92.08915264057308,0.7867985965340012,0,normal,1,-0.0032482519860153047
2026-10-06 12:51:18,93.28651181331225,1.036047998938638,0,normal,1,-0.128725356657574
2026-10-06 12:51:19,91.830092641534,1.1516638176214795,0,normal,1,-0.15187355317184348
2026-10-06 12:51:20,92.88646857394308,0.8786720666245185,0,normal,1,-0.03567730502029598
2026-10-06 12:51:21,93.89616825143288,0.8739539479684872,0,normal,1,-0.039567724524787296
2026-10-06 12:51:22,87.56505888801225,0.876133977820562,0,normal,1,-0.0698636003662475
2026-10-06 12:51:23,88.99816093213835,0.6637347362533742,0,normal,1,-0.018512916876372132
2026-10-06 12:51:24,97.71720721678145,0.7833785286130027,0,normal,1,-0.09512832721828313
2026-10-06 12:51:25,92.8186904200622,0.7746174293669313,0,normal,1,-0.003180338173357944
2026-10-06 12:51:26,93.59190698090958,0.9784594314448534,0,normal,1,-0.09257971552184396
2026-10-06 12:51:27,97.27525773857812,0.9582737898843838,0,normal,1,-0.1432571975652217
2026-10-06 12:51:28,96.98189771437345,0.5855184571783083,0,normal,1,-0.0945152885382835
2026-10-06 12:51:29,98.54051371171472,0.6851041461729807,0,normal,1,-0.11384005900558058
2026-10-06 12:51:30,91.47639181096748,0.892568615861272,0,normal,1,-0.026485958575290347
2026-10-06 12:51:31,93.0346862865502,0.9780098856693458,0,normal,1,-0.09076789322600998
2026-10-06 12:51:32,93.609483664312,0.5518668910281944,0,normal,1,-0.047762323956054176
2026-10-06 12:51:33,88.71828433515064,0.6068929149937774,0,normal,1,-0.038724092526656206
2026-10-06 12:51:34,93.45665651723832,0.7983578511023902,0,normal,1,-0.011252988776952466
2026-10-06 12:51:35,97.2098856994558,0.503661810082926,0,normal,1,-0.11798521752755053
2026-10-06 12:51:36,95.75330587312403,0.4928073332335515,0,normal,1,-0.10527608816124634
2026-10-06 12:51:37,92.0847927129992,0.7616038654261015,0,normal,1,-0.0024165703585238285
2026-10-06 12:51:38,94.23762917501132,0.6983177513507127,0,normal,1,-0.011157421593704364
2026-10-06 12:51:39,92.50007479953756,0.8342289659718218,0,normal,1,-0.010104173998425336
2026-10-06 12:51:40,89.91814783840363,0.6032731439239458,0,normal,1,-0.028527646187495814
2026-10-06 12:51:41,95.35841600442686,0.6666891158306135,0,normal,1,-0.04143444772715199
2026-10-06 12:51:42,92.67034136609772,0.8939317413985918,0,normal,1,-0.03364923839070455
2026-10-06 12:51:43,92.69114517386984,0.6941524979796061,0,normal,0,0.00022472883316582148
2026-10-06 12:51:44,90.5157969649752,0.7417587584247434,0,normal,0,0.0016331139146321672
2026-10-06 12:51:45,91.99861497907658,0.6341412397494287,0,normal,1,-0.004488432849445445
2026-10-06 12:51:46,93.90316197528504,0.7291518981654257,0,normal,1,-0.002095137581915707
2026-10-06 12:51:47,96.26397017745325,0.5134311960149156,0,normal,1,-0.10141524747710684
2026-10-06 12:51:48,92.73870418063257,0.4404869827129334,0,normal,1,-0.08621538017025665
2026-10-06 12:51:49,91.1348134205782,0.536813508006311,0,normal,1,-0.03609213049501303
2026-10-06 12:51:50,93.4179998391149,0.7892263727686084,0,normal,1,-0.00927367706684834
2026-10-06 12:51:51,94.15031234911638,0.8181519086533499,0,normal,1,-0.018043626606353835
2026-10-06 12:51:52,93.37075843627616,0.5828974545441461,0,normal,1,-0.03425195022465677
2026-10-06 12:51:53,97.55886690143402,0.867875690398584,0,normal,1,-0.11497993722910549
2026-10-06 12:51:54,93.36679377027488,0.745407948358362,0,normal,1,-0.0028395987417709767
2026-10-06 12:51:55,92.36572516559028,0.5219253663316961,0,normal,1,-0.04906010533234295
2026-10-06 12:51:56,89.5468988519632,0.6053231463696473,0,normal,1,-0.028424195211277925
2026-10-06 12:51:57,100.3993796003267,0.8160827042016621,0,normal,1,-0.13030461189818754
2026-10-06 12:51:58,88.67859323936996,0.5567907189470362,0,normal,1,-0.048728305811356565
2026-10-06 12:51:59,96.0238046502787,0.7202187418351852,0,normal,1,-0.041249037563608426
2026-10-06 12:52:00,89.65194441988965,0.9073415303399466,0,normal,1,-0.05151708471719951
2026-10-06 12:52:01,92.66566972355214,0.7052492477692716,0,normal,0,0.0031829390832129323
2026-10-06 12:52:02,94.3210839051428,0.6196420058797816,0,normal,1,-0.0322505478447036
2026-10-06 12:52:03,95.50601672305866,0.779689957176263,0,normal,1,-0.034463312108447997
2026-10-06 12:52:04,95.53145242391052,0.6288456189056854,0,normal,1,-0.049836481553683254
2026-10-06 12:52:05,92.82281540029057,0.707331209013372,0,normal,0,0.0018410965245057587
2026-10-06 12:52:06,97.0781649205378,0.7913992804493856,0,normal,1,-0.07996066023872328
2026-10-06 12:52:07,94.12081020003004,0.7621214031744331,0,normal,1,-0.015247134074846236
2026-10-06 12:52:08,87.76136576458688,0.8399820263308995,0,normal,1,-0.04745202917152913
2026-10-06 12:52:09,91.63046749612124,0.8615804491753374,0,normal,1,-0.015443011955644903
2026-10-06 12:52:10,94.3948545519046,0.3189503190187422,0,normal,1,-0.12381442842784196
2026-10-06 12:52:11,89.06878153526979,0.7659225546604215,0,normal,1,-0.014935852532209859
2026-10-06 12:52:12,92.14041413729436,1.003585373504997,0,normal,1,-0.09664034855885162
2026-10-06 12:52:13,91.65088951287116,0.6106680272382399,0,normal,1,-0.012032255719411689
2026-10-06 12:52:14,100.36362496905797,0.6094818007022841,0,normal,1,-0.13453220764842322
2026-10-06 12:52:15,95.87119146399284,0.6739917445920652,0,normal,1,-0.04602524768616156
2026-10-06 12:52:16,94.69403705765646,0.5361432607092093,0,normal,1,-0.06973510377573677
2026-10-06 12:52:17,97.02280683609412,0.7449785272595514,0,normal,1,-0.07248500892479925
2026-10-06 12:52:18,97.59904362859024,0.5421917767537123,0,normal,1,-0.11796600327812201
2026-10-06 12:52:19,90.3575750422338,0.828345428843557,0,normal,1,-0.012044727260365429
2026-10-06 12:52:20,89.55684617802915,0.9929343169116998,0,normal,1,-0.10382098794494476
2026-10-06 12:52:21,92.6486673379874,0.8588259131387038,0,normal,1,-0.015024235139953213
2026-10-06 12:52:22,89.29582384116972,0.6725879073428513,0,normal,1,-0.009299139370550491
2026-10-06 12:52:23,96.19374466938132,0.8626946028967036,0,normal,1,-0.07214622527623105
2026-10-06 12:52:24,87.60463655417605,0.7891941635877479,0,normal,1,-0.04130274332685979
2026-10-06 12:52:25,93.9874047750854,0.7050090877539644,0,normal,1,-0.0029449780080438304
2026-10-06 12:52:26,92.52977763307464,0.6892050943690309,0,normal,0,0.0046789625212883545
2026-10-06 12:52:27,96.20862701702002,0.8953238154233714,0,normal,1,-0.08474968027570373
2026-10-06 12:52:28,97.01128229979304,1.0537725029490526,0,normal,1,-0.18067033865854043
2026-10-06 12:52:29,95.6694001805775,0.8823478060942671,0,normal,1,-0.06894201707084358
2026-10-06 12:52:30,98.02692623282802,0.7572386279348206,0,normal,1,-0.09653914927196439
2026-10-06 12:52:31,93.4923444009742,0.4850395193369626,0,normal,1,-0.07688897091658442
2026-10-06 12:52:32,94.91674806210668,0.6178460672460477,0,normal,1,-0.04194416560359415
2026-10-06 12:52:33,91.17277568830058,0.7146413335083427,0,normal,0,0.010217164355958208
2026-10-06 12:52:34,89.9457149487791,0.4202903901670404,0,normal,1,-0.08512410944393978
2026-10-06 12:52:35,87.04068201268073,0.8543231107849213,0,normal,1,-0.06732422765756152
2026-10-06 12:52:36,94.07995021143574,0.6837216207724726,0,normal,1,-0.006844303548413477
2026-10-06 12:52:37,91.09001451653394,0.5951264394283549,0,normal,1,-0.01963809859515442
2026-10-06 12:52:38,94.24062122851632,0.6927263199202898,0,normal,1,-0.009981025940594579
2026-10-06 12:52:39,97.03188507057688,0.8871452905203088,0,normal,1,-0.11042989060317421
2026-10-06 12:52:40,98.65602598088276,0.5387585675062841,0,normal,1,-0.13553298249312318
2026-10-06 12:52:41,93.30586569019748,0.7680064843951655,0,normal,1,-0.0053219836479346805
2026-10-06 12:52:42,92.68766419213122,1.1916267986201303,0,normal,1,-0.15744655300821686
2026-10-06 12:52:43,91.56358320279249,0.8522973712243094,0,normal,1,-0.007272344290441213
2026-10-06 12:52:44,95.2441123067956,0.9801394893061898,0,normal,1,-0.1152554700555447
2026-10-06 12:52:45,89.91189844442216,0.770205138422345,0,normal,1,-0.009207041501424484
2026-10-06 12:52:46,92.77551943125908,0.9102031663363452,0,normal,1,-0.04615251671968468
2026-10-06 12:52:47,91.9611112736531,1.1442443059226757,0,normal,1,-0.1512502958747547
2026-10-06 12:52:48,91.3536907568394,0.6889618139660997,0,normal,0,0.008868522728760486
2026-10-06 12:52:49,97.8040224866829,0.7089797583804953,0,normal,1,-0.09145003395944673
2026-10-06 12:52:50,96.3198639339326,0.7730506672542338,0,normal,1,-0.052981794508416
2026-10-06 12:52:51,96.10659469167646,0.7887808325304224,0,normal,1,-0.048935293625707144
2026-10-06 12:52:52,95.60255939229444,0.6125642842300323,0,normal,1,-0.057488141247971636
2026-10-06 12:52:53,92.36039824025276,0.7810835427625169,0,normal,1,-0.0023017633191513287
2026-10-06 12:52:54,95.17133696595045,0.6528689790447144,0,normal,1,-0.036139240440791975
2026-10-06 12:52:55,93.6104623991835,0.7067637942641025,0,normal,1,-0.0017426983625762338
2026-10-06 12:52:56,91.48571013840994,0.8190845151023901,0,normal,1,-0.0013016146889178737
2026-10-06 12:52:57,93.39007574407822,0.8308839342398099,0,normal,1,-0.017520829382792202
2026-10-06 12:52:58,94.79952740892202,0.8311841540869449,0,normal,1,-0.03390066408223602
2026-10-06 12:52:59,92.38866132473046,0.4875683372065161,0,normal,1,-0.06308589549377241
2026-10-06 12:53:00,90.77367506579364,1.034335177889384,0,normal,1,-0.1106183466627676
2026-10-06 12:53:01,95.75011944923756,0.8417733281690335,0,normal,1,-0.05264060106523871
2026-10-06 12:53:02,96.35342084814022,0.7845014748735692,0,normal,1,-0.05518803001963679
2026-10-06 12:53:03,94.97966801487756,0.8795130555222748,0,normal,1,-0.056316129774407364
2026-10-06 12:53:04,96.03405401861136,0.6892688970309345,0,normal,1,-0.04456241811598738
2026-10-06 12:53:05,99.39189585409352,0.7545253220965586,0,normal,1,-0.11911200723786086
2026-10-06 12:53:06,90.68124545760276,0.7199194046794811,0,normal,0,0.008805707984168909
2026-10-06 12:53:07,91.54830449868562,0.808655563939858,0,normal,1,-0.0035030615133267995
2026-10-06 12:53:08,91.88013790488225,0.8268851378898424,0,normal,1,-0.0030698434172775624
2026-10-06 12:53:09,89.97905462045443,0.9715646451338004,0,normal,1,-0.085254739389658
2026-10-06 12:53:10,90.78131169307446,0.5598505089459733,0,normal,1,-0.027977354026370693
2026-10-06 12:53:11,93.40135494063222,0.7316199378189872,0,normal,1,-0.001743099047974872
2026-10-06 12:53:12,97.46500868024368,0.8997302222233752,0,normal,1,-0.1260980195433784
2026-10-06 12:53:13,93.580408909239,0.7183977025568624,0,normal,1,-0.00014685775509781784
2026-10-06 12:53:14,96.23193985182296,0.472012877867486,0,normal,1,-0.11449613255545432
2026-10-06 12:53:15,94.92209114660945,0.4203505220590888,0,normal,1,-0.11386738385765205
2026-10-06 12:53:16,93.61401473291424,0.9165693540689948,0,normal,1,-0.05502226782717379
2026-10-06 12:53:17,95.29018934301496,0.667379454011569,0,normal,1,-0.03852109747156407
2026-10-06 12:53:18,96.16736383824716,0.6618666169424221,0,normal,1,-0.055671918941421206
2026-10-06 12:53:19,91.49302105809316,0.488887333669761,0,normal,1,-0.058024572775214445
2026-10-06 12:53:20,88.62643765114164,0.7860723131955237,0,normal,1,-0.023027393798313756
2026-10-06 12:53:21,88.64619583378418,0.546435760842564,0,normal,1,-0.05418772731957988
2026-10-06 12:53:22,93.81698529033496,0.6277265138427832,0,normal,1,-0.021651196854130972
2026-10-06 12:53:23,94.86891135029396,0.817153208070365,0,normal,1,-0.029320058783580683
2026-10-06 12:53:24,93.91782836324931,0.6967065694526824,0,normal,1,-0.0033538970401614243
2026-10-06 12:53:25,95.57291554553758,0.7675338805758533,0,normal,1,-0.03614234815804562
2026-10-06 12:53:26,97.38472181330954,0.8812639594149714,0,normal,1,-0.11722953072158071
2026-10-06 12:53:27,95.74231527444265,1.0468016188185283,0,normal,1,-0.15505321230072555
2026-10-06 12:53:28,93.38694468645645,0.8404208957718378,0,normal,1,-0.01995042617585907
2026-10-06 12:53:29,93.92311548876415,1.1318907691999107,0,normal,1,-0.15706353312297727
2026-10-06 12:53:30,89.0756766573238,0.955523397434797,0,normal,1,-0.07943619177264527
2026-10-06 12:53:31,92.72114893576048,0.8529836706414895,0,normal,1,-0.01185500834170261
2026-10-06 12:53:32,93.83010458157908,0.7648536079285682,0,normal,1,-0.009239268313157245
2026-10-06 12:53:33,91.91059773417398,0.6387367684387641,0,normal,1,-0.002338649306354079
2026-10-06 12:53:34,89.2679701619826,0.7096745269598796,0,normal,1,-0.007248865093983481
2026-10-06 12:53:35,97.73078190759294,0.5993512528342826,0,normal,1,-0.1084157524912408
2026-10-06 12:53:36,93.01572302437388,0.8732149385334246,0,normal,1,-0.033716793100094455
2026-10-06 12:53:37,92.11403704157644,0.6860180796090942,0,normal,0,0.005361618677107327
2026-10-06 12:53:38,93.89098274019666,0.7293774436982362,0,normal,1,-0.002095137581915707
2026-10-06 12:53:39,93.6982146034679,0.6291385942942945,0,normal,1,-0.018109027924795296
2026-10-06 12:53:40,93.4657330493494,0.7964143667764129,0,normal,1,-0.010004739267595042
2026-10-06 12:53:41,93.58864799803584,0.6453786445653042,0,normal,1,-0.01174479529879624
2026-10-06 12:53:42,97.82383203489196,0.9052781664274552,0,normal,1,-0.13634934918749908
2026-10-06 12:53:43,92.44365715347222,0.8116851859847228,0,normal,1,-0.005115057582490423
2026-10-06 12:53:44,92.75903057825596,0.6951986287114382,0,normal,1,-0.0007161542076435934
2026-10-06 12:53:45,92.8961992471554,1.1262307963394238,0,normal,1,-0.15545315733809006
2026-10-06 12:53:46,92.89458155522148,0.6892863626995146,0,normal,0,0.0016229593033436074
2026-10-06 12:53:47,91.31999911240943,0.8359804813568783,0,normal,1,-0.006749379296021818
2026-10-06 12:53:48,90.7950740498638,0.8349337519960625,0,normal,1,-0.007681918432994039
2026-10-06 12:53:49,92.53096342670736,0.6526173190058888,0,normal,1,-0.0024224089414947025
2026-10-06 12:53:50,95.23917813779356,0.8013681990754925,0,normal,1,-0.03641539175854325
2026-10-06 12:53:51,99.0686314792989,0.6859648575764529,0,normal,1,-0.1174670498452145
2026-10-06 12:53:52,95.81145426220104,0.6191004013526374,0,normal,1,-0.060388729379340256
2026-10-06 12:53:53,94.49374617972398,0.9120946419613548,0,normal,1,-0.06432636793728208
2026-10-06 12:53:54,94.81084591501153,0.7584397281281422,0,normal,1,-0.024985055038190707
2026-10-06 12:53:55,90.72981222742752,0.7175873753390576,0,normal,0,0.00836624541399128
2026-10-06 12:53:56,97.97503998283342,0.6195438049885109,0,normal,1,-0.10710839710912945
2026-10-06 12:53:57,92.77389123987902,0.7416245510001496,0,normal,0,0.0011763136897791626
2026-10-06 12:53:58,98.3593463108772,0.7450531850715375,0,normal,1,-0.10161915668098886
2026-10-06 12:53:59,90.42574015716066,0.5202298697196215,0,normal,1,-0.04788257127129292
2026-10-06 12:54:00,89.3418537870496,0.8377060118421176,0,normal,1,-0.02450240507510193
2026-10-06 12:54:01,94.43663914797504,0.6992021774161373,0,normal,1,-0.01658450878971962
2026-10-06 12:54:02,98.55808606270335,0.5693921669562243,0,normal,1,-0.13242404028975396
2026-10-06 12:54:03,96.9244985398215,0.812569565522681,0,normal,1,-0.07698835858455322
2026-10-06 12:54:04,91.07782159964871,0.8315586006083071,0,normal,1,-0.005709616073949042
2026-10-06 12:54:05,95.37091220324776,0.6894943605553941,0,normal,1,-0.03415865099335624
2026-10-06 12:54:06,90.74079573212958,1.0744759067063687,0,normal,1,-0.1383885978381979
2026-10-06 12:54:07,93.52453618232032,0.8735830943603188,0,normal,1,-0.037131350869354374
2026-10-06 12:54:08,90.76532907167795,0.613526174870999,0,normal,1,-0.012737992105436913
2026-10-06 12:54:09,99.27364313527936,0.7571438386677091,0,normal,1,-0.11773894148864272
2026-10-06 12:54:10,89.78016711940103,0.5683421701344626,0,normal,1,-0.034428517460850405
2026-10-06 12:54:11,92.33851221585728,0.766433254875601,0,normal,1,-0.002734709511236222
2026-10-06 12:54:12,99.32562993147567,0.7210191675197695,0,normal,1,-0.11540423872594618
2026-10-06 12:54:13,99.2203686853504,0.9426401371252316,0,normal,1,-0.17403710855543852
2026-10-06 12:54:14,95.58085067347392,0.6023274302673876,0,normal,1,-0.05925782976048688
2026-10-06 12:54:15,94.43514647150832,0.8437558727633367,0,normal,1,-0.03073982412347709
2026-10-06 12:54:16,93.90879343481916,0.6144707736265935,0,normal,1,-0.025967662746400832
2026-10-06 12:54:17,90.59148502533368,0.877796676500631,0,normal,1,-0.03020738065945172
2026-10-06 12:54:18,91.76992536600628,0.7282731248333404,0,normal,0,0.006527668369876394
2026-10-06 12:54:19,93.69297918061612,0.572698569261963,0,normal,1,-0.04076267202627648
2026-10-06 12:54:20,95.57040449604558,0.7575296746703131,0,normal,1,-0.036228267438079165
2026-10-06 12:54:21,94.39190060833356,0.627891207311322,0,normal,1,-0.03254830564219657
2026-10-06 12:54:22,95.48982394948116,0.7766277085790663,0,normal,1,-0.034500811057467384
2026-10-06 12:54:23,95.25510614145568,0.9006623518979614,0,normal,1,-0.06873065790040322
2026-10-06 12:54:24,92.6667876767352,0.6756028590669344,0,normal,0,0.0017815971390565677
2026-10-06 12:54:25,93.82802579751012,0.5419539634523681,0,normal,1,-0.05225082663670366
2026-10-06 12:54:26,97.68334345440246,0.5695030979857183,0,normal,1,-0.11623568326582823
2026-10-06 12:54:27,95.96280823888344,0.6861679299635055,0,normal,1,-0.04430832133902052
2026-10-06 12:54:28,91.65133182383948,0.7443651202601101,0,normal,0,0.0037888269293873122
2026-10-06 12:54:29,95.98303751890631,0.96773129731898,0,normal,1,-0.11317308631132461
2026-10-06 12:54:30,91.00565226833469,0.7804828742180414,0,normal,1,-0.0004515348741943592
2026-10-06 12:54:31,89.04941182290422,0.9301610296998856,0,normal,1,-0.06648032135205428
2026-10-06 12:54:32,90.55081426773044,0.6284844077372753,0,normal,1,-0.0065124605773621
2026-10-06 12:54:33,92.7622262913358,0.8514790718046666,0,normal,1,-0.013780589181414116
2026-10-06 12:54:34,90.16820377981132,0.8156319065843123,0,normal,1,-0.012573218571187983
2026-10-06 12:54:35,93.90444765576828,0.7558071588189668,0,normal,1,-0.010559242321122486
2026-10-06 12:54:36,91.83383731693156,0.7362736496638614,0,normal,0,0.006460344719121991
2026-10-06 12:54:37,91.78525632294162,0.635285856131515,0,normal,1,-0.004721936708885099
2026-10-06 12:54:38,94.3204512228909,0.5697723945954852,0,normal,1,-0.05411037646300132
2026-10-06 12:54:39,98.38409170634286,1.0170577433468218,0,normal,1,-0.18696128283315228
2026-10-06 12:54:40,97.99469583451196,0.6966209213942776,0,normal,1,-0.09458155888766195
2026-10-06 12:54:41,99.68614596691812,0.7373964576904782,0,normal,1,-0.1153444080423125
2026-10-06 12:54:42,91.38671389645278,0.797080420669876,0,normal,1,-0.002082576036802286
2026-10-06 12:54:43,94.1179333530973,0.6250991718188093,0,normal,1,-0.026320808901406423
2026-10-06 12:54:44,93.13915908021504,0.881334547993653,0,normal,1,-0.036576274943418974
2026-10-06 12:54:45,95.08003957321188,0.7125252131048317,0,normal,1,-0.0252359135381941
2026-10-06 12:54:46,93.13470518685271,0.7567183842414453,0,normal,1,-0.007477032148350826
2026-10-06 12:54:47,94.56328238981952,0.7361525445227564,0,normal,1,-0.01577895782490568
2026-10-06 12:54:48,89.5480345251957,0.6536127064254488,0,normal,1,-0.010049561592258227
2026-10-06 12:54:49,98.69330413926149,0.8295073225420591,0,normal,1,-0.1217827534247733
2026-10-06 12:54:50,95.09301984383124,0.7531961121130133,0,normal,1,-0.02855026272576966
2026-10-06 12:54:51,96.7805132157876,0.7485672029551039,0,normal,1,-0.0660164404185335
2026-10-06 12:54:52,95.76707627130004,0.8121360295819536,0,normal,1,-0.044603497593448393
2026-10-06 12:54:53,95.55498705219767,0.8666852456508547,0,normal,1,-0.05876968211163747
2026-10-06 12:54:54,95.45457348723788,0.678506807447112,0,normal,1,-0.037094286173281255
2026-10-06 12:54:55,93.73582459309593,0.4148619284806514,0,normal,1,-0.10518461791592626
2026-10-06 12:54:56,93.67267593233194,0.8689159142924707,0,normal,1,-0.035013750093436324
2026-10-06 12:54:57,99.63725006318693,0.6711083763129323,0,normal,1,-0.12346107422123731
2026-10-06 12:54:58,97.8861351494497,0.6593975990387007,0,normal,1,-0.09800203948720976
2026-10-06 12:54:59,95.8998021519356,0.6877397525203016,0,normal,1,-0.04229563410613291
2026-10-06 12:55:00,69.36457874409116,0.0781916187830414,0,normal,0,0.12916488763484835
2026-10-06 12:55:01,70.00573259995782,0.0964619289869147,0,normal,0,0.10823265336199184
2026-10-06 12:55:02,68.83510738717287,0.0973584104925979,0,normal,0,0.10936514990022961
2026-10-06 12:55:03,74.48000810898056,0.0898256907615026,0,normal,0,0.060698412825356485
2026-10-06 12:55:04,69.63371232656607,0.1109338404700602,0,normal,0,0.08523095041844353
2026-10-06 12:55:05,72.79087983763465,0.084028991915682,0,normal,0,0.09718885108156283
2026-10-06 12:55:06,69.94482907378416,0.0897449631099645,0,normal,0,0.11592324988401503
2026-10-06 12:55:07,69.08787524929645,0.107549883114518,0,normal,0,0.09397709562690881
2026-10-06 12:55:08,67.6538513980855,0.0993349291592128,0,normal,0,0.10054543171882946
2026-10-06 12:55:09,69.19454301411476,0.0558705799004802,0,normal,0,0.13085764209315248
2026-10-06 12:55:10,66.96912948839355,0.0778856513590033,0,normal,0,0.1124577702116677
2026-10-06 12:55:11,69.85654049616694,0.1066099671058487,0,normal,0,0.09446687675827015
2026-10-06 12:55:12,67.05390757808908,0.0752238563007428,0,normal,0,0.11635995170998725
2026-10-06 12:55:13,69.77701823212442,0.058677490484233,0,normal,0,0.13177589453900002
2026-10-06 12:55:14,72.50826793301451,0.063278504555484,0,normal,0,0.1234941830074569
2026-10-06 12:55:15,72.06598164268408,0.0910861294092012,0,normal,0,0.0911480481991398
2026-10-06 12:55:16,72.16545223749603,0.0677982781274262,0,normal,0,0.12395079266958736
2026-10-06 12:55:17,70.23712294743983,0.0667608516758266,0,normal,0,0.13290876707715393
2026-10-06 12:55:18,68.45921039085172,0.0795500313889867,0,normal,0,0.12803253432384487
2026-10-06 12:55:19,70.51239322137947,0.0865395717131837,0,normal,0,0.1181427741256933
2026-10-06 12:55:20,69.27191523530362,0.0859162126213634,0,normal,0,0.1250735402411755
2026-10-06 12:55:21,70.3889841591138,0.1084216308814995,0,normal,0,0.08639987642742747
2026-10-06 12:55:22,70.16664967003284,0.076805116946747,0,normal,0,0.12495733024422279
2026-10-06 12:55:23,68.34123803059825,0.1189377694060774,0,normal,0,0.06298568258422549
2026-10-06 12:55:24,68.23858557277859,0.0583876433536232,0,normal,0,0.1284001110421793
2026-10-06 12:55:25,70.33330986822226,0.0781904529046854,0,normal,0,0.1271951861242573
2026-10-06 12:55:26,72.83578196542614,0.1032689646682107,0,normal,0,0.05896172547249068
2026-10-06 12:55:27,73.72942401979213,0.0509194734593561,0,normal,0,0.1158291722277493
2026-10-06 12:55:28,72.47463836525611,0.0978466865309397,0,normal,0,0.0767348606833399
2026-10-06 12:55:29,69.69864944814756,0.0959192306761421,0,normal,0,0.11222411290571921
2026-10-06 12:55:30,68.06060465448009,0.1096039833963053,0,normal,0,0.08588474869667873
2026-10-06 12:55:31,70.48161012236699,0.0667366805072775,0,normal,0,0.13293808374306748
2026-10-06 12:55:32,68.56961924050715,0.1133441298345558,0,normal,0,0.07737753925126228
2026-10-06 12:55:33,68.90160213579234,0.089572028977469,0,normal,0,0.12076514254280313
2026-10-06 12:55:34,67.95326308339486,0.1057427710141846,0,normal,0,0.09096539414240784
2026-10-06 12:55:35,67.22884801679255,0.0815818657335074,0,normal,0,0.11482591388057967
2026-10-06 12:55:36,70.16864248382464,0.0852518800218956,0,normal,0,0.11975280308398595
2026-10-06 12:55:37,71.9115981354634,0.0789969966371924,0,normal,0,0.11508550177653393
2026-10-06 12:55:38,71.26905126941183,0.1450047677774696,0,normal,1,-0.021930643028594488
2026-10-06 12:55:39,70.71627479275583,0.0750597514226938,0,normal,0,0.12954349854334835
2026-10-06 12:55:40,70.56303948875022,0.0682979673961059,0,normal,0,0.1331494995485033
2026-10-06 12:55:41,71.24479800912763,0.0650571473362254,0,normal,0,0.12950661943465158
2026-10-06 12:55:42,67.85492622688507,0.0869769760707962,0,normal,0,0.1183378722565574
2026-10-06 12:55:43,67.56138800861272,0.0665993124925668,0,normal,0,0.12635143701162344
2026-10-06 12:55:44,69.3156018789625,0.0886149388110734,0,normal,0,0.12258203665634576
2026-10-06 12:55:45,68.58720384148728,0.1024032237843278,0,normal,0,0.1002497564766599
2026-10-06 12:55:46,67.33557737144844,0.0931273360130484,0,normal,0,0.10496846514590502
2026-10-06 12:55:47,69.29731258159484,0.0939846955959155,0,normal,0,0.11477631361037816
2026-10-06 12:55:48,72.69428194281241,0.0888503601922271,0,normal,0,0.0907738248832266
2026-10-06 12:55:49,70.03942823647074,0.100207681487558,0,normal,0,0.1018202060548608
2026-10-06 12:55:50,71.12395897906266,0.0681740190228306,1,silent_drift,0,0.13138303265249263
2026-10-06 12:55:51,72.23339815731049,0.0285494286546554,1,silent_drift,0,0.04603981326093565
2026-10-06 12:55:52,72.75584865666627,0.0388848527796594,1,silent_drift,0,0.09412895586014208
2026-10-06 12:55:53,71.85015995143715,0.0401659321182944,1,silent_drift,0,0.10004758160978644
2026-10-06 12:55:54,72.43223523885305,0.0476858386226689,1,silent_drift,0,0.11703716791718094
2026-10-06 12:55:55,72.50314371405477,0.0480723933009076,1,silent_drift,0,0.11752808902642675
2026-10-06 12:55:56,72.13293346708454,0.0544323830353447,1,silent_drift,0,0.1257964078381606
2026-10-06 12:55:57,73.25256053213346,0.0479347206312687,1,silent_drift,0,0.11583996984368189
2026-10-06 12:55:58,72.71053369530641,0.0592269809529548,1,silent_drift,0,0.12718772380109045
2026-10-06 12:55:59,72.44466472020927,0.046621832233501,1,silent_drift,0,0.11518095718197408
2026-10-06 12:56:00,71.93776626925938,0.0557238494700774,1,silent_drift,0,0.12742047638981396
2026-10-06 12:56:01,72.54766312652218,0.0630615679089533,1,silent_drift,0,0.12188978511693405
2026-10-06 12:56:02,72.84189438996779,0.0551065104585062,1,silent_drift,0,0.12509125324824583
2026-10-06 12:56:03,72.34682207909562,0.0490325010576312,1,silent_drift,0,0.12052343110313413
2026-10-06 12:56:04,72.91323594443283,0.050157054280365,1,silent_drift,0,0.12047653611743331
2026-10-06 12:56:05,72.70581041038179,0.0466360911558036,1,silent_drift,0,0.11753268764696861
2026-10-06 12:56:06,73.0178707283685,0.0443532304909955,1,silent_drift,0,0.112987511308547
2026-10-06 12:56:07,72.929098737853,0.0641897605643607,1,silent_drift,0,0.12199421190774401
2026-10-06 12:56:08,73.40904468089252,0.048496266236804,1,silent_drift,0,0.11458527108955802
2026-10-06 12:56:09,72.14676802291949,0.033372840965209,1,silent_drift,0,0.07446940978339928
2026-10-06 12:56:10,72.98096700014419,0.0593548919569129,1,silent_drift,0,0.12659188843887897
2026-10-06 12:56:11,74.06485241366877,0.0436198715966145,1,silent_drift,0,0.10444719356243809
2026-10-06 12:56:12,73.48424958864821,0.0403131334806455,1,silent_drift,0,0.09530887298055563
2026-10-06 12:56:13,73.4273442081275,0.0551553636021215,1,silent_drift,0,0.11788376569302222
2026-10-06 12:56:14,73.83205634980077,0.0352361091323164,1,silent_drift,0,0.07631806991834333
2026-10-06 12:56:15,73.08775407841175,0.0564715972532968,1,silent_drift,0,0.12547976551236217
2026-10-06 12:56:16,73.44384511478982,0.050138821999581,1,silent_drift,0,0.11511873103866593
2026-10-06 12:56:17,73.12427274137696,0.0549563597912027,1,silent_drift,0,0.12147148179032674
2026-10-06 12:56:18,73.64320631897101,0.0618186235352309,1,silent_drift,0,0.11945372878627758
2026-10-06 12:56:19,73.74448478969555,0.0371554264478707,1,silent_drift,0,0.0840750265697276
2026-10-06 12:56:20,73.31128299182345,0.0514849655921998,1,silent_drift,0,0.11708813427945092
2026-10-06 12:56:21,73.28132185688466,0.0507710266968227,1,silent_drift,0,0.11759904269079746
2026-10-06 12:56:22,73.66172682040991,0.0444970336425996,1,silent_drift,0,0.10819150258851545
2026-10-06 12:56:23,72.97872721857973,0.0508518983964291,1,silent_drift,0,0.12196801465155366
2026-10-06 12:56:24,74.05296133527189,0.033424929178563,1,silent_drift,0,0.0690902368693696
2026-10-06 12:56:25,74.17716965010312,0.0511651602675668,1,silent_drift,0,0.11377654205128007
2026-10-06 12:56:26,73.80640118757665,0.0456477061103535,1,silent_drift,0,0.10956439306862714
2026-10-06 12:56:27,74.33785864001761,0.0447214902480435,1,silent_drift,0,0.10706112318480498
2026-10-06 12:56:28,74.09567085799527,0.0332259753283383,1,silent_drift,0,0.0690902368693696
2026-10-06 12:56:29,73.8649281328728,0.0737958934428284,1,silent_drift,0,0.10625577093442345
2026-10-06 12:56:30,74.4944215750261,0.0505214701443014,1,silent_drift,0,0.1117729584950864
2026-10-06 12:56:31,74.64450971208461,0.0416599661609744,1,silent_drift,0,0.0925672418020812
2026-10-06 12:56:32,73.87233000294916,0.0526341761672329,1,silent_drift,0,0.11761209439906617
2026-10-06 12:56:33,73.88452642840838,0.0548555821927513,1,silent_drift,0,0.11777058971099597
2026-10-06 12:56:34,74.81929907843745,0.055282667530507,1,silent_drift,0,0.11057916705853948
2026-10-06 12:56:35,74.60751890420234,0.0646625021787121,1,silent_drift,0,0.1085733581150774
2026-10-06 12:56:36,74.48465880626723,0.0433732122995337,1,silent_drift,0,0.10154780793087748
2026-10-06 12:56:37,74.66259744934351,0.0565866386426337,1,silent_drift,0,0.11272423409741195
2026-10-06 12:56:38,74.83382326168315,0.0636352589683824,1,silent_drift,0,0.10655697472120479
2026-10-06 12:56:39,74.16656647078482,0.0406338067741751,1,silent_drift,0,0.09298614219386958
2026-10-06 12:56:40,74.78726031602288,0.047384115644338,1,silent_drift,0,0.10622559218036154
2026-10-06 12:56:41,75.02389787117049,0.0591621294504412,1,silent_drift,0,0.10877060615052447
2026-10-06 12:56:42,74.7903975203072,0.0573721942849113,1,silent_drift,0,0.11300464925897868
2026-10-06 12:56:43,74.8011819666237,0.0647110322536475,1,silent_drift,0,0.10632166963423251
2026-10-06 12:56:44,75.15378615077384,0.0418584701736899,1,silent_drift,0,0.09102810153195262
2026-10-06 12:56:45,74.3061937203309,0.0431856533187627,1,silent_drift,0,0.10176029823748445
2026-10-06 12:56:46,74.43985826392598,0.0446593642594874,1,silent_drift,0,0.10694789750423828
2026-10-06 12:56:47,74.34659160700714,0.0399898047823599,1,silent_drift,0,0.08815753529214926
2026-10-06 12:56:48,75.2695685280925,0.0344585144111753,1,silent_drift,0,0.060341946633435894
2026-10-06 12:56:49,74.64868100651437,0.0566419029439156,1,silent_drift,0,0.11306643533246191
2026-10-06 12:56:50,74.9434847477179,0.0579335432722099,1,silent_drift,0,0.11188588760176882
2026-10-06 12:56:51,75.25713435110904,0.0689508070133085,1,silent_drift,0,0.09510410431654731
2026-10-06 12:56:52,75.7746571080561,0.0655350418915463,1,silent_drift,0,0.09645330840038752
2026-10-06 12:56:53,74.82738312052969,0.0720996377967033,1,silent_drift,0,0.09831230899452187
2026-10-06 12:56:54,75.98734562354642,0.0574769805492074,1,silent_drift,0,0.10606940091565359
2026-10-06 12:56:55,75.30940267871564,0.0614582704690044,1,silent_drift,0,0.10491276680599482
2026-10-06 12:56:56,75.84379431096848,0.0488597520437867,1,silent_drift,0,0.10429451882303192
2026-10-06 12:56:57,75.00332249873395,0.0545536112136787,1,silent_drift,0,0.10832233662410412
2026-10-06 12:56:58,75.49008736971916,0.0592246829846839,1,silent_drift,0,0.10445489756665893
2026-10-06 12:56:59,75.44340553481958,0.0501200505519213,1,silent_drift,0,0.10504463717032375
2026-10-06 12:57:00,75.34813151439387,0.0446089523190728,1,silent_drift,0,0.10000431059777815
2026-10-06 12:57:01,75.35803911631626,0.0473727559874409,1,silent_drift,0,0.10206870403431156
2026-10-06 12:57:02,75.89821842077376,0.0474487732709273,1,silent_drift,0,0.1015047198506202
2026-10-06 12:57:03,75.39852131015253,0.0473530212978066,1,silent_drift,0,0.10226953667424132
2026-10-06 12:57:04,75.99102860041593,0.0479140632977467,1,silent_drift,0,0.10196066767743017
2026-10-06 12:57:05,75.44123012719373,0.0387167067389238,1,silent_drift,0,0.07604392108557018
2026-10-06 12:57:06,75.51431242599551,0.03515557546638,1,silent_drift,0,0.06213115686158027
2026-10-06 12:57:07,75.98902183760352,0.046878257333159,1,silent_drift,0,0.10050040093369333
2026-10-06 12:57:08,76.00541493929218,0.0568533259242986,1,silent_drift,0,0.10476952195263017
2026-10-06 12:57:09,75.96566411704354,0.0596655987437782,1,silent_drift,0,0.10267907670938387
2026-10-06 12:57:10,76.28239696940696,0.0611023926563085,1,silent_drift,0,0.1005902626241027
2026-10-06 12:57:11,76.31669836734102,0.0566719107373564,1,silent_drift,0,0.10307616107349676
2026-10-06 12:57:12,76.81145679353129,0.0509081337176546,1,silent_drift,0,0.10125940282453799
2026-10-06 12:57:13,75.94541667513737,0.0431752065406519,1,silent_drift,0,0.09141100454426015
2026-10-06 12:57:14,75.57808968563322,0.0373629679495037,1,silent_drift,0,0.07017831555510246
2026-10-06 12:57:15,76.67041619350371,0.0402981086587652,1,silent_drift,0,0.07793123226171894
2026-10-06 12:57:16,76.40525204094118,0.0532101427429987,1,silent_drift,0,0.10140989021461055
2026-10-06 12:57:17,77.13978091742852,0.0400614644301479,1,silent_drift,0,0.07534851450945046
2026-10-06 12:57:18,75.96015821939675,0.0522787154467148,1,silent_drift,0,0.10483439574386255
2026-10-06 12:57:19,76.68826146291615,0.0491647146163839,1,silent_drift,0,0.10081789329794227
2026-10-06 12:57:20,76.78272718985379,0.0541792156024082,1,silent_drift,0,0.10154059515750685
2026-10-06 12:57:21,77.51843160393834,0.0396073204694793,1,silent_drift,0,0.06845084176521754
2026-10-06 12:57:22,76.69750125182928,0.0395134963143085,1,silent_drift,0,0.0723894490087072
2026-10-06 12:57:23,76.20677099550404,0.0275259964221841,1,silent_drift,0,0.01592589243555842
2026-10-06 12:57:24,76.43664307159914,0.0671283651961585,1,silent_drift,0,0.08930349024909734
2026-10-06 12:57:25,76.59648633860968,0.0573125127216402,1,silent_drift,0,0.10249052497216798
2026-10-06 12:57:26,77.17329824527941,0.0416598860849682,1,silent_drift,0,0.08295386530173243
2026-10-06 12:57:27,77.26741749916032,0.0611400393379702,1,silent_drift,0,0.09560454181284661
2026-10-06 12:57:28,77.50261564379831,0.0417965930110107,1,silent_drift,0,0.0818014316598647
2026-10-06 12:57:29,77.11157095299329,0.0510246259936262,1,silent_drift,0,0.09980747933699446
2026-10-06 12:57:30,77.46358923098522,0.0463730180596582,1,silent_drift,0,0.09193361921632942
2026-10-06 12:57:31,76.77125993356218,0.0671200683091453,1,silent_drift,0,0.08659142696233008
2026-10-06 12:57:32,77.65070987602469,0.0583774204173792,1,silent_drift,0,0.09410153741312327
2026-10-06 12:57:33,77.32809936223398,0.0430831997192527,1,silent_drift,0,0.08632618596074637
2026-10-06 12:57:34,77.3080399955399,0.0502040941196848,1,silent_drift,0,0.09826081843986684
2026-10-06 12:57:35,78.43134757360583,0.0418299733776709,1,silent_drift,0,0.08077747683073955
2026-10-06 12:57:36,78.40012285380614,0.0396053382668907,1,silent_drift,0,0.06578281974122985
2026-10-06 12:57:37,77.67940249338251,0.0538803530405464,1,silent_drift,0,0.09597782897114093
2026-10-06 12:57:38,78.08873155749112,0.0267111032022751,1,silent_drift,0,0.007371398714955513
2026-10-06 12:57:39,77.42569427573416,0.0515621181176345,1,silent_drift,0,0.09538351306420517
2026-10-06 12:57:40,77.82011642112147,0.0594295920133772,1,silent_drift,0,0.09182870855002323
2026-10-06 12:57:41,77.99991840533596,0.0474016056207064,1,silent_drift,0,0.0924500979571225
2026-10-06 12:57:42,77.25833059084253,0.06010828859672,1,silent_drift,0,0.09529456236161993
2026-10-06 12:57:43,77.9894278238581,0.0519482826747126,1,silent_drift,0,0.09034264099382333
2026-10-06 12:57:44,77.62504996468348,0.0469399772842011,1,silent_drift,0,0.0936206169959296
2026-10-06 12:57:45,77.53180936269978,0.04233946108517,1,silent_drift,0,0.08052808683787227
2026-10-06 12:57:46,78.04267626556918,0.0548016491614371,1,silent_drift,0,0.09160648225201928
2026-10-06 12:57:47,77.9730155422041,0.0541547858311218,1,silent_drift,0,0.09309882697069288
2026-10-06 12:57:48,78.11375331755781,0.0572664614096915,1,silent_drift,0,0.09287445178284848
2026-10-06 12:57:49,78.39471847418983,0.0647556316165356,1,silent_drift,0,0.0834667440697297
2026-10-06 12:57:50,77.68653233552082,0.0561817325078215,1,silent_drift,0,0.09645734013326185
2026-10-06 12:57:51,78.87042016385787,0.0350678995472518,1,silent_drift,0,0.05158421247537465
2026-10-06 12:57:52,78.70144115761784,0.044396268726869,1,silent_drift,0,0.08903778907903043
2026-10-06 12:57:53,78.21231699421116,0.0495900822127415,1,silent_drift,0,0.09177620646236112
2026-10-06 12:57:54,78.52892329746925,0.0575897802462896,1,silent_drift,0,0.09363054150519062
2026-10-06 12:57:55,78.51643048715964,0.0625074813815732,1,silent_drift,0,0.08585686454557456
2026-10-06 12:57:56,78.89952659169066,0.0617973326660263,1,silent_drift,0,0.08694173846123504
2026-10-06 12:57:57,78.44327435528838,0.0381646637236508,1,silent_drift,0,0.06382539228935574
2026-10-06 12:57:58,78.59955393521359,0.0454587313131002,1,silent_drift,0,0.089568952974095
2026-10-06 12:57:59,78.40973292104353,0.0603114596124999,1,silent_drift,0,0.08852120827125765
2026-10-06 12:58:00,79.053015045113,0.0561003106340037,1,silent_drift,0,0.09188000575394928
2026-10-06 12:58:01,79.07883050040985,0.0267587694546183,1,silent_drift,0,0.009482852471666636
2026-10-06 12:58:02,79.25379725101477,0.0585593982193256,1,silent_drift,0,0.08766964829761292
2026-10-06 12:58:03,78.92324553619665,0.0468950385543253,1,silent_drift,0,0.0932923553385655
2026-10-06 12:58:04,79.33609975202009,0.0582339623998988,1,silent_drift,0,0.08723177025826628
2026-10-06 12:58:05,78.96778430063219,0.0374408524014523,1,silent_drift,0,0.06169666076003488
2026-10-06 12:58:06,78.71689275665535,0.0552055324287261,1,silent_drift,0,0.0936968502672898
2026-10-06 12:58:07,79.09868439104658,0.0396013472692312,1,silent_drift,0,0.0674099678520878
2026-10-06 12:58:08,78.93274211529753,0.0480959148811722,1,silent_drift,0,0.09360829021031886
2026-10-06 12:58:09,79.434231213193,0.0456425275621114,1,silent_drift,0,0.08614419714773291
2026-10-06 12:58:10,79.18713638787005,0.0605375554551616,1,silent_drift,0,0.08453884794865701
2026-10-06 12:58:11,79.06825870311113,0.0459096144980197,1,silent_drift,0,0.09092161081378808
2026-10-06 12:58:12,79.22550969104189,0.0605176487726571,1,silent_drift,0,0.08453884794865701
2026-10-06 12:58:13,78.7322705054301,0.0526264343456672,1,silent_drift,0,0.09344905444329066
2026-10-06 12:58:14,79.9109561053322,0.0362318050771798,1,silent_drift,0,0.04908711406606037
2026-10-06 12:58:15,80.2013234626535,0.0568000471977475,1,silent_drift,0,0.08067316138251968
2026-10-06 12:58:16,79.13415874338291,0.0509354823983473,1,silent_drift,0,0.09194142605012112
2026-10-06 12:58:17,79.14653841511506,0.0457884820745387,1,silent_drift,0,0.0892360717010619
2026-10-06 12:58:18,80.35089969098692,0.0601498656355183,1,silent_drift,0,0.0755675318746225
2026-10-06 12:58:19,80.13690566109659,0.0468750573386563,1,silent_drift,0,0.08326590125874084
2026-10-06 12:58:20,78.95250620784937,0.0506543087362665,1,silent_drift,0,0.0926956145193073
2026-10-06 12:58:21,79.3747496913049,0.0346891331019664,1,silent_drift,0,0.04771319498857601
2026-10-06 12:58:22,80.05262611515228,0.0496205066064079,1,silent_drift,0,0.08349870566154566
2026-10-06 12:58:23,80.010633382469,0.0401747277120923,1,silent_drift,0,0.06374531584853343
2026-10-06 12:58:24,80.41636704054602,0.0561735883722273,1,silent_drift,0,0.08169672254928678
2026-10-06 12:58:25,80.00665551052506,0.0611284755770988,1,silent_drift,0,0.07751856959047665
2026-10-06 12:58:26,80.16278579889426,0.0574107257345561,1,silent_drift,0,0.08273191509486244
2026-10-06 12:58:27,80.3808572877334,0.0531093629527557,1,silent_drift,0,0.07911388876170944
2026-10-06 12:58:28,80.20408865026876,0.0700286247430406,1,silent_drift,0,0.05796215811418837
2026-10-06 12:58:29,79.39419867409832,0.041406337064791,1,silent_drift,0,0.07347641996795862
2026-10-06 12:58:30,80.62423458019428,0.0581112517202842,1,silent_drift,0,0.07980957515554876
2026-10-06 12:58:31,80.70293719069169,0.0460745234852307,1,silent_drift,0,0.07904059373274958
2026-10-06 12:58:32,80.25197266723086,0.0673120709556565,1,silent_drift,0,0.061205719949475434
2026-10-06 12:58:33,80.1923492603233,0.0382804428319331,1,silent_drift,0,0.0563660702047471
2026-10-06 12:58:34,80.52670289186162,0.0385441262424507,1,silent_drift,0,0.05574052913140787
2026-10-06 12:58:35,80.25669176049733,0.0491281452675734,1,silent_drift,0,0.08253391305146673
2026-10-06 12:58:36,80.62545576720362,0.0447018958063498,1,silent_drift,0,0.07842291930669698
2026-10-06 12:58:37,81.1774379885323,0.055362704245941,1,silent_drift,0,0.07684267361674985
2026-10-06 12:58:38,80.14471160858052,0.0596209384553293,1,silent_drift,0,0.07731668229464983
2026-10-06 12:58:39,81.20505109572193,0.0511869769555608,1,silent_drift,0,0.07401054337211632
2026-10-06 12:58:40,81.06712447345522,0.0480260761997602,1,silent_drift,0,0.08082015642241414
2026-10-06 12:58:41,80.53569584041992,0.0502737572854743,1,silent_drift,0,0.07986837632440491
2026-10-06 12:58:42,80.91426789707373,0.0297215994294004,1,silent_drift,0,0.011279961122443283
2026-10-06 12:58:43,80.5441162521053,0.0700201771186984,1,silent_drift,0,0.05836121033306274
2026-10-06 12:58:44,80.39959595599284,0.064817557350184,1,silent_drift,0,0.06689632165349219
2026-10-06 12:58:45,80.10339155911332,0.0567407041970854,1,silent_drift,0,0.08365115893513231
2026-10-06 12:58:46,80.85826236628782,0.0479906737064993,1,silent_drift,0,0.08065814284919304
2026-10-06 12:58:47,80.93427991315194,0.0447176182942839,1,silent_drift,0,0.07537395646256762
2026-10-06 12:58:48,80.87494034993678,0.0455511891791855,1,silent_drift,0,0.07612115470539776
2026-10-06 12:58:49,81.23724867068498,0.0576781405791527,1,silent_drift,0,0.07619950191610814
2026-10-06 12:58:50,81.23132436292936,0.0348442617079686,1,silent_drift,0,0.033295477376673766
2026-10-06 12:58:51,81.45495011826557,0.0555682448453802,1,silent_drift,0,0.07462225520513
2026-10-06 12:58:52,81.69694115261834,0.0446799931743451,1,silent_drift,0,0.06777347962942232
2026-10-06 12:58:53,81.45909449679598,0.0562868401852827,1,silent_drift,0,0.07546779429224376
2026-10-06 12:58:54,80.44402178562785,0.0622262791456556,1,silent_drift,0,0.07142120661572393
2026-10-06 12:58:55,81.13547356289968,0.0635701400668931,1,silent_drift,0,0.06543550805201426
2026-10-06 12:58:56,81.5794528581007,0.0310218446148655,1,silent_drift,0,0.015947192920325204
2026-10-06 12:58:57,81.8658284377174,0.0447570084232588,1,silent_drift,0,0.06763323005385019
2026-10-06 12:58:58,82.71924807783084,0.0621655276258099,1,silent_drift,0,0.054059006942053844
2026-10-06 12:58:59,81.78242486228577,0.036761418607723,1,silent_drift,0,0.037227394550189086
2026-10-06 12:59:00,81.53038918535907,0.0575995699327589,1,silent_drift,0,0.0737964638249966
2026-10-06 12:59:01,81.99630960258399,0.0583574181231764,1,silent_drift,0,0.07046828464560567
2026-10-06 12:59:02,82.1330140866471,0.0504278055047496,1,silent_drift,0,0.06846264726299045
2026-10-06 12:59:03,81.45447907026498,0.030623342840839,1,silent_drift,0,0.016652635906884095
2026-10-06 12:59:04,82.44036510790517,0.04558454560627,1,silent_drift,0,0.06477931211904858
2026-10-06 12:59:05,82.05822058693309,0.0425214113100735,1,silent_drift,0,0.06282577443598081
2026-10-06 12:59:06,82.40578084472929,0.0558327121455876,1,silent_drift,0,0.06782259395064927
2026-10-06 12:59:07,81.91067089271236,0.0558489961484882,1,silent_drift,0,0.07208866187422341
2026-10-06 12:59:08,82.80418077662081,0.0404013600059625,1,silent_drift,0,0.04785931501845386
2026-10-06 12:59:09,82.40568891281603,0.0523489540002458,1,silent_drift,0,0.06839742443282232
2026-10-06 12:59:10,82.68158582931196,0.0552750109031883,1,silent_drift,0,0.06731243458333624
2026-10-06 12:59:11,82.34623286276383,0.0416879586618175,1,silent_drift,0,0.05666693744786361
2026-10-06 12:59:12,82.08425455258639,0.0575168777990357,1,silent_drift,0,0.07377328393769622
2026-10-06 12:59:13,82.57268650702709,0.0431538788657059,1,silent_drift,0,0.05798350149817638
2026-10-06 12:59:14,82.68682369992219,0.0358521052306052,1,silent_drift,0,0.027773630331993038
2026-10-06 12:59:15,81.76158560600656,0.0529801505162058,1,silent_drift,0,0.07004372978922785
2026-10-06 12:59:16,82.62756465732305,0.0466690841236149,1,silent_drift,0,0.06694036518259305
2026-10-06 12:59:17,82.74214290118334,0.0486383115690321,1,silent_drift,0,0.0654486272067964
2026-10-06 12:59:18,82.38475154982015,0.0520587965463838,1,silent_drift,0,0.06695706210109914
2026-10-06 12:59:19,82.83427848366873,0.0607376323220997,1,silent_drift,0,0.05370659523755317
2026-10-06 12:59:20,82.92939137878348,0.0492622466900732,1,silent_drift,0,0.06613515261283237
2026-10-06 12:59:21,82.66694687945089,0.0490398520293401,1,silent_drift,0,0.06599577021565534
2026-10-06 12:59:22,82.77041542567216,0.0632254917447261,1,silent_drift,0,0.05022163428982729
2026-10-06 12:59:23,82.89582567662384,0.0456565719982884,1,silent_drift,0,0.06337402115354562
2026-10-06 12:59:24,83.25195644031359,0.0445039661097364,1,silent_drift,0,0.059113103043796134
2026-10-06 12:59:25,82.49903644066706,0.0598341338338099,1,silent_drift,0,0.06153912419780677
2026-10-06 12:59:26,82.65613718345902,0.0563758999877188,1,silent_drift,0,0.06851065506906451
2026-10-06 12:59:27,83.27102152344877,0.0435659932348999,1,silent_drift,0,0.05689338959741902
2026-10-06 12:59:28,83.15388800030178,0.0544017854913365,1,silent_drift,0,0.06301539517703286
2026-10-06 12:59:29,83.94071474590447,0.0399900874474657,1,silent_drift,0,0.029859484786651458
2026-10-06 12:59:30,82.76083717383315,0.0640885931038353,1,silent_drift,0,0.050525332333286044
2026-10-06 12:59:31,83.12583897947897,0.041350158149829,1,silent_drift,0,0.0500098051671769
2026-10-06 12:59:32,83.11683227841138,0.0294941828832991,1,silent_drift,1,-0.005433271664676664
2026-10-06 12:59:33,83.56888982764609,0.0512443123511066,1,silent_drift,0,0.056014137253345975
2026-10-06 12:59:34,83.41396493745793,0.0425249687344513,1,silent_drift,0,0.052775675442706116
2026-10-06 12:59:35,82.8552749832583,0.0562810166747331,1,silent_drift,0,0.06538600027644026
2026-10-06 12:59:36,83.48331378728051,0.0379164284176097,1,silent_drift,0,0.029639763500166505
2026-10-06 12:59:37,83.36229813584201,0.0368807748440795,1,silent_drift,0,0.027900417614176554
2026-10-06 12:59:38,83.54771799703325,0.0521451759816471,1,silent_drift,0,0.0580619317371982
2026-10-06 12:59:39,83.64872885856879,0.0406038116676642,1,silent_drift,0,0.03950395326197764
2026-10-06 12:59:40,83.77521074146578,0.0448704451473533,1,silent_drift,0,0.052698055602543536
2026-10-06 12:59:41,83.5555696622532,0.0279581903838272,1,silent_drift,1,-0.022202947210544943
2026-10-06 12:59:42,83.36671672198902,0.0278527701248479,1,silent_drift,1,-0.01927064970312653
2026-10-06 12:59:43,83.0794579102921,0.048158483010607,1,silent_drift,0,0.0633482070909096
2026-10-06 12:59:44,83.93870375500688,0.0590301230572494,1,silent_drift,0,0.04522290171704729
2026-10-06 12:59:45,84.43260763727432,0.0441844521457179,1,silent_drift,0,0.04093561243664667
2026-10-06 12:59:46,83.875231383167,0.038762660839952,1,silent_drift,0,0.027508610249984522
2026-10-06 12:59:47,83.88551432166523,0.0479366878287013,1,silent_drift,0,0.05444083177133896
2026-10-06 12:59:48,84.04628232920152,0.0577795376649321,1,silent_drift,0,0.04636994988802312
2026-10-06 12:59:49,83.59958132741403,0.0388368660661835,1,silent_drift,0,0.03202097777958707
2026-10-06 12:59:50,84.25087075695548,0.0617415940622232,1,silent_drift,0,0.03714053396622069
2026-10-06 12:59:51,84.21973099942029,0.0428319416456953,1,silent_drift,0,0.040516831952450816
2026-10-06 12:59:52,84.78298767404152,0.0642815939235599,1,silent_drift,0,0.02209110186664376
2026-10-06 12:59:53,84.83034304042273,0.0639860933858532,1,silent_drift,0,0.019134914148441873
2026-10-06 12:59:54,84.65785233484907,0.0415170103897272,1,silent_drift,0,0.028502158405153077
2026-10-06 12:59:55,84.78238502875625,0.070281899320006,1,silent_drift,0,0.013724019979221846
2026-10-06 12:59:56,84.08174430840182,0.0473649778779289,1,silent_drift,0,0.050799967298912785
2026-10-06 12:59:57,85.118078738357,0.0391322090171945,1,silent_drift,0,0.0030317494552550284
2026-10-06 12:59:58,84.21672032646477,0.0532795774251673,1,silent_drift,0,0.049170573236938575
2026-10-06 12:59:59,84.58614860078194,0.0637710699343451,1,silent_drift,0,0.02906423240836631
2026-10-06 13:00:00,84.9730982696958,0.0397551034655671,1,silent_drift,0,0.00897080334083955
2026-10-06 13:00:01,85.28373772886253,0.0369505199151018,1,silent_drift,1,-0.000652444909604255
2026-10-06 13:00:02,84.23302350096093,0.0531486731568031,1,silent_drift,0,0.04854993139424768
2026-10-06 13:00:03,85.00700870618203,0.0422535114283436,1,silent_drift,0,0.022157734141819208
2026-10-06 13:00:04,83.61553875245247,0.0487847355458427,1,silent_drift,0,0.05802163691857337
2026-10-06 13:00:05,85.82152150919882,0.0544595716243906,1,silent_drift,0,0.01809048201377428
2026-10-06 13:00:06,85.07771214760297,0.0555634432293404,1,silent_drift,0,0.029044947948114352
2026-10-06 13:00:07,84.85241210548088,0.0573817475739385,1,silent_drift,0,0.03055519749635882
2026-10-06 13:00:08,85.24100849122848,0.0449383251066823,1,silent_drift,0,0.02593178591429951
2026-10-06 13:00:09,84.96140727971144,0.0402134162203067,1,silent_drift,0,0.01205221445149085
2026-10-06 13:00:10,85.11472864679374,0.0449729963682717,1,silent_drift,0,0.026969129575073247
2026-10-06 13:00:11,85.26087667630055,0.050381059220935,1,silent_drift,0,0.026698683630620168
2026-10-06 13:00:12,85.02736594559654,0.0340223830499968,1,silent_drift,1,-0.011039629980984844
2026-10-06 13:00:13,85.51661706082147,0.0417689663252071,1,silent_drift,0,0.01639880096115054
2026-10-06 13:00:14,85.06605102346812,0.0500725735407244,1,silent_drift,0,0.030881860288920204
2026-10-06 13:00:15,85.69546744071745,0.0532453972218088,1,silent_drift,0,0.02105201344998031
2026-10-06 13:00:16,85.5563617595048,0.0482871006682827,1,silent_drift,0,0.02548528709530634
2026-10-06 13:00:17,85.7627387803023,0.0588855934067731,1,silent_drift,0,0.011605093670921496
2026-10-06 13:00:18,85.92415611047062,0.0483385365153328,1,silent_drift,0,0.01967456061890438
2026-10-06 13:00:19,85.81496045771469,0.0435252471491591,1,silent_drift,0,0.01392243612629357
2026-10-06 13:00:20,85.20686815014828,0.0402850949646319,1,silent_drift,0,0.009504963976544212
2026-10-06 13:00:21,85.91181519429439,0.0503765260929291,1,silent_drift,0,0.017347544118058722
2026-10-06 13:00:22,86.49149046939512,0.0458932043789334,1,silent_drift,0,0.009219956645492688
2026-10-06 13:00:23,86.09818063224611,0.0440888952144061,1,silent_drift,0,0.008940382569977368
2026-10-06 13:00:24,85.8499300043803,0.0495521606581633,1,silent_drift,0,0.018132370347587967
2026-10-06 13:00:25,85.62914155662654,0.0390855494855827,1,silent_drift,1,-0.0013674398456517967
2026-10-06 13:00:26,86.02596480784925,0.0537792455388928,1,silent_drift,0,0.016425804543305333
2026-10-06 13:00:27,85.68896454734191,0.0596793455141534,1,silent_drift,0,0.012633874021926728
2026-10-06 13:00:28,86.12361957648429,0.0608773665898862,1,silent_drift,0,0.0018290017003844694
2026-10-06 13:00:29,86.23007195749494,0.0670044085518912,1,silent_drift,1,-0.006186866728578488
2026-10-06 13:00:30,86.2678044916885,0.0500993568773398,1,silent_drift,0,0.011406305537227879
2026-10-06 13:00:31,86.18779136127777,0.0373746913257389,1,silent_drift,1,-0.014778246403920559
2026-10-06 13:00:32,87.12204322789272,0.0625127907849306,1,silent_drift,1,-0.013669773350001635
2026-10-06 13:00:33,87.25712761174286,0.0442968603132371,1,silent_drift,1,-0.005715680500734122
2026-10-06 13:00:34,85.77947717581564,0.0480688845358992,1,silent_drift,0,0.021417671844281116
2026-10-06 13:00:35,86.3284074635046,0.0445164795743018,1,silent_drift,0,0.005114276885153146
2026-10-06 13:00:36,86.37239842987732,0.043667514018189,1,silent_drift,0,0.004051803701594692
2026-10-06 13:00:37,86.30349685022703,0.0625277147505882,1,silent_drift,1,-0.003945377136044259
2026-10-06 13:00:38,86.30975836480926,0.0509909907457524,1,silent_drift,0,0.007019197593392534
2026-10-06 13:00:39,86.63841597185534,0.0605152642008237,1,silent_drift,1,-0.0033852328475860727
2026-10-06 13:00:40,86.94886807182111,0.0490478375655517,1,silent_drift,0,0.0010697048505285411
2026-10-06 13:00:41,86.68032709599588,0.0602175003756766,1,silent_drift,1,-0.0028240633117690983
2026-10-06 13:00:42,87.25114040713349,0.0465925299416871,1,silent_drift,0,0.00115270735223727
2026-10-06 13:00:43,86.91139636716078,0.0517743024896847,1,silent_drift,1,-0.0018238889863415597
2026-10-06 13:00:44,86.16296002102888,0.0361518616337422,1,silent_drift,1,-0.018364386703003555
2026-10-06 13:00:45,87.15841067144738,0.0459216872467543,1,silent_drift,1,-0.0001021703696324483
2026-10-06 13:00:46,86.60683629413941,0.0427639018545694,1,silent_drift,0,0.0013489173255090692
2026-10-06 13:00:47,88.25351976017112,0.061782533744762,1,silent_drift,1,-0.020184723992165532
2026-10-06 13:00:48,87.38229778861282,0.0522228896478774,1,silent_drift,1,-0.005909346804034432
2026-10-06 13:00:49,87.298867558323,0.0573752518878754,1,silent_drift,1,-0.008563634886614824
2026-10-06 13:00:50,68.72828393182556,0.0500030077649122,0,normal,0,0.12164467571251225
2026-10-06 13:00:51,70.7954078300286,0.106160671506435,0,normal,0,0.08983548716968004
2026-10-06 13:00:52,70.73604334364938,0.0774880553542895,0,normal,0,0.12618221006290692
2026-10-06 13:00:53,70.97795604600405,0.0297014448013429,0,normal,0,0.056823455289893465
2026-10-06 13:00:54,69.77589676545608,0.0919172708540477,0,normal,0,0.11581190373024469
2026-10-06 13:00:55,68.17410057732447,0.0643953603545983,0,normal,0,0.13179967268864973
2026-10-06 13:00:56,68.50751971831433,0.080567825342792,0,normal,0,0.1255221633419194
2026-10-06 13:00:57,66.90237909886174,0.0924797191647927,0,normal,0,0.10245955527144257
2026-10-06 13:00:58,67.8722788321756,0.110686748296675,0,normal,0,0.08401643173318674
2026-10-06 13:00:59,67.64597017805285,0.0660341062544788,0,normal,0,0.12823046989030717
2026-10-06 13:01:00,68.62001164088363,0.0750457257084919,0,normal,0,0.13104082470772516
2026-10-06 13:01:01,68.82067198696585,0.1095194908994563,0,normal,0,0.08916900673575584
2026-10-06 13:01:02,66.8755516902664,0.1192628036244991,0,normal,0,0.05266125585081549
2026-10-06 13:01:03,72.72070249034655,0.0606734961933208,0,normal,0,0.12761027930413038
2026-10-06 13:01:04,69.91410008043854,0.0652298447593593,0,normal,0,0.13367796560484063
2026-10-06 13:01:05,69.63364592877443,0.0364593118332582,0,normal,0,0.0911307867803362
2026-10-06 13:01:06,69.98488555062417,0.0695870837458951,0,normal,0,0.13136712207472434
2026-10-06 13:01:07,70.44693805366931,0.0629257985933394,0,normal,0,0.1312660005864424
2026-10-06 13:01:08,67.55013441032858,0.0927688456788269,0,normal,0,0.10771224161473292
2026-10-06 13:01:09,67.65002046242306,0.0491485469910012,0,normal,0,0.11262931865704234
2026-10-06 13:01:10,67.48753265282095,0.0831629576806491,0,normal,0,0.11634141280207416
2026-10-06 13:01:11,68.03752617599616,0.1202555326735254,0,normal,0,0.05680409143004006
2026-10-06 13:01:12,67.71712162622029,0.0688997836799536,0,normal,0,0.12744042289469254
2026-10-06 13:01:13,69.49578795051914,0.1077379671281799,0,normal,0,0.09194479693854618
2026-10-06 13:01:14,68.32939238735413,0.0793027601019821,0,normal,0,0.1273331227931398
2026-10-06 13:01:15,69.00394128279136,0.1170084085760842,0,normal,0,0.06836169660949942
2026-10-06 13:01:16,68.57386933202395,0.0877940486534023,0,normal,0,0.12371881395709522
2026-10-06 13:01:17,66.75584179515968,0.0496212717706794,0,normal,0,0.10178285063631887
2026-10-06 13:01:18,67.30360428796584,0.1011292966546141,0,normal,0,0.09305369404233804
2026-10-06 13:01:19,67.67693313357468,0.0815367608437355,0,normal,0,0.12055058795565715
2026-10-06 13:01:20,65.42074312128841,0.0935958968550105,0,normal,0,0.07900208310719786
2026-10-06 13:01:21,65.79841464207931,0.0773390298071861,0,normal,0,0.10057883844509735
2026-10-06 13:01:22,68.24037805142088,0.0927287464255261,0,normal,0,0.11679012813545503
2026-10-06 13:01:23,68.88208463951176,0.0774154489209393,0,normal,0,0.12845158379758964
2026-10-06 13:01:24,69.80803205460644,0.1056853604464457,0,normal,0,0.0945241211327843
2026-10-06 13:01:25,69.71022336696942,0.1133628010750139,0,normal,0,0.07841851515794862
2026-10-06 13:01:26,69.69107218475902,0.0560084621383361,0,normal,0,0.13160392966356027
2026-10-06 13:01:27,69.87832478935665,0.0863365399013792,0,normal,0,0.12294276529822507
2026-10-06 13:01:28,69.9686093307482,0.052360973673457,0,normal,0,0.12813969929041613
2026-10-06 13:01:29,69.14307786834001,0.038826332514637,0,normal,0,0.09451912284200309
2026-10-06 13:01:30,71.34916621053378,0.0579093988468777,0,normal,0,0.13212239206506293
2026-10-06 13:01:31,68.32782411644044,0.0745547967431283,0,normal,0,0.13124472824949424
2026-10-06 13:01:32,68.23660444240195,0.0515283095004246,0,normal,0,0.12167163547430154
2026-10-06 13:01:33,68.89446254689462,0.0766333356804283,0,normal,0,0.1302823804789141
2026-10-06 13:01:34,67.94428867362112,0.0762109067574614,0,normal,0,0.12548434334230896
2026-10-06 13:01:35,66.66829385269185,0.0990897982254929,0,normal,0,0.08925712677445602
2026-10-06 13:01:36,65.70919288379868,0.0864260709133526,0,normal,0,0.09094228632011814
2026-10-06 13:01:37,69.94342355400204,0.0985539975082683,0,normal,0,0.10628978555769641
2026-10-06 13:01:38,69.52349233033635,0.0613132176069362,0,normal,0,0.13488131855409896
2026-10-06 13:01:39,69.50400899250592,0.0898838885499293,0,normal,0,0.11763670612736205
2026-10-06 13:01:40,117.88093085200686,0.0474946998288614,1,spike,1,-0.19264239143183415
2026-10-06 13:01:41,116.72614194568246,0.0467769334826612,1,spike,1,-0.18472609884478275
2026-10-06 13:01:42,114.2850918947462,0.049158963955995,1,spike,1,-0.17837574107762466
2026-10-06 13:01:43,114.45312046366524,0.0389183471029475,1,spike,1,-0.18661249733441765
2026-10-06 13:01:44,115.98281764398573,0.0679582699764099,1,spike,1,-0.18817639285556176
2026-10-06 13:01:45,115.77088718265338,0.0521778011272096,1,spike,1,-0.18515441737102167
2026-10-06 13:01:46,116.91458423218022,0.0643027503861653,1,spike,1,-0.18655440053828698
2026-10-06 13:01:47,119.17100097064126,0.04856190732188,1,spike,1,-0.1999681111953252
2026-10-06 13:01:48,68.4430980821641,0.0897698806543537,0,normal,0,0.11829991544412466
2026-10-06 13:01:49,70.82496612344981,0.0593287952976896,0,normal,0,0.1312034428154193
2026-10-06 13:01:50,67.1166157664121,0.0767620575130901,0,normal,0,0.11521849371054449
2026-10-06 13:01:51,69.76353747003846,0.0997626131254765,0,normal,0,0.1050703240176763
2026-10-06 13:01:52,72.27549082329472,0.0928646459104562,0,normal,0,0.08661538184648143
2026-10-06 13:01:53,68.76950371050577,0.1016202652914899,0,normal,0,0.1038954714354205
2026-10-06 13:01:54,66.93238865283026,0.1048936712237086,0,normal,0,0.07945888382928551
2026-10-06 13:01:55,67.13813263783938,0.071941888591512,0,normal,0,0.12139658506183104
2026-10-06 13:01:56,67.44237443257904,0.0499158540073694,0,normal,0,0.10984958891770541
2026-10-06 13:01:57,69.76638104023544,0.0668342967624153,0,normal,0,0.13460963852589736
2026-10-06 13:01:58,66.30180499734517,0.0508978171840437,0,normal,0,0.09628536885685152
2026-10-06 13:01:59,66.04077233322262,0.1060141624826456,0,normal,0,0.07089112652087864
2026-10-06 13:02:00,68.15626816959788,0.0899090920477753,0,normal,0,0.11711719958831868
2026-10-06 13:02:01,70.5518319609113,0.0519313269710023,0,normal,0,0.12625505504780482
2026-10-06 13:02:02,70.77560607178383,0.0707649708324576,0,normal,0,0.1312273474802978
2026-10-06 13:02:03,69.60398870193384,0.0488506039450868,0,normal,0,0.12509689523333756
2026-10-06 13:02:04,69.899606423554,0.0812259126734718,0,normal,0,0.12462910601247706
2026-10-06 13:02:05,70.96774751831882,0.0559343434636269,0,normal,0,0.12888046747151322
2026-10-06 13:02:06,67.64607283281792,0.0967559982526208,0,normal,0,0.10386984143371936
2026-10-06 13:02:07,66.48199143450744,0.0465820304462205,0,normal,0,0.08819845682493532
2026-10-06 13:02:08,68.19159364793248,0.0433522675477639,0,normal,0,0.10201116440950281
2026-10-06 13:02:09,66.69744228126368,0.1170969442172869,0,normal,0,0.0560078701783403
2026-10-06 13:02:10,66.87583980270504,0.0694499079303195,0,normal,0,0.11574499965098628
2026-10-06 13:02:11,65.58489592843225,0.0789607529064007,0,normal,0,0.09832973959181829
2026-10-06 13:02:12,68.45018201702914,0.0747168041442206,0,normal,0,0.13146800024890598
2026-10-06 13:02:13,66.14243410895189,0.0943424232027206,0,normal,0,0.0911337640931113
2026-10-06 13:02:14,71.11560425024712,0.0662247267702295,0,normal,0,0.13222353092260647
2026-10-06 13:02:15,67.8843160272575,0.0853939428516213,0,normal,0,0.11892390963520777
2026-10-06 13:02:16,69.09566024895048,0.0935627905977445,0,normal,0,0.11555986233115051
2026-10-06 13:02:17,68.46536250005487,0.0848233063794746,0,normal,0,0.1244927922236132
2026-10-06 13:02:18,66.99219259838206,0.0546694563641492,0,normal,0,0.10905080079958107
2026-10-06 13:02:19,69.8967318952584,0.1442531952040034,0,normal,1,-0.017167249965037934
2026-10-06 13:02:20,68.43352019676085,0.1140645699538604,0,normal,0,0.07789236956330187
2026-10-06 13:02:21,67.08308168467916,0.0775437095186177,0,normal,0,0.11420580204609654
2026-10-06 13:02:22,66.24044927771386,0.1137893951317887,0,normal,0,0.057468036923730315
2026-10-06 13:02:23,65.94837916710942,0.0905477399750161,0,normal,0,0.08972465606750857
2026-10-06 13:02:24,67.84734321846597,0.0835440633806689,0,normal,0,0.12180579817708775
2026-10-06 13:02:25,72.00334805070165,0.0836715045488993,0,normal,0,0.10713580469288475
2026-10-06 13:02:26,68.70238611767469,0.0961052351071397,0,normal,0,0.11119738872214924
2026-10-06 13:02:27,70.24460897705015,0.0939311710749748,0,normal,0,0.10879387879082586
2026-10-06 13:02:28,71.27959883861699,0.0884619001164145,0,normal,0,0.11167679353910065
2026-10-06 13:02:29,68.91991634409781,0.0218636138368971,0,normal,0,0.011219511284812078
2026-10-06 13:02:30,69.02078749091129,0.1377860361080844,0,normal,1,-0.0017742060229342105
2026-10-06 13:02:31,67.06855059134229,0.0835465168220865,0,normal,0,0.11358095096841303
2026-10-06 13:02:32,69.00335661330983,0.1088313824842387,0,normal,0,0.09218907444472724
2026-10-06 13:02:33,68.68990961470934,0.0737556456931433,0,normal,0,0.13160799048082128
2026-10-06 13:02:34,69.09237800972019,0.1125208136000961,0,normal,0,0.08193610812366015
2026-10-06 13:02:35,67.28897215964714,0.0736150784824073,0,normal,0,0.11966181998707232
2026-10-06 13:02:36,69.06412486404011,0.0830187068388726,0,normal,0,0.12694112117399714
2026-10-06 13:02:37,69.7620275264061,0.0667100055861605,0,normal,0,0.13447448114622634
2026-10-06 13:02:38,71.40457896104697,0.0923589782958498,0,normal,0,0.09969156056265777
2026-10-06 13:02:39,69.16957586994947,0.0809053062154272,0,normal,0,0.12734720611322803
2026-10-06 13:02:40,68.77036151623433,0.0947399578857316,0,normal,0,0.11532895505957541
2026-10-06 13:02:41,69.93687811498833,0.055736821494253,0,normal,0,0.1291757825528187
2026-10-06 13:02:42,67.45033318920976,0.0505190869749341,0,normal,0,0.10938419798789234
2026-10-06 13:02:43,68.86089234230874,0.0568378881804844,0,normal,0,0.13100488838256769
2026-10-06 13:02:44,68.27817914383435,0.0607808423158271,0,normal,0,0.1306387422074211
2026-10-06 13:02:45,68.41595199698622,0.1069462463476823,0,normal,0,0.0923123437765
2026-10-06 13:02:46,66.52482199705446,0.0814890769138784,0,normal,0,0.110129912431004
2026-10-06 13:02:47,68.52902380299145,0.0961262378606066,0,normal,0,0.10897865805694013
2026-10-06 13:02:48,69.39930599104416,0.1072615281708042,0,normal,0,0.09353837233851636
2026-10-06 13:02:49,67.94098363252188,0.0828462841841131,0,normal,0,0.12247114371335427
2026-10-06 13:02:50,71.32010749962812,0.0697344055097334,0,normal,0,0.1269236606146255
2026-10-06 13:02:51,67.98208736499821,0.074282283713936,0,normal,0,0.12701943409477345
2026-10-06 13:02:52,69.78410003642352,0.1177919380734723,0,normal,0,0.062130258960124085
2026-10-06 13:02:53,67.6467088061561,0.0682923961366689,0,normal,0,0.12808952860741846
2026-10-06 13:02:54,66.66984537423828,0.0999860731788325,0,normal,0,0.08702832656632814
2026-10-06 13:02:55,67.56710897728885,0.0732345921881078,0,normal,0,0.1241993166974511
2026-10-06 13:02:56,66.0604715446208,0.0598990566306061,0,normal,0,0.10418154648566369
2026-10-06 13:02:57,68.02221364486012,0.099553405768358,0,normal,0,0.10197834269331901
2026-10-06 13:02:58,67.75617559406857,0.105736485767979,0,normal,0,0.08949879978474334
2026-10-06 13:02:59,66.44955914080005,0.0835814767519174,0,normal,0,0.10907682244480943
2026-10-06 13:03:00,64.79378986818465,0.0841671027249423,0,normal,0,0.06707388155467692
2026-10-06 13:03:01,66.83888122815057,0.0627541832159272,0,normal,0,0.11580413667767003
2026-10-06 13:03:02,71.00731650021945,0.0836145220728295,0,normal,0,0.11915767802536215
2026-10-06 13:03:03,70.29830386506208,0.1053245901861207,0,normal,0,0.0899867175531891
2026-10-06 13:03:04,71.41725364777616,0.0533933493725159,0,normal,0,0.1267429870631398
2026-10-06 13:03:05,70.87887739367874,0.0602186414985168,0,normal,0,0.13148285802071058
2026-10-06 13:03:06,69.7947399373873,0.0369307942559902,0,normal,0,0.09474231440952424
2026-10-06 13:03:07,67.428923722038,0.0791601946588795,0,normal,0,0.11715946850470543
2026-10-06 13:03:08,66.41820653243933,0.0852798426426025,0,normal,0,0.10630598807348013
2026-10-06 13:03:09,65.9199905950948,0.0782704375282719,0,normal,0,0.10408258723717467
2026-10-06 13:03:10,69.20775430157916,0.0651294124585035,0,normal,0,0.1346305643389174
2026-10-06 13:03:11,67.7624522415719,0.028369265477409,0,normal,0,0.03290090194977824
2026-10-06 13:03:12,68.08933126044717,0.0686513814093323,0,normal,0,0.13064609018465828
2026-10-06 13:03:13,71.06372476211833,0.0756211038093254,0,normal,0,0.12753656110608674
2026-10-06 13:03:14,69.86864130330147,0.0803217544655175,0,normal,0,0.12614399290288064
2026-10-06 13:03:15,67.7295996159502,0.0571941973068869,0,normal,0,0.12458477165706683
2026-10-06 13:03:16,71.72920799440327,0.1253317580889356,0,normal,0,0.01881891687025361
2026-10-06 13:03:17,68.1109835086813,0.1113062737096854,0,normal,0,0.08335179747313826
2026-10-06 13:03:18,68.46194383441882,0.0992398126486622,0,normal,0,0.1050439237906543
2026-10-06 13:03:19,66.53506876929426,0.0755272942143526,0,normal,0,0.11422698192672187
2026-10-06 13:03:20,67.978676813964,0.104780052402174,0,normal,0,0.09164204998072839
2026-10-06 13:03:21,66.76000538712906,0.1058766694619898,0,normal,0,0.07929005659101263
2026-10-06 13:03:22,69.24248584006939,0.0925105789755163,0,normal,0,0.1166567724598056
2026-10-06 13:03:23,69.75311757045222,0.1071871441227532,0,normal,0,0.09105021670649016
2026-10-06 13:03:24,70.93213457232021,0.0851883590338464,0,normal,0,0.11846014822999795
2026-10-06 13:03:25,71.33610191521106,0.0350071856143944,0,normal,0,0.08375674905356373
2026-10-06 13:03:26,71.28400403474564,0.0976096623364645,0,normal,0,0.09347879567845957
2026-10-06 13:03:27,70.90505871198592,0.0765548613973131,0,normal,0,0.12750811955072727
2026-10-06 13:03:28,72.04671296516173,0.0881491639462592,0,normal,0,0.10089276554987003
2026-10-06 13:03:29,69.45270050070208,0.1289535092148869,0,normal,0,0.027818934249600857
2026-10-06 13:03:30,68.10277568826476,0.0994425670065707,0,normal,0,0.1047673652934914
2026-10-06 13:03:31,70.60317345622386,0.0578112983313556,0,normal,0,0.13137574429917048
2026-10-06 13:03:32,69.88076002711048,0.0927783343687787,0,normal,0,0.11554250535926897
2026-10-06 13:03:33,65.37962514790384,0.1026260058896628,0,normal,0,0.05891007315149982
2026-10-06 13:03:34,67.42919269749082,0.047180744219461,0,normal,0,0.10160708463089874
2026-10-06 13:03:35,69.17066788024994,0.0721838499605915,0,normal,0,0.1331049434956063
2026-10-06 13:03:36,68.3888572163054,0.0805497414467365,0,normal,0,0.1263782934868592
2026-10-06 13:03:37,69.1326670045205,0.0901357966203518,0,normal,0,0.11864090780111114
2026-10-06 13:03:38,69.78264888353581,0.052050726344696,0,normal,0,0.12993501628702714
2026-10-06 13:03:39,68.90075420016576,0.0882054436012504,0,normal,0,0.12725269627515257
2026-10-06 13:03:40,69.6300505720753,0.077207918276925,0,normal,0,0.1277317169303283
2026-10-06 13:03:41,69.05323948572159,0.1082514224169116,0,normal,0,0.09404122020904904
2026-10-06 13:03:42,71.13818488562015,0.0718894694555044,0,normal,0,0.12991343028068358
2026-10-06 13:03:43,67.93114112530752,0.064553876239421,0,normal,0,0.12817102769485705
2026-10-06 13:03:44,70.2216489208353,0.1253117090910161,0,normal,0,0.03363533054367662
2026-10-06 13:03:45,68.08001469266544,0.1074043884741867,0,normal,0,0.0879016833261757
2026-10-06 13:03:46,65.72280482431769,0.0846059769516854,0,normal,0,0.09377818600826587
2026-10-06 13:03:47,64.83348351279014,0.1232948990148333,0,normal,1,-0.010201192040438234
2026-10-06 13:03:48,72.08624367290203,0.1170556639376381,0,normal,0,0.0403246929696634
2026-10-06 13:03:49,67.69464914308419,0.0837037405721663,0,normal,0,0.12055251104164094
2026-10-06 13:03:50,68.32958646640743,0.0829339104483101,0,normal,0,0.1273864899276691
2026-10-06 13:03:51,71.6958474354674,0.0997017497997717,0,normal,0,0.0893576110646811
2026-10-06 13:03:52,70.11943775924927,0.0936885868056194,0,normal,0,0.109911464701904
2026-10-06 13:03:53,66.6866340035979,0.0854794702271007,0,normal,0,0.10868775651722362
2026-10-06 13:03:54,64.58656374933373,0.1424617325366591,0,normal,1,-0.06606597240704581
2026-10-06 13:03:55,66.7368124499303,0.0317359303885431,0,normal,0,0.037046971633655945
2026-10-06 13:03:56,68.8572327585557,0.0671943542233119,0,normal,0,0.1344908471146128
2026-10-06 13:03:57,66.66459293573644,0.1149987462910898,0,normal,0,0.05929163980125729
2026-10-06 13:03:58,67.46630178622539,0.1257110576692027,0,normal,0,0.03824932788614105
2026-10-06 13:03:59,67.11151393279619,0.0658815549793728,0,normal,0,0.12123190176110465
2026-10-06 13:04:00,72.25781755337263,0.0957501089238772,0,normal,0,0.08502642623310036
2026-10-06 13:04:01,69.69163409444474,0.0104131965682171,0,normal,1,-0.01953672119137506
2026-10-06 13:04:02,72.06505193839152,0.0596223140598344,0,normal,0,0.12738656051319175
2026-10-06 13:04:03,67.65208580557041,0.0274479763518429,0,normal,0,0.027093990231498333
2026-10-06 13:04:04,68.10506153150175,0.0583674561533494,0,normal,0,0.12720687870750447
2026-10-06 13:04:05,68.86067607105387,0.0945743398786493,0,normal,0,0.11436688871484968
2026-10-06 13:04:06,69.04031156499371,0.0906112753678547,0,normal,0,0.11928622035908448
2026-10-06 13:04:07,70.6881816162028,0.0787568160419487,0,normal,0,0.12703813752132487
2026-10-06 13:04:08,69.40982165002319,0.0846273329820698,0,normal,0,0.12538686588999892
2026-10-06 13:04:09,67.30571393677093,0.1225027953110576,0,normal,0,0.047723713767216736
2026-10-06 13:04:10,0.0,0.056051812794349,1,dropout,1,-0.23268526066568596
2026-10-06 13:04:11,0.0,0.0476358744066082,1,dropout,1,-0.23006439952746593
2026-10-06 13:04:12,0.0,0.0460164809200936,1,dropout,1,-0.23052717993890914
2026-10-06 13:04:13,0.0,0.0797496595817466,1,dropout,1,-0.23082860141886175
2026-10-06 13:04:14,0.0,0.0612653837205584,1,dropout,1,-0.23062207361883347
2026-10-06 13:04:15,0.0,0.0536809435579069,1,dropout,1,-0.2294611688989262
2026-10-06 13:04:16,0.0,0.0668467063607532,1,dropout,1,-0.2305248859934853
2026-10-06 13:04:17,0.0,0.0566352581306035,1,dropout,1,-0.23285365716131867
2026-10-06 13:04:18,0.0,0.0442056393349926,1,dropout,1,-0.23554051851262747
2026-10-06 13:04:19,0.0,0.0484289893013685,1,dropout,1,-0.2300688848302248
2026-10-06 13:04:20,0.0,0.0503949957710031,1,dropout,1,-0.22700951425411753
2026-10-06 13:04:21,0.0,0.0570319176992294,1,dropout,1,-0.2339520649841086
2026-10-06 13:04:22,0.0,0.0558341516556539,1,dropout,1,-0.23350273323603865
2026-10-06 13:04:23,0.0,0.0559661636119973,1,dropout,1,-0.23350273323603865
2026-10-06 13:04:24,0.0,0.057725580223307,1,dropout,1,-0.2344488149353554
2026-10-06 13:04:25,0.0,0.0565265347016716,1,dropout,1,-0.23260577971361207
2026-10-06 13:04:26,0.0,0.0697895213843879,1,dropout,1,-0.22842900074207195
2026-10-06 13:04:27,0.0,0.0380038461451118,1,dropout,1,-0.2435578074168121
2026-10-06 13:04:28,0.0,0.0429388309079771,1,dropout,1,-0.24043061922893982
2026-10-06 13:04:29,0.0,0.0510223036122838,1,dropout,1,-0.2261004498904544
2026-10-06 13:04:30,0.0,0.0734422434036188,1,dropout,1,-0.22941471466076913
2026-10-06 13:04:31,0.0,0.0609986776357845,1,dropout,1,-0.230570815399343
2026-10-06 13:04:32,0.0,0.0493822557573095,1,dropout,1,-0.22792170589782468
2026-10-06 13:04:33,0.0,0.0533728061248516,1,dropout,1,-0.2282183911921728
2026-10-06 13:04:34,0.0,0.0611158179332501,1,dropout,1,-0.23032371009077202
2026-10-06 13:04:35,66.73392280087067,0.0777756828079255,0,normal,0,0.11265082796076115
2026-10-06 13:04:36,66.01074035617636,0.0836872930300274,0,normal,0,0.10212123737495932
2026-10-06 13:04:37,68.82959627795066,0.0675277289738095,0,normal,0,0.13331883251308446
2026-10-06 13:04:38,68.19971648320124,0.1024107386233411,0,normal,0,0.09944848398601841
2026-10-06 13:04:39,69.83388391902712,0.1066646793804633,0,normal,0,0.0939504468133664
2026-10-06 13:04:40,67.5592619367033,0.0077865286372071,0,normal,1,-0.042656164885113035
2026-10-06 13:04:41,71.90073393030904,0.0635588068259911,0,normal,0,0.12731584134359808
2026-10-06 13:04:42,69.08188344912895,0.0544945651074065,0,normal,0,0.13020872154490626
2026-10-06 13:04:43,66.7103618071394,0.0453506770186661,0,normal,0,0.08861917500904315
2026-10-06 13:04:44,69.57855744614947,0.0941826677416001,0,normal,0,0.11338090769514608
2026-10-06 13:04:45,67.01535945837074,0.0750408061753669,0,normal,0,0.11659165113455705
2026-10-06 13:04:46,65.01289153698937,0.0785075861108991,0,normal,0,0.07707539368383687
2026-10-06 13:04:47,67.30953784401542,0.0805798896384584,0,normal,0,0.11398661689778078
2026-10-06 13:04:48,68.02176091346058,0.074835388512287,0,normal,0,0.12803494413657196
2026-10-06 13:04:49,67.62095719191716,0.0499030901454781,0,normal,0,0.11254035154909431
2026-10-06 13:04:50,71.18362913712117,0.0792371471189414,0,normal,0,0.1228905600823349
2026-10-06 13:04:51,70.27697394870395,0.041459622653536,0,normal,0,0.1064573607570688
2026-10-06 13:04:52,69.77801553242274,0.0716179873027496,0,normal,0,0.13290324380003593
2026-10-06 13:04:53,69.49148055238057,0.0629984996116141,0,normal,0,0.1349715240501428
2026-10-06 13:04:54,69.82917181672791,0.1159494583617832,0,normal,0,0.0677023913064525
2026-10-06 13:04:55,67.74822329990407,0.0540389174439549,0,normal,0,0.12156912439362677
2026-10-06 13:04:56,67.73237626377387,0.0897326913569582,0,normal,0,0.11298644074038844
2026-10-06 13:04:57,65.59267635189477,0.119019762416904,0,normal,0,0.03103164622353538
2026-10-06 13:04:58,67.41043378190417,0.1002100725792179,0,normal,0,0.0971343578571579
2026-10-06 13:04:59,66.96803705969442,0.0753013315339073,0,normal,0,0.11655942271346836
2026-10-06 13:05:00,69.10325392891485,0.0702567522091283,0,normal,0,0.13266725588713962
2026-10-06 13:05:01,69.14817971150111,0.0998460316033581,0,normal,0,0.10637798196633991
2026-10-06 13:05:02,71.05569497371171,0.0477318317815029,0,normal,0,0.12221369599935072
2026-10-06 13:05:03,71.98427395788585,0.0709807128225349,0,normal,0,0.12290915530299484
2026-10-06 13:05:04,67.57768741710449,0.0826102624437583,0,normal,0,0.11809241413965726
2026-10-06 13:05:05,68.12929977860556,0.0813526551049889,0,normal,0,0.12630626727356653
2026-10-06 13:05:06,68.55355930073762,0.099274021632422,0,normal,0,0.10440866187493886
2026-10-06 13:05:07,66.43761934346732,0.1135338043438046,0,normal,0,0.06004591915370194
2026-10-06 13:05:08,65.29126087879455,0.0626825700762704,0,normal,0,0.09124491779842808
2026-10-06 13:05:09,66.54999369773753,0.089524165124717,0,normal,0,0.10189269947627555
2026-10-06 13:05:10,65.00017708942964,0.0760707818924755,0,normal,0,0.08144797198929338
2026-10-06 13:05:11,69.1147095607586,0.0825460241791892,0,normal,0,0.12656967229624683
2026-10-06 13:05:12,67.56257091831418,0.0485187848096722,0,normal,0,0.10854251154044198
2026-10-06 13:05:13,68.91286151279672,0.0349502306720937,0,normal,0,0.07600495367077409
2026-10-06 13:05:14,68.92810000424323,0.0619433414821387,0,normal,0,0.13376118072284499
2026-10-06 13:05:15,70.30083635179969,0.0388891562799887,0,normal,0,0.09814119786066078
2026-10-06 13:05:16,69.48599460608771,0.1099198376326015,0,normal,0,0.08993078749508948
2026-10-06 13:05:17,67.47195321574604,0.0775983287131601,0,normal,0,0.11733438038518851
2026-10-06 13:05:18,67.67126944109414,0.0886128206768545,0,normal,0,0.11592683950123883
2026-10-06 13:05:19,70.23367585055315,0.0613512911927255,0,normal,0,0.1322324652912592
2026-10-06 13:05:20,65.4890737499944,0.0998202553356377,0,normal,0,0.06765624335425918
2026-10-06 13:05:21,66.39091463788064,0.1023030708907114,0,normal,0,0.0792023816861791
2026-10-06 13:05:22,66.71911923101875,0.1041218401405386,0,normal,0,0.07969212268941611
2026-10-06 13:05:23,66.66653818655566,0.1053440005689362,0,normal,0,0.07795105286163656
2026-10-06 13:05:24,68.16414404978883,0.0887739738354949,0,normal,0,0.12150752286569705
2026-10-06 13:05:25,69.67800735430602,0.0604734347010145,0,normal,0,0.1344141631961721
2026-10-06 13:05:26,70.75696858080667,0.1060517383098028,0,normal,0,0.09023600951500488
2026-10-06 13:05:27,70.67433924451079,0.1272204947300531,0,normal,0,0.028528091972183645
2026-10-06 13:05:28,69.77174157754678,0.065327394863639,0,normal,0,0.13403815951656073
2026-10-06 13:05:29,69.84601042352227,0.0501615437503764,0,normal,0,0.1247107111404544
2026-10-06 13:05:30,68.790270463549,0.0588230990509656,0,normal,0,0.13075791048780444
2026-10-06 13:05:31,67.70475568972338,0.1406859258296005,0,normal,1,-0.017340389843134463
2026-10-06 13:05:32,69.20965115459023,0.0965490756159983,0,normal,0,0.11011782348865135
2026-10-06 13:05:33,65.63056165154111,0.0990704270174339,0,normal,0,0.07104884248438043
2026-10-06 13:05:34,66.1195097585367,0.073817874665432,0,normal,0,0.11039472537097267
2026-10-06 13:05:35,65.87467904448587,0.0698436740031851,0,normal,0,0.10819783031756941
2026-10-06 13:05:36,69.06038368346897,0.1274205144901015,0,normal,0,0.034409098356466716
2026-10-06 13:05:37,73.42261664316202,0.0582764157810302,0,normal,0,0.12043879854038986
2026-10-06 13:05:38,68.67669840645985,0.0735931142699492,0,normal,0,0.13168134852397145
2026-10-06 13:05:39,71.09412611175803,0.082727907453174,0,normal,0,0.11972851122810962
2026-10-06 13:05:40,70.63128651797868,0.0849883867003637,0,normal,0,0.12072680339881847
2026-10-06 13:05:41,68.61435081086113,0.0954416579493019,0,normal,0,0.11295855209718175
2026-10-06 13:05:42,68.73836855073084,0.0859289918512456,0,normal,0,0.1257869978754666
2026-10-06 13:05:43,67.74434114399364,0.0832074393196543,0,normal,0,0.12039073074421108
2026-10-06 13:05:44,67.85315439508429,0.0982829865373721,0,normal,0,0.10245982919501484
2026-10-06 13:05:45,67.20007028928964,0.0420498618126692,0,normal,0,0.08421077416935335
2026-10-06 13:05:46,69.07826041899602,0.1068137430779807,0,normal,0,0.09624606319997653
2026-10-06 13:05:47,67.96181728494051,0.0801096426589506,0,normal,0,0.12189596134634023
2026-10-06 13:05:48,69.99766346271221,0.0919414782654661,0,normal,0,0.1139243463579297
2026-10-06 13:05:49,67.21829177647007,0.0628441544694371,0,normal,0,0.12215888570030953
2026-10-06 13:05:50,71.47546452960461,0.0204607112127659,0,normal,0,0.007843470493071436
2026-10-06 13:05:51,67.72054883016126,0.0755364791114453,0,normal,0,0.12563034243592824
2026-10-06 13:05:52,68.21918172834101,0.0372641309772495,0,normal,0,0.08220561362681533
2026-10-06 13:05:53,70.40113515730245,0.0615480508663508,0,normal,0,0.13136867462591445
2026-10-06 13:05:54,66.86440739885698,0.0877254277285802,0,normal,0,0.10750253731502551
2026-10-06 13:05:55,67.72789931728175,0.0150935704398085,0,normal,1,-0.027328173028386638
2026-10-06 13:05:56,67.69697707287673,0.0754687989237161,0,normal,0,0.12563034243592824
2026-10-06 13:05:57,68.61542870600998,0.0706525821808862,0,normal,0,0.13316967502931865
2026-10-06 13:05:58,68.0235011833543,0.0540652135305172,0,normal,0,0.12354441885918899
2026-10-06 13:05:59,68.24229252290466,0.0899300009771964,0,normal,0,0.11662077907290092
2026-10-06 13:06:00,67.72136634131431,0.0768643951166533,0,normal,0,0.12242816175510751
2026-10-06 13:06:01,69.28835169458807,0.0389596791006413,0,normal,0,0.09590149380730428
2026-10-06 13:06:02,68.680019817798,0.0862364359146835,0,normal,0,0.12478453131100908
2026-10-06 13:06:03,71.22095780633154,0.0569746343798555,0,normal,0,0.13175447397006856
2026-10-06 13:06:04,67.82185599808194,0.100566865144731,0,normal,0,0.10044483580007957
2026-10-06 13:06:05,69.18295326869439,0.103366790064767,0,normal,0,0.0984003950779273
2026-10-06 13:06:06,71.33533299114713,0.1131085408512936,0,normal,0,0.06633421924299499
2026-10-06 13:06:07,67.05753448505206,0.0644863955638343,0,normal,0,0.11945356278614583
2026-10-06 13:06:08,67.04969668205496,0.1247456560782362,0,normal,0,0.03495782416251547
2026-10-06 13:06:09,65.74819398071676,0.040647972190993,0,normal,0,0.05529331107988544
2026-10-06 13:06:10,68.35645390436875,0.0867848203200454,0,normal,0,0.12377088767620292
2026-10-06 13:06:11,67.18126294246267,0.1029042208663919,0,normal,0,0.08704586973187278
2026-10-06 13:06:12,68.30327341767655,0.0777424997117103,0,normal,0,0.12779637452602421
2026-10-06 13:06:13,64.85159321215103,0.0844372830118655,0,normal,0,0.06833015796768233
2026-10-06 13:06:14,69.91828111845255,0.0815800264428411,0,normal,0,0.12396166109735696
2026-10-06 13:06:15,70.39030192950656,0.0789434200250938,0,normal,0,0.12753532395968098
2026-10-06 13:06:16,70.99265388886991,0.09275942563469,0,normal,0,0.1072751740683372
2026-10-06 13:06:17,70.02797652329382,0.1045140877388113,0,normal,0,0.09442500252533242
2026-10-06 13:06:18,65.10510453866438,0.1178356130286487,0,normal,0,0.01699699238636948
2026-10-06 13:06:19,67.66604029120109,0.0524433407776086,0,normal,0,0.11900397382272226
2026-10-06 13:06:20,64.73651854588883,0.0948854076159922,0,normal,0,0.05486045032494874
2026-10-06 13:06:21,67.5604298269711,0.1005708925278191,0,normal,0,0.09774917304278097
2026-10-06 13:06:22,68.13465425435932,0.0630527743908334,0,normal,0,0.13025392518609896
2026-10-06 13:06:23,66.9812665055827,0.0710985377705438,0,normal,0,0.11742969429423927
2026-10-06 13:06:24,70.5902116290883,0.0990219094820163,0,normal,0,0.1011883721018419
2026-10-06 13:06:25,69.6249875697902,0.1145004773617577,0,normal,0,0.07376894654075622
2026-10-06 13:06:26,66.84314973277012,0.0660368456187105,0,normal,0,0.11663715062999636
2026-10-06 13:06:27,70.13731167413978,0.079036705283027,0,normal,0,0.12511746625011894
2026-10-06 13:06:28,69.9980947167332,0.0634462272194942,0,normal,0,0.1327123405297267
2026-10-06 13:06:29,69.28360717129098,0.0858900694116713,0,normal,0,0.1250735402411755
2026-10-06 13:06:30,67.42578270450284,0.0647643281404159,0,normal,0,0.12325386197307131
2026-10-06 13:06:31,66.0703728512711,0.0886221138258658,0,normal,0,0.09772140035748167
2026-10-06 13:06:32,69.00511215655139,0.0662024847626598,0,normal,0,0.13559586107397986
2026-10-06 13:06:33,66.4923616955945,0.1041722820529874,0,normal,0,0.0783054340444333
2026-10-06 13:06:34,64.45773141259168,0.0831690608619574,0,normal,0,0.05873011175824888
2026-10-06 13:06:35,69.14865133254234,0.0886883240788794,0,normal,0,0.12250328672403843
2026-10-06 13:06:36,70.14045652880557,0.0710680903023542,0,normal,0,0.13154808864743178
2026-10-06 13:06:37,67.57463702127488,0.0765878018429134,0,normal,0,0.12066255680164628
2026-10-06 13:06:38,73.61135266470484,0.0305197338947959,0,normal,0,0.05633123839991433
2026-10-06 13:06:39,68.36215600094414,0.1092127256747115,0,normal,0,0.08965070496814936
2026-10-06 13:06:40,69.78446139735433,0.0440889150201523,1,silent_drift,0,0.11301392997983561
2026-10-06 13:06:41,69.02045666924734,0.0479005543802032,1,silent_drift,0,0.11711925822057823
2026-10-06 13:06:42,69.95833053070238,0.0462643435301341,1,silent_drift,0,0.11517122182599115
2026-10-06 13:06:43,69.49686906290152,0.0752061976369135,1,silent_drift,0,0.1323052543228903
2026-10-06 13:06:44,69.05334343198138,0.0669938593931092,1,silent_drift,0,0.13484207827433337
2026-10-06 13:06:45,69.70732935307437,0.0558465184751238,1,silent_drift,0,0.13194450267629054
2026-10-06 13:06:46,69.90179411685675,0.0296793097728463,1,silent_drift,0,0.05953765054978971
2026-10-06 13:06:47,70.38881415559229,0.0462090761652565,1,silent_drift,0,0.11576242996647945
2026-10-06 13:06:48,69.97578648387952,0.0369478421569981,1,silent_drift,0,0.09351385637353343
2026-10-06 13:06:49,69.23094772249642,0.0559904005616531,1,silent_drift,0,0.13096096025668819
2026-10-06 13:06:50,69.53462842217178,0.0506561815921706,1,silent_drift,0,0.12548556337499966
2026-10-06 13:06:51,69.8889332816666,0.0458486613104808,1,silent_drift,0,0.11722979854316418
2026-10-06 13:06:52,69.91759972272529,0.0560421901886949,1,silent_drift,0,0.13027870314610412
2026-10-06 13:06:53,69.4476563859291,0.054930404853766,1,silent_drift,0,0.13035714107469493
2026-10-06 13:06:54,69.52950927435646,0.0557251557772698,1,silent_drift,0,0.13228789524227025
2026-10-06 13:06:55,70.44957499605181,0.0570435761734727,1,silent_drift,0,0.12983513385093404
2026-10-06 13:06:56,70.03152493316574,0.0620588071723588,1,silent_drift,0,0.13182048011805964
2026-10-06 13:06:57,70.13783877428644,0.0329727885009361,1,silent_drift,0,0.07484602795494094
2026-10-06 13:06:58,70.28634853363134,0.0475428256055233,1,silent_drift,0,0.11908745594069603
2026-10-06 13:06:59,70.1165642747388,0.0504799221041937,1,silent_drift,0,0.12319817067018113
2026-10-06 13:07:00,70.76394607180856,0.063870225068308,1,silent_drift,0,0.13248667072057374
2026-10-06 13:07:01,70.3052860850024,0.0356128721482316,1,silent_drift,0,0.08511956253674252
2026-10-06 13:07:02,70.40221900101152,0.0390257576547652,1,silent_drift,0,0.09670314304746014
2026-10-06 13:07:03,70.09572126482843,0.0372253154265196,1,silent_drift,0,0.0951221182602015
2026-10-06 13:07:04,70.52827154635281,0.0513426992867395,1,silent_drift,0,0.12353773168902216
2026-10-06 13:07:05,70.79109975499189,0.0602147593838049,1,silent_drift,0,0.1310525894635019
2026-10-06 13:07:06,70.84322898720697,0.0421816081411546,1,silent_drift,0,0.10764985461842247
2026-10-06 13:07:07,70.55719745497774,0.0412507135081937,1,silent_drift,0,0.10384444315612185
2026-10-06 13:07:08,70.54099452953912,0.048133171629769,1,silent_drift,0,0.12040357661545997
2026-10-06 13:07:09,70.55675935095077,0.0397420666728047,1,silent_drift,0,0.09795159312712332
2026-10-06 13:07:10,71.39537540344385,0.0248393399839623,1,silent_drift,0,0.031332398136999784
2026-10-06 13:07:11,71.4451880853709,0.0510975775214134,1,silent_drift,0,0.12418732986546627
2026-10-06 13:07:12,70.39318380528803,0.0531127714633383,1,silent_drift,0,0.12649782586540875
2026-10-06 13:07:13,71.5362411787903,0.0471204207710408,1,silent_drift,0,0.11885906789580758
2026-10-06 13:07:14,70.37283331206022,0.0446613564159101,1,silent_drift,0,0.11466598180560283
2026-10-06 13:07:15,71.29072342605977,0.0401321134508653,1,silent_drift,0,0.10203184606382165
2026-10-06 13:07:16,71.24743306765646,0.0753941058859139,1,silent_drift,0,0.12559179514178803
2026-10-06 13:07:17,71.15436627621612,0.0458060562153547,1,silent_drift,0,0.11934540591194787
2026-10-06 13:07:18,71.69595033073915,0.04408332038772,1,silent_drift,0,0.11244176208278561
2026-10-06 13:07:19,71.69249631968309,0.0447334499271826,1,silent_drift,0,0.11571041876923926
2026-10-06 13:07:20,72.2774868984601,0.0352455936066368,1,silent_drift,0,0.08256101846963154
2026-10-06 13:07:21,71.51054103515801,0.0652455198338842,1,silent_drift,0,0.1271777969127994
2026-10-06 13:07:22,71.15952049833577,0.0423155695644093,1,silent_drift,0,0.10736086266971889
2026-10-06 13:07:23,70.91813268697416,0.0425800532548359,1,silent_drift,0,0.1077778952248189
2026-10-06 13:07:24,71.84624881560303,0.0548745902557259,1,silent_drift,0,0.1274483124961795
2026-10-06 13:07:25,71.07744585443804,0.0429661901035812,1,silent_drift,0,0.10972470734683049
2026-10-06 13:07:26,71.60740128600133,0.0688767672598198,1,silent_drift,0,0.12605245882034322
2026-10-06 13:07:27,71.98584885190068,0.0576741443008535,1,silent_drift,0,0.13008383494753967
2026-10-06 13:07:28,71.37364685902044,0.0696172316140624,1,silent_drift,0,0.1266848883399037
2026-10-06 13:07:29,71.62856723754282,0.0406566554543317,1,silent_drift,0,0.10325896779005078
2026-10-06 13:07:30,71.97112019341716,0.0485789593178085,1,silent_drift,0,0.1204985820827495
2026-10-06 13:07:31,70.7872660570234,0.0562770437314672,1,silent_drift,0,0.1298573796980106
2026-10-06 13:07:32,71.25868645387195,0.0455283422904832,1,silent_drift,0,0.11776924305329811
2026-10-06 13:07:33,72.72289624413898,0.0480808114759904,1,silent_drift,0,0.11933907492197915
2026-10-06 13:07:34,72.32481999713028,0.0552746231961762,1,silent_drift,0,0.12566997977213967
2026-10-06 13:07:35,72.1373992199357,0.0681079286272643,1,silent_drift,0,0.12429733312867419
2026-10-06 13:07:36,72.8500063872641,0.0555768455252356,1,silent_drift,0,0.12559010972160917
2026-10-06 13:07:37,72.10516182120963,0.0588858290678229,1,silent_drift,0,0.1267033916215416
2026-10-06 13:07:38,72.76326122017664,0.0546637897930492,1,silent_drift,0,0.12598572549858894
2026-10-06 13:07:39,72.24770810339885,0.0651641163698122,1,silent_drift,0,0.12319330989329413
2026-10-06 13:07:40,72.441162870239,0.0616552269844824,1,silent_drift,0,0.12614900495717463
2026-10-06 13:07:41,72.60119664890667,0.0509465991606949,1,silent_drift,0,0.11927718709839286
2026-10-06 13:07:42,72.68931247118205,0.041636818322016,1,silent_drift,0,0.10383494922145087
2026-10-06 13:07:43,73.10927347957895,0.0348361701757821,1,silent_drift,0,0.07590710143860285
2026-10-06 13:07:44,73.01246996564564,0.0561286535900619,1,silent_drift,0,0.1264314987334319
2026-10-06 13:07:45,72.87596061953948,0.0518688727544044,1,silent_drift,0,0.12185481134362874
2026-10-06 13:07:46,72.64452365614848,0.0390381845932393,1,silent_drift,0,0.09410824150596836
2026-10-06 13:07:47,72.72036192310692,0.0515528750847244,1,silent_drift,0,0.12279872784103668
2026-10-06 13:07:48,72.2871244490763,0.0563245785998657,1,silent_drift,0,0.1283299157188743
2026-10-06 13:07:49,72.87580604098456,0.0590413389587985,1,silent_drift,0,0.12560040659336652
2026-10-06 13:07:50,72.92459552382597,0.0663451244580118,1,silent_drift,0,0.12122625307799428
2026-10-06 13:07:51,72.68907458934255,0.0426876552515082,1,silent_drift,0,0.10558797337720283
2026-10-06 13:07:52,72.57377557815309,0.0325488251323629,1,silent_drift,0,0.06853689280750114
2026-10-06 13:07:53,72.84750720936069,0.0535857436836802,1,silent_drift,0,0.12436046748408791
2026-10-06 13:07:54,72.90819066450138,0.048833340374698,1,silent_drift,0,0.12038592653885466
2026-10-06 13:07:55,72.46482424965468,0.0364047599447244,1,silent_drift,0,0.08670105811151496
2026-10-06 13:07:56,73.87075762527539,0.034892709724811,1,silent_drift,0,0.07323655899465031
2026-10-06 13:07:57,72.94424210145374,0.066713914406103,1,silent_drift,0,0.12181801143613485
2026-10-06 13:07:58,72.89265746628338,0.0461568234096515,1,silent_drift,0,0.11630506259958506
2026-10-06 13:07:59,73.98872571939293,0.0542746960927341,1,silent_drift,0,0.11594130897810978
2026-10-06 13:08:00,73.7674205646371,0.0607211106945724,1,silent_drift,0,0.11985541457218574
2026-10-06 13:08:01,73.88112967554541,0.0529656444228443,1,silent_drift,0,0.11769840290275002
2026-10-06 13:08:02,72.99757445388437,0.0667576109805221,1,silent_drift,0,0.12181801143613485
2026-10-06 13:08:03,73.36551201278871,0.0474970554019707,1,silent_drift,0,0.11365234055269996
2026-10-06 13:08:04,73.21324395642593,0.0513262151932563,1,silent_drift,0,0.11840989066903729
2026-10-06 13:08:05,74.01666027815692,0.0506436298118186,1,silent_drift,0,0.113892550932083
2026-10-06 13:08:06,73.14332561809734,0.0557026311043179,1,silent_drift,0,0.12311787238606492
2026-10-06 13:08:07,73.88005327624386,0.0578519537346685,1,silent_drift,0,0.1203752596096474
2026-10-06 13:08:08,73.31211138851262,0.0582178366837805,1,silent_drift,0,0.12193840075638285
2026-10-06 13:08:09,74.25773372860107,0.0441153558155368,1,silent_drift,0,0.10436058304119955
2026-10-06 13:08:10,74.52760737653661,0.0595851297791467,1,silent_drift,0,0.11549187916746789
2026-10-06 13:08:11,74.27434324564388,0.0363960588439587,1,silent_drift,0,0.08063204679995789
2026-10-06 13:08:12,73.80229618914154,0.0453294578743457,1,silent_drift,0,0.10810568738515819
2026-10-06 13:08:13,74.6743827762561,0.0469447062363696,1,silent_drift,0,0.10598723593639614
2026-10-06 13:08:14,73.35472893767103,0.0417815408766846,1,silent_drift,0,0.10112863470120065
2026-10-06 13:08:15,74.3289416276501,0.0472545107343737,1,silent_drift,0,0.10902179696867031
2026-10-06 13:08:16,73.74601805107639,0.0504247433315678,1,silent_drift,0,0.11450111825938242
2026-10-06 13:08:17,74.29993815809387,0.0367245398412971,1,silent_drift,0,0.07944274913700167
2026-10-06 13:08:18,74.16222517254134,0.0648593436881606,1,silent_drift,0,0.11326684940325221
2026-10-06 13:08:19,74.30108284998997,0.0370419865676804,1,silent_drift,0,0.08153042598985705
2026-10-06 13:08:20,74.0976561486929,0.0614176384325474,1,silent_drift,0,0.1178897305083384
2026-10-06 13:08:21,74.22195998836358,0.0598149539805532,1,silent_drift,0,0.11672263611687722
2026-10-06 13:08:22,74.50571810957922,0.0560766794536515,1,silent_drift,0,0.11447348486588477
2026-10-06 13:08:23,75.0362769480717,0.05466312203673,1,silent_drift,0,0.10899290083174173
2026-10-06 13:08:24,74.80256050937165,0.0643788354641558,1,silent_drift,0,0.10644835717849149
2026-10-06 13:08:25,74.80796044204375,0.045778362215788,1,silent_drift,0,0.10517943814951619
2026-10-06 13:08:26,75.01424797924936,0.0370634592097383,1,silent_drift,0,0.07440058777478559
2026-10-06 13:08:27,75.1171953625576,0.0411899028586017,1,silent_drift,0,0.08541326933552917
2026-10-06 13:08:28,74.47032260253705,0.0491229740032361,1,silent_drift,0,0.1121823752803281
2026-10-06 13:08:29,75.21411359281501,0.0663172137488317,1,silent_drift,0,0.09923368574803398
2026-10-06 13:08:30,75.21704201606642,0.0605069750249809,1,silent_drift,0,0.10643368865643588
2026-10-06 13:08:31,74.15985380994579,0.0539899427334574,1,silent_drift,0,0.11496788760222826
2026-10-06 13:08:32,74.98169052184821,0.0568027682250635,1,silent_drift,0,0.109562022209025
2026-10-06 13:08:33,74.74838794576111,0.0607971598093692,1,silent_drift,0,0.11226608477392236
2026-10-06 13:08:34,75.13701575135113,0.0427218096638128,1,silent_drift,0,0.09277639649542613
2026-10-06 13:08:35,76.11946010112278,0.0550792668096914,1,silent_drift,0,0.10306289942082764
2026-10-06 13:08:36,75.40480834066199,0.0486468094483951,1,silent_drift,0,0.10488885537052067
2026-10-06 13:08:37,74.91883986291276,0.041895103174145,1,silent_drift,0,0.09288814268825019
2026-10-06 13:08:38,75.65449727536121,0.0572381187313146,1,silent_drift,0,0.1049469809510849
2026-10-06 13:08:39,75.80152066572009,0.0554605679268505,1,silent_drift,0,0.10398179292460397
2026-10-06 13:08:40,75.75454557307319,0.0558682059279467,1,silent_drift,0,0.10208057075566013
2026-10-06 13:08:41,75.70524939182619,0.0453331911975588,1,silent_drift,0,0.09510526489212556
2026-10-06 13:08:42,76.50874612000786,0.0498789879483973,1,silent_drift,0,0.10030434492327306
2026-10-06 13:08:43,75.53310123622909,0.0375211168482612,1,silent_drift,0,0.07041299443220461
2026-10-06 13:08:44,76.14872777124518,0.0503272581996053,1,silent_drift,0,0.10195915572012132
2026-10-06 13:08:45,75.13585684196605,0.0596214669153948,1,silent_drift,0,0.10816444304464329
2026-10-06 13:08:46,76.00826921371142,0.0551399901888124,1,silent_drift,0,0.1040063830196678
2026-10-06 13:08:47,75.05889151995707,0.0432005364863806,1,silent_drift,0,0.09581276712975961
2026-10-06 13:08:48,75.73054132089132,0.0552162137984993,1,silent_drift,0,0.10267333660937744
2026-10-06 13:08:49,74.97085802146874,0.0580881923295202,1,silent_drift,0,0.11152334356536286
2026-10-06 13:08:50,76.1429690519528,0.0545116453838515,1,silent_drift,0,0.1033027938413959
2026-10-06 13:08:51,76.32962330851387,0.0514439512468605,1,silent_drift,0,0.10169557955291897
2026-10-06 13:08:52,76.32237319561877,0.0620774943553157,1,silent_drift,0,0.09608530827016892
2026-10-06 13:08:53,76.20912517562408,0.039384605477961,1,silent_drift,0,0.07229544927057552
2026-10-06 13:08:54,75.85205925029719,0.0488513660664648,1,silent_drift,0,0.10402669931837949
2026-10-06 13:08:55,75.85468871473509,0.0684638153744387,1,silent_drift,0,0.09093901660324377
2026-10-06 13:08:56,75.84673841144077,0.0518373322506443,1,silent_drift,0,0.1031174040111783
2026-10-06 13:08:57,75.93839586419035,0.0557400610453636,1,silent_drift,0,0.10436390031785542
2026-10-06 13:08:58,75.76746076774268,0.0320457939681307,1,silent_drift,0,0.04502934929623037
2026-10-06 13:08:59,76.39171187489649,0.0499915847846097,1,silent_drift,0,0.10087649688012013
2026-10-06 13:09:00,76.46803907603025,0.0645672047038205,1,silent_drift,0,0.0937290562605802
2026-10-06 13:09:01,76.07241726992373,0.0337945100876467,1,silent_drift,0,0.05380433050492739
2026-10-06 13:09:02,76.72837838825183,0.0344628875734454,1,silent_drift,0,0.05473646766360157
2026-10-06 13:09:03,76.18321813200791,0.0553101671471444,1,silent_drift,0,0.10343292221038058
2026-10-06 13:09:04,76.71987146219638,0.0405111883824186,1,silent_drift,0,0.0783214243494812
2026-10-06 13:09:05,76.85036565029817,0.0544626860180378,1,silent_drift,0,0.10060305397054298
2026-10-06 13:09:06,76.90931121769047,0.0498452282768694,1,silent_drift,0,0.09835594225338112
2026-10-06 13:09:07,76.94453299981143,0.0476164040269323,1,silent_drift,0,0.09867796245777494
2026-10-06 13:09:08,77.03988590244413,0.0349896618652659,1,silent_drift,0,0.05487282380678982
2026-10-06 13:09:09,76.94793833692465,0.0569615011305597,1,silent_drift,0,0.09931046399336396
2026-10-06 13:09:10,77.3217277775911,0.046031356422266,1,silent_drift,0,0.0944413415708838
2026-10-06 13:09:11,77.63652194706508,0.0438655589496079,1,silent_drift,0,0.08467565110162234
2026-10-06 13:09:12,77.5733287785398,0.0560832543770441,1,silent_drift,0,0.09682629706409923
2026-10-06 13:09:13,77.53457252745936,0.0632675496679033,1,silent_drift,0,0.08778341191692002
2026-10-06 13:09:14,77.2409220861628,0.0665768752809906,1,silent_drift,0,0.08539528111856981
2026-10-06 13:09:15,77.26061670622653,0.0487324543412479,1,silent_drift,0,0.09821071168790202
2026-10-06 13:09:16,76.737516660028,0.0522249836965932,1,silent_drift,0,0.10110671247897007
2026-10-06 13:09:17,78.0205809409952,0.0337432310708549,1,silent_drift,0,0.04677434378523315
2026-10-06 13:09:18,77.65338764184197,0.0325117726617563,1,silent_drift,0,0.04343597719438902
2026-10-06 13:09:19,77.33972797978889,0.0370486895685586,1,silent_drift,0,0.06376295750183153
2026-10-06 13:09:20,77.17687393128705,0.0615496840794067,1,silent_drift,0,0.09521655069046114
2026-10-06 13:09:21,77.80237394037772,0.051282334154133,1,silent_drift,0,0.09244922437758618
2026-10-06 13:09:22,76.93204857519399,0.0507708282417956,1,silent_drift,0,0.09917980933096876
2026-10-06 13:09:23,77.48484608497957,0.0404290457110224,1,silent_drift,0,0.07547715980316017
2026-10-06 13:09:24,77.92610487691499,0.0456648990199128,1,silent_drift,0,0.08953167899640008
2026-10-06 13:09:25,77.76366916936446,0.0512394841394706,1,silent_drift,0,0.09298063577081117
2026-10-06 13:09:26,77.44491676044233,0.0603777575544291,1,silent_drift,0,0.09172630787416253
2026-10-06 13:09:27,77.71800189616108,0.0548639696588838,1,silent_drift,0,0.09450190645610429
2026-10-06 13:09:28,77.35907957002621,0.0587288081191222,1,silent_drift,0,0.09543244751937108
2026-10-06 13:09:29,78.83457040232037,0.0531338543552142,1,silent_drift,0,0.09211034569952292
2026-10-06 13:09:30,77.03235657637504,0.0582264823107751,1,silent_drift,0,0.09851604763290744
2026-10-06 13:09:31,77.54671704264479,0.0519376968743721,1,silent_drift,0,0.09429815413979198
2026-10-06 13:09:32,77.23231326106688,0.0484927188948136,1,silent_drift,0,0.09905832849483787
2026-10-06 13:09:33,77.70114016353769,0.0505407139284564,1,silent_drift,0,0.09325556157589182
2026-10-06 13:09:34,78.17612801215071,0.0631199613550065,1,silent_drift,0,0.08281666263614085
2026-10-06 13:09:35,78.53542388614542,0.0675331209962124,1,silent_drift,0,0.07751220322283309
2026-10-06 13:09:36,78.30522459374815,0.0475283852387527,1,silent_drift,0,0.0918795242142329
2026-10-06 13:09:37,78.67465030551365,0.0645849376167773,1,silent_drift,0,0.08458704746575885
2026-10-06 13:09:38,78.0436807610476,0.052186435316669,1,silent_drift,0,0.0912229025128895
2026-10-06 13:09:39,78.31819080318172,0.0408366768143933,1,silent_drift,0,0.0729035552932592
2026-10-06 13:09:40,78.29569950553496,0.0434564189397248,1,silent_drift,0,0.08197202946931198
2026-10-06 13:09:41,78.34528954242784,0.0565305615372314,1,silent_drift,0,0.09482961485743069
2026-10-06 13:09:42,78.3086159678902,0.0380304228354129,1,silent_drift,0,0.061032454596832264
2026-10-06 13:09:43,78.67681787935061,0.0504345802014728,1,silent_drift,0,0.09410719598115092
2026-10-06 13:09:44,78.39571392669406,0.0451928305145502,1,silent_drift,0,0.08708360154552924
2026-10-06 13:09:45,78.90448726903992,0.0273257399539838,1,silent_drift,0,0.012204808075481022
2026-10-06 13:09:46,77.88006079584797,0.0456792169914616,1,silent_drift,0,0.0904772230228747
2026-10-06 13:09:47,78.90919933906781,0.0583516500632887,1,silent_drift,0,0.09070394151406547
2026-10-06 13:09:48,79.25108424058975,0.0432734642476939,1,silent_drift,0,0.07916926891033915
2026-10-06 13:09:49,79.0172392811305,0.0524686583307074,1,silent_drift,0,0.09255391725567108
2026-10-06 13:09:50,78.03004408774892,0.0446323417684812,1,silent_drift,0,0.08684839546712664
2026-10-06 13:09:51,79.3892522585516,0.04103625264214,1,silent_drift,0,0.07204444646712982
2026-10-06 13:09:52,79.47559176034724,0.0515636383868499,1,silent_drift,0,0.08742919317126002
2026-10-06 13:09:53,79.03927312244548,0.0646023468031489,1,silent_drift,0,0.0817306461105674
2026-10-06 13:09:54,79.30991420823976,0.0575327703969944,1,silent_drift,0,0.09062621219048173
2026-10-06 13:09:55,79.56441575861258,0.0616438277967992,1,silent_drift,0,0.0779860193698112
2026-10-06 13:09:56,78.88258026735916,0.0300620617406849,1,silent_drift,0,0.027423210771091333
2026-10-06 13:09:57,79.23742280289804,0.0401714847516538,1,silent_drift,0,0.06892980378280872
2026-10-06 13:09:58,79.66663195519348,0.0474313153990118,1,silent_drift,0,0.08543038940580844
2026-10-06 13:09:59,78.89249452065059,0.0450790103702286,1,silent_drift,0,0.08967704819512651
2026-10-06 13:10:00,79.17807565334759,0.0507538533298207,1,silent_drift,0,0.09110012021329739
2026-10-06 13:10:01,79.15320074535006,0.0609433506432125,1,silent_drift,0,0.08558114908399894
2026-10-06 13:10:02,80.18946146749556,0.0601625336224801,1,silent_drift,0,0.07761783197106348
2026-10-06 13:10:03,79.84671516753863,0.0521319813355124,1,silent_drift,0,0.08206293740196019
2026-10-06 13:10:04,79.12798191508261,0.0278108081583991,1,silent_drift,0,0.010147083579373106
2026-10-06 13:10:05,79.24821227015148,0.0686950379586865,1,silent_drift,0,0.06969186896800822
2026-10-06 13:10:06,79.62227340038024,0.0536317933320885,1,silent_drift,0,0.08377107547297374
2026-10-06 13:10:07,80.02415566627168,0.0413801147157682,1,silent_drift,0,0.06800937769129262
2026-10-06 13:10:08,80.32019963545667,0.0469196547341481,1,silent_drift,0,0.08259713779235267
2026-10-06 13:10:09,79.21428030806148,0.0424168129250954,1,silent_drift,0,0.07702513241296999
2026-10-06 13:10:10,79.28053448859694,0.0496603551034318,1,silent_drift,0,0.09057170195190067
2026-10-06 13:10:11,80.24269180475261,0.0413095625259885,1,silent_drift,0,0.06572266731166881
2026-10-06 13:10:12,79.97163612870673,0.0441642239982139,1,silent_drift,0,0.07782704543113711
2026-10-06 13:10:13,80.37865911506752,0.0566322638608494,1,silent_drift,0,0.08143651950396968
2026-10-06 13:10:14,80.11617475161975,0.0454490306806812,1,silent_drift,0,0.07982414531968446
2026-10-06 13:10:15,79.90184961777943,0.0557559940295139,1,silent_drift,0,0.08349439336923503
2026-10-06 13:10:16,81.24292809121721,0.0548410900133047,1,silent_drift,0,0.07566053754642599
2026-10-06 13:10:17,80.08629244845582,0.0420762534197039,1,silent_drift,0,0.07316422983432358
2026-10-06 13:10:18,80.00149088005377,0.0493150261818789,1,silent_drift,0,0.08402087766481314
2026-10-06 13:10:19,79.97325185597937,0.0575156283409571,1,silent_drift,0,0.08407416534817558
2026-10-06 13:10:20,80.72323251525965,0.0588924281950254,1,silent_drift,0,0.07497847250172018
2026-10-06 13:10:21,80.76101935084475,0.0587756509209893,1,silent_drift,0,0.07565213139334237
2026-10-06 13:10:22,81.0336640287166,0.052179526254912,1,silent_drift,0,0.07789179431097526
2026-10-06 13:10:23,80.8050087639247,0.0449139455185907,1,silent_drift,0,0.07676826547663834
2026-10-06 13:10:24,80.25686914462923,0.0524676298458018,1,silent_drift,0,0.0791823494488953
2026-10-06 13:10:25,80.65508547731264,0.0699098140402483,1,silent_drift,0,0.056350575406898196
2026-10-06 13:10:26,80.74532236366855,0.046415235144042,1,silent_drift,0,0.07962213144946656
2026-10-06 13:10:27,80.90331591421277,0.0596116107652888,1,silent_drift,0,0.07403363324415341
2026-10-06 13:10:28,81.52866968581999,0.0417354857489846,1,silent_drift,0,0.062103738257594354
2026-10-06 13:10:29,80.86329098585286,0.0389789608064957,1,silent_drift,0,0.05616255308066076
2026-10-06 13:10:30,81.16528280415082,0.0592439435960796,1,silent_drift,0,0.07320067951411158
2026-10-06 13:10:31,81.21950355423657,0.0570864789985292,1,silent_drift,0,0.07638677060328497
2026-10-06 13:10:32,80.59748887821007,0.0460525265264979,1,silent_drift,0,0.08119177306087372
2026-10-06 13:10:33,80.85530410509313,0.0538183534047254,1,silent_drift,0,0.07930263139011917
2026-10-06 13:10:34,81.70095177489168,0.0476880164721869,1,silent_drift,0,0.073117068587092
2026-10-06 13:10:35,81.06474731687763,0.0470753818542134,1,silent_drift,0,0.08093497180303716
2026-10-06 13:10:36,80.97241975446437,0.0337378970897453,1,silent_drift,0,0.03259150755180862
2026-10-06 13:10:37,81.11669392659292,0.0479257665241817,1,silent_drift,0,0.07988548421009722
2026-10-06 13:10:38,81.24547087114794,0.0731859941458811,1,silent_drift,0,0.05052509255409654
2026-10-06 13:10:39,81.66567966735853,0.0614690766600819,1,silent_drift,0,0.06605581954558237
2026-10-06 13:10:40,81.16082352860369,0.0481007317321068,1,silent_drift,0,0.07815562750507965
2026-10-06 13:10:41,81.17811364230762,0.0486567869321055,1,silent_drift,0,0.07766159973524844
2026-10-06 13:10:42,81.37737214085836,0.052441372675984,1,silent_drift,0,0.07389341114853376
2026-10-06 13:10:43,81.5239892982792,0.0492850353820725,1,silent_drift,0,0.07447076298365979
2026-10-06 13:10:44,82.29681540409504,0.0506255871139135,1,silent_drift,0,0.06780241965706069
2026-10-06 13:10:45,81.94329072195256,0.0500535135701617,1,silent_drift,0,0.07234439879788729
2026-10-06 13:10:46,81.64596994372408,0.0631628275416988,1,silent_drift,0,0.06235093963863897
2026-10-06 13:10:47,82.14387267320971,0.0639413855569631,1,silent_drift,0,0.0593549831316767
2026-10-06 13:10:48,81.97360793636061,0.0362934500255383,1,silent_drift,0,0.03847150377966413
2026-10-06 13:10:49,81.79489730714664,0.0453679842350313,1,silent_drift,0,0.06760057301496675
2026-10-06 13:10:50,82.21681946363023,0.0410184739852532,1,silent_drift,0,0.05480280875292287
2026-10-06 13:10:51,81.52320164244504,0.0524692290741516,1,silent_drift,0,0.07144909353687517
2026-10-06 13:10:52,81.71347871780107,0.0430263580815284,1,silent_drift,0,0.06237133177870913
2026-10-06 13:10:53,82.907552949139,0.0544282554283759,1,silent_drift,0,0.06565418914970766
2026-10-06 13:10:54,82.88499679135583,0.0467255109005393,1,silent_drift,0,0.06611203358846302
2026-10-06 13:10:55,81.70187419533984,0.0653862748114917,1,silent_drift,0,0.057419415865768986
2026-10-06 13:10:56,82.0434115435053,0.0428082455771605,1,silent_drift,0,0.06288704079160179
2026-10-06 13:10:57,82.37621993361782,0.0484613372580575,1,silent_drift,0,0.06659892181733701
2026-10-06 13:10:58,82.4153092068731,0.0610479819090793,1,silent_drift,0,0.0608630152292336
2026-10-06 13:10:59,82.46013301204557,0.045026140087626,1,silent_drift,0,0.06479850251761243
2026-10-06 13:11:00,82.3314972927321,0.0462814214885038,1,silent_drift,0,0.06927576311042388
2026-10-06 13:11:01,82.51524855551781,0.0419415459347366,1,silent_drift,0,0.05745934139610526
2026-10-06 13:11:02,82.31768097847024,0.0492858216360493,1,silent_drift,0,0.07083870897104999
2026-10-06 13:11:03,82.22256746159537,0.0605345412361188,1,silent_drift,0,0.06358897120518486
2026-10-06 13:11:04,82.45595468404343,0.0612044081668889,1,silent_drift,0,0.06072133840607008
2026-10-06 13:11:05,82.48481528683776,0.0601033322444147,1,silent_drift,0,0.061792021372932715
2026-10-06 13:11:06,82.935987347085,0.0503965128350098,1,silent_drift,0,0.06351983669060729
2026-10-06 13:11:07,82.68066127180765,0.0405165890380976,1,silent_drift,0,0.04849287610818487
2026-10-06 13:11:08,83.23826281119194,0.0374003211174612,1,silent_drift,0,0.030601868064637494
2026-10-06 13:11:09,83.78765992718841,0.0478019019854355,1,silent_drift,0,0.05629098157124973
2026-10-06 13:11:10,83.86171822903349,0.0541227723683336,1,silent_drift,0,0.053428522042398896
2026-10-06 13:11:11,82.13198639405235,0.0456793693632824,1,silent_drift,0,0.06766317907136121
2026-10-06 13:11:12,82.75517696704654,0.060432066827304,1,silent_drift,0,0.05674681962823458
2026-10-06 13:11:13,83.1083562568729,0.0435994604392544,1,silent_drift,0,0.05802188503009564
2026-10-06 13:11:14,83.75261075450368,0.0549388238617282,1,silent_drift,0,0.052513826102998484
2026-10-06 13:11:15,83.27040993736682,0.0490026017345243,1,silent_drift,0,0.06287148360494954
2026-10-06 13:11:16,82.85202043610744,0.0437503681183133,1,silent_drift,0,0.059473571889398
2026-10-06 13:11:17,83.55946439858941,0.0313322470329545,1,silent_drift,1,-0.0009465447781854541
2026-10-06 13:11:18,83.20823579467775,0.0370501582560274,1,silent_drift,0,0.03070416221633243
2026-10-06 13:11:19,83.17216714675703,0.0473000055915504,1,silent_drift,0,0.06473072394473339
2026-10-06 13:11:20,83.49130340191934,0.0412300215380026,1,silent_drift,0,0.04459545276672777
2026-10-06 13:11:21,83.50649551034094,0.0454478608288195,1,silent_drift,0,0.057748101996985324
2026-10-06 13:11:22,82.70733123953671,0.0423058418372491,1,silent_drift,0,0.056024569359743204
2026-10-06 13:11:23,83.57061871080212,0.048699012683233,1,silent_drift,0,0.05779365005217035
2026-10-06 13:11:24,83.67937784907795,0.0436910821585724,1,silent_drift,0,0.04963170493027447
2026-10-06 13:11:25,83.86444195177398,0.0395193457526018,1,silent_drift,0,0.029663721679848376
2026-10-06 13:11:26,83.48261028894032,0.0516784617704521,1,silent_drift,0,0.057042944322965417
2026-10-06 13:11:27,84.13613205689781,0.0287704589004454,1,silent_drift,1,-0.019930096515970774
2026-10-06 13:11:28,83.96231904019821,0.0525225003612024,1,silent_drift,0,0.05044293563694746
2026-10-06 13:11:29,83.84167348111298,0.0456032532724208,1,silent_drift,0,0.05384123179497369
2026-10-06 13:11:30,84.19396659507368,0.0467282724827345,1,silent_drift,0,0.05104065412791181
2026-10-06 13:11:31,84.04436313091003,0.0511807647946369,1,silent_drift,0,0.04852130552343403
2026-10-06 13:11:32,83.89021554152421,0.0512278391792989,1,silent_drift,0,0.05125464680615349
2026-10-06 13:11:33,83.71729390973576,0.0514928916085252,1,silent_drift,0,0.054076432427064225
2026-10-06 13:11:34,84.09185737780857,0.0535419203006361,1,silent_drift,0,0.048952648881632255
2026-10-06 13:11:35,84.27461125806315,0.0515469736130213,1,silent_drift,0,0.04795490840288019
2026-10-06 13:11:36,84.58056109094544,0.0447180791898177,1,silent_drift,0,0.040799897333333834
2026-10-06 13:11:37,84.3967364098571,0.0338955637379496,1,silent_drift,0,0.0032071502961195653
2026-10-06 13:11:38,83.91727280075136,0.0289342680878837,1,silent_drift,1,-0.01896296781378426
2026-10-06 13:11:39,84.07608347332965,0.0531240323390467,1,silent_drift,0,0.04863719625915225
2026-10-06 13:11:40,68.92752759760839,0.0623826799719229,0,normal,0,0.13470927956656148
2026-10-06 13:11:41,68.98931674366413,0.0695392258832382,0,normal,0,0.13415871694444143
2026-10-06 13:11:42,68.45180188990065,0.1037183197289846,0,normal,0,0.09704635653559313
2026-10-06 13:11:43,66.10805692792265,0.066563894739378,0,normal,0,0.10956408858691596
2026-10-06 13:11:44,64.59424777603927,0.0418140015561374,0,normal,0,0.030489061846076082
2026-10-06 13:11:45,67.94391435166571,0.1121581569114192,0,normal,0,0.07877522836641115
2026-10-06 13:11:46,67.34517756876288,0.0536918237890653,0,normal,0,0.11486347815628412
2026-10-06 13:11:47,69.68394649537902,0.0605719249936988,0,normal,0,0.1344141631961721
2026-10-06 13:11:48,69.21270134767923,0.0435801078171284,0,normal,0,0.10844462571748437
2026-10-06 13:11:49,68.91323523178437,0.1145773562325396,0,normal,0,0.07620141112402506
2026-10-06 13:11:50,69.67877178523105,0.070702910771873,0,normal,0,0.13384754593160098
2026-10-06 13:11:51,69.823254749055,0.1084514027360016,0,normal,0,0.09008666433248286
2026-10-06 13:11:52,69.47225459928978,0.0571790785992535,0,normal,0,0.13444375233637973
2026-10-06 13:11:53,67.56146519130562,0.0592946744636083,0,normal,0,0.12208310456856325
2026-10-06 13:11:54,68.13144030281086,0.1181893234708733,0,normal,0,0.06459870984565091
2026-10-06 13:11:55,68.75676662093599,0.0294943598153782,0,normal,0,0.05023200560910446
2026-10-06 13:11:56,67.02315180556141,0.1058014847792598,0,normal,0,0.08052467813614617
2026-10-06 13:11:57,67.64107591881134,0.0774449126264064,0,normal,0,0.12116607467989127
2026-10-06 13:11:58,67.93706328386254,0.0839798225052964,0,normal,0,0.12176221406682602
2026-10-06 13:11:59,65.03812301138343,0.0630970429412892,0,normal,0,0.08449908167069936
2026-10-06 13:12:00,67.87469663359133,0.1146706384398911,0,normal,0,0.07060745575054589
2026-10-06 13:12:01,67.26795176894629,0.091560282136677,0,normal,0,0.10600268290759668
2026-10-06 13:12:02,69.4018431832868,0.0408662897523009,0,normal,0,0.104018054603566
2026-10-06 13:12:03,68.20469718334965,0.0377181852169588,0,normal,0,0.0841761270658673
2026-10-06 13:12:04,68.86890554954351,0.0895075587662829,0,normal,0,0.12050312389766438
2026-10-06 13:12:05,67.56910840693126,0.063258457957922,0,normal,0,0.12386764916213316
2026-10-06 13:12:06,68.43305369152911,0.0725608614149408,0,normal,0,0.13342094008109628
2026-10-06 13:12:07,66.63283519227801,0.1160382820603612,0,normal,0,0.056197866822841724
2026-10-06 13:12:08,66.51245760269028,0.1298050112990399,0,normal,0,0.007094813903412933
2026-10-06 13:12:09,65.81596438699648,0.1064537634494025,0,normal,0,0.06193098403490699
2026-10-06 13:12:10,67.59768666652856,0.089885639403851,0,normal,0,0.1100913941769528
2026-10-06 13:12:11,67.31061205940307,0.0593705491020627,0,normal,0,0.11981312926912563
2026-10-06 13:12:12,69.4473939967971,0.064419287194137,0,normal,0,0.13571779684383145
2026-10-06 13:12:13,67.38387128157655,0.1112645919424105,0,normal,0,0.0759413988529622
2026-10-06 13:12:14,68.86084798612795,0.0546378890309284,0,normal,0,0.12953999513119502
2026-10-06 13:12:15,67.65484184790537,0.1059075370554882,0,normal,0,0.08821234310258813
2026-10-06 13:12:16,68.78306049548026,0.078362692963165,0,normal,0,0.13009336896279067
2026-10-06 13:12:17,68.02439968096218,0.0565130705666528,0,normal,0,0.12550309769956763
2026-10-06 13:12:18,69.91645659439531,0.0609600614829104,0,normal,0,0.13331226883784225
2026-10-06 13:12:19,68.11325436350616,0.0926402641842071,0,normal,0,0.11710602905236772
2026-10-06 13:12:20,65.47134864760487,0.0464505575012208,0,normal,0,0.07066228312908363
2026-10-06 13:12:21,65.60488953923578,0.0980408601636693,0,normal,0,0.07092317762455252
2026-10-06 13:12:22,67.15934593542345,0.0611680216902547,0,normal,0,0.11982235919147116
2026-10-06 13:12:23,66.49210773138041,0.0929688435951931,0,normal,0,0.09872390911982193
2026-10-06 13:12:24,66.78908760155096,0.0386430619447922,0,normal,0,0.06529187533235703
2026-10-06 13:12:25,70.66161327562533,0.0377710701072865,0,normal,0,0.097033797800201
2026-10-06 13:12:26,68.32232903279514,0.0930051111589772,0,normal,0,0.1167012364424389
2026-10-06 13:12:27,68.0186362180879,0.1321590182986875,0,normal,0,0.00646502199128679
2026-10-06 13:12:28,70.1309598270727,0.0687258069935182,0,normal,0,0.1319406818150871
2026-10-06 13:12:29,69.98819369041021,0.0486095387130982,0,normal,0,0.12125811460950464
2026-10-06 13:12:30,67.06646335482688,0.0734117945936235,0,normal,0,0.11666299290453441
2026-10-06 13:12:31,68.11686904856145,0.0751601218667644,0,normal,0,0.13114588442299513
2026-10-06 13:12:32,67.9523284118058,0.059648308637987,0,normal,0,0.1267539586651395
2026-10-06 13:12:33,67.61473378909794,0.0791348690525317,0,normal,0,0.12010198788349763
2026-10-06 13:12:34,66.65466789594295,0.071162656655533,0,normal,0,0.11637611051945285
2026-10-06 13:12:35,66.16917597604203,0.0919595639694141,0,normal,0,0.09395547436016033
2026-10-06 13:12:36,66.94140522012054,0.0935851835140402,0,normal,0,0.10032904860579273
2026-10-06 13:12:37,67.43760531427205,0.1104826864383095,0,normal,0,0.08229176349260015
2026-10-06 13:12:38,71.45949498056724,0.0857989566630891,0,normal,0,0.10943458011346752
2026-10-06 13:12:39,72.25047454579237,0.0749032273146364,0,normal,0,0.11954921549961744
2026-10-06 13:12:40,68.6316260145493,0.0454049281497873,0,normal,0,0.11062689976935913
2026-10-06 13:12:41,68.38311016644099,0.0954748102381561,0,normal,0,0.1129861463495857
2026-10-06 13:12:42,65.7766219398791,0.0441773647935174,0,normal,0,0.06961890691135769
2026-10-06 13:12:43,69.08408659016392,0.0805765756947062,0,normal,0,0.1273065875696796
2026-10-06 13:12:44,65.26418168904176,0.0881432432794219,0,normal,0,0.08268679309896182
2026-10-06 13:12:45,65.76183955369882,0.0903096995421571,0,normal,0,0.08566687226919678
2026-10-06 13:12:46,69.13797092800993,0.0955616956159921,0,normal,0,0.11333890470231589
2026-10-06 13:12:47,67.6895275603364,0.0694239837146295,0,normal,0,0.1276078764775797
2026-10-06 13:12:48,66.52320976641506,0.0314993672294841,0,normal,0,0.030793169550487387
2026-10-06 13:12:49,68.15849988016748,0.1046422044097813,0,normal,0,0.09464093426737913
2026-10-06 13:12:50,70.95183087601298,0.0965391438398493,0,normal,0,0.10211997467425099
2026-10-06 13:12:51,68.40971833470697,0.1037132240272519,0,normal,0,0.09640802091378153
2026-10-06 13:12:52,68.39130322472306,0.0998990658261949,0,normal,0,0.10386599339443237
2026-10-06 13:12:53,67.19115826318207,0.0391659192828115,0,normal,0,0.07175210821208511
2026-10-06 13:12:54,66.71336639100349,0.0667457128236215,0,normal,0,0.11632048199629219
2026-10-06 13:12:55,66.74483678389302,0.1134223881366707,0,normal,0,0.06564279349720509
2026-10-06 13:12:56,69.10903464766442,0.0924560415827352,0,normal,0,0.11764680268715078
2026-10-06 13:12:57,68.28602154495405,0.0952590515280319,0,normal,0,0.11318525716738403
2026-10-06 13:12:58,64.86533461196635,0.0749198824831622,0,normal,0,0.07631078806707214
2026-10-06 13:12:59,65.37873568960302,0.0651090757257829,0,normal,0,0.09550195246659371
2026-10-06 13:13:00,68.78083135392463,0.0811155596882551,0,normal,0,0.12826225864292945
2026-10-06 13:13:01,68.20416778910392,0.0940379153718988,0,normal,0,0.11351255008390604
2026-10-06 13:13:02,68.74882597964024,0.0765483521882179,0,normal,0,0.1307526165864894
2026-10-06 13:13:03,70.76239728981234,0.0700878989327416,0,normal,0,0.1307572352330748
2026-10-06 13:13:04,69.84194727803991,0.0512126455103015,0,normal,0,0.12563616438701303
2026-10-06 13:13:05,69.18463334646954,0.0945205695098637,0,normal,0,0.11337227644695363
2026-10-06 13:13:06,69.30178802912096,0.1104082673257686,0,normal,0,0.0892169567583379
2026-10-06 13:13:07,67.47004188565994,0.0431659172719447,0,normal,0,0.09206391825399679
2026-10-06 13:13:08,69.06285201651,0.0808723260645179,0,normal,0,0.12796422254637962
2026-10-06 13:13:09,66.58276485626561,0.1132837249355334,0,normal,0,0.0634962080507449
2026-10-06 13:13:10,67.62020120761166,0.0483747597111298,0,normal,0,0.1087563994677187
2026-10-06 13:13:11,66.99145835267358,0.0776021729279513,0,normal,0,0.11232665778779993
2026-10-06 13:13:12,70.1209166190997,0.0587633132148448,0,normal,0,0.12967970424663122
2026-10-06 13:13:13,68.45343072062076,0.0745584188702351,0,normal,0,0.13147275152275856
2026-10-06 13:13:14,70.06324966969949,0.1062071804400316,0,normal,0,0.09163378767233071
2026-10-06 13:13:15,68.09474219954312,0.1027466477473609,0,normal,0,0.09666143841340913
2026-10-06 13:13:16,65.22990450418709,0.1173240382375296,0,normal,0,0.022332972204242574
2026-10-06 13:13:17,68.23417134317219,0.0676391094596953,0,normal,0,0.13298524462335726
2026-10-06 13:13:18,65.68332363661796,0.073806465054661,0,normal,0,0.1029406543672085
2026-10-06 13:13:19,67.26669432859326,0.0862504606043213,0,normal,0,0.11222997554251257
2026-10-06 13:13:20,110.68915619281172,0.0642708495957273,1,spike,1,-0.17032889916428817
2026-10-06 13:13:21,114.53698067369432,0.0264583974346628,1,spike,1,-0.21185479567303012
2026-10-06 13:13:22,112.03371219765624,0.0531289920892537,1,spike,1,-0.17563614806393113
2026-10-06 13:13:23,114.46084311111376,0.0613539915009662,1,spike,1,-0.17842080513894698
2026-10-06 13:13:24,114.42685730154656,0.0713892067845908,1,spike,1,-0.1836682905277628
2026-10-06 13:13:25,116.43180240512784,0.0482236405894703,1,spike,1,-0.18665135860757942
2026-10-06 13:13:26,67.56643097115251,0.1077851411463556,0,normal,0,0.0844932330359845
2026-10-06 13:13:27,68.93304840479016,0.1023606341323012,0,normal,0,0.10445819048587557
2026-10-06 13:13:28,68.38303977931251,0.0858845830322681,0,normal,0,0.12430188923949892
2026-10-06 13:13:29,68.48807504170668,0.0911662757184016,0,normal,0,0.11615854126079905
2026-10-06 13:13:30,67.64114349778964,0.0854074440168686,0,normal,0,0.11788861443677523
2026-10-06 13:13:31,68.30041484977087,0.0684745844252569,0,normal,0,0.13219095310772472
2026-10-06 13:13:32,64.01543153535587,0.1173444034135358,0,normal,1,-0.012702690688406348
2026-10-06 13:13:33,66.28387834832625,0.0468971316323449,0,normal,0,0.08589290197530991
2026-10-06 13:13:34,64.37067152230287,0.0429446570424097,0,normal,0,0.0308456723674031
2026-10-06 13:13:35,67.80490716688486,0.0637899568798044,0,normal,0,0.1276711071167494
2026-10-06 13:13:36,67.28423271473046,0.0771589584227846,0,normal,0,0.11603796537195166
2026-10-06 13:13:37,68.89619217722658,0.1155632516432099,0,normal,0,0.07237046725128143
2026-10-06 13:13:38,70.63984069042881,0.0788504246079414,0,normal,0,0.1262150880139024
2026-10-06 13:13:39,70.2309672298944,0.0899073776120109,0,normal,0,0.11123718023156404
2026-10-06 13:13:40,68.9956143076754,0.0703125238303472,0,normal,0,0.13428419416658888
2026-10-06 13:13:41,67.16503976175852,0.0675872398811871,0,normal,0,0.12214272934213982
2026-10-06 13:13:42,69.56371339464803,0.0516120421560061,0,normal,0,0.12918869943780753
2026-10-06 13:13:43,67.2520879676676,0.0587761943653232,0,normal,0,0.11723575525280783
2026-10-06 13:13:44,69.32017325128405,0.1235056622146962,0,normal,0,0.0481852755342117
2026-10-06 13:13:45,64.08064608351387,0.085139835796433,0,normal,0,0.04826046426730679
2026-10-06 13:13:46,65.51055943385538,0.0648797001271104,0,normal,0,0.09847805091589745
2026-10-06 13:13:47,67.90778094973753,0.0258137869179179,0,normal,0,0.023334289324401125
2026-10-06 13:13:48,66.72215951424866,0.0663184577309899,0,normal,0,0.11721769453921782
2026-10-06 13:13:49,66.49042119847971,0.07498166006873,0,normal,0,0.11498173034621723
2026-10-06 13:13:50,69.10027011914171,0.0459273133239334,0,normal,0,0.11519455406724954
2026-10-06 13:13:51,70.72320826871558,0.0914777041539276,0,normal,0,0.11012678374921747
2026-10-06 13:13:52,68.87834632120625,0.0945991973274924,0,normal,0,0.11535374585244185
2026-10-06 13:13:53,68.31380640771035,0.044512010375853,0,normal,0,0.10680357907549026
2026-10-06 13:13:54,66.70618729687497,0.0462668316531037,0,normal,0,0.08875729300621382
2026-10-06 13:13:55,67.53036888392394,0.0647837266787092,0,normal,0,0.12459223160585264
2026-10-06 13:13:56,63.241775674984126,0.0681353271503916,0,normal,0,0.03977857182078137
2026-10-06 13:13:57,61.19761207578122,0.0482062047388567,0,normal,0,0.006891776374730929
2026-10-06 13:13:58,66.13071177226301,0.1170418086349887,0,normal,0,0.045385838150104385
2026-10-06 13:13:59,66.01399637384884,0.0614439479724013,0,normal,0,0.1051970595502768
2026-10-06 13:14:00,69.41784728953313,0.0892709706358108,0,normal,0,0.12012210379646576
2026-10-06 13:14:01,68.46763712790096,0.0756432051722486,0,normal,0,0.1307265897279291
2026-10-06 13:14:02,67.88214296418148,0.0784536349176075,0,normal,0,0.1229213839725743
2026-10-06 13:14:03,70.08957333349882,0.0655739097663748,0,normal,0,0.13242070407505474
2026-10-06 13:14:04,70.3486717882853,0.0734561892071726,0,normal,0,0.1313117364306725
2026-10-06 13:14:05,69.8749082851071,0.0553742703448196,0,normal,0,0.1306311737458951
2026-10-06 13:14:06,65.69095258304496,0.1633421086900855,0,normal,1,-0.06268957380427032
2026-10-06 13:14:07,69.49683607238084,0.1230400111350174,0,normal,0,0.05067467485556215
2026-10-06 13:14:08,67.31036465177145,0.1226768423704926,0,normal,0,0.0463060462142737
2026-10-06 13:14:09,67.46985503585442,0.0624833101309035,0,normal,0,0.12350817467733993
2026-10-06 13:14:10,66.06950572163788,0.0883319448460662,0,normal,0,0.10087449590415387
2026-10-06 13:14:11,67.30445185307381,0.080626398421472,0,normal,0,0.11408929113993377
2026-10-06 13:14:12,64.41562829592672,0.0295826059797807,0,normal,1,-0.02173115172910023
2026-10-06 13:14:13,70.24879990401436,0.053066753426713,0,normal,0,0.1270444805972591
2026-10-06 13:14:14,68.83446931232051,0.102430812972459,0,normal,0,0.10190285714627872
2026-10-06 13:14:15,69.19234874782964,0.100881738515977,0,normal,0,0.10532581038386768
2026-10-06 13:14:16,69.70795388937194,0.0927236733934628,0,normal,0,0.11738470673312418
2026-10-06 13:14:17,67.9617523666538,0.0745950763523135,0,normal,0,0.12676699515935963
2026-10-06 13:14:18,68.32101105135511,0.1238278111336379,0,normal,0,0.04675491332514625
2026-10-06 13:14:19,64.43258245780264,0.0865994294519859,0,normal,0,0.056064856742748914
2026-10-06 13:14:20,66.42752291806805,0.098013043779095,0,normal,0,0.08746277973579136
2026-10-06 13:14:21,65.49838846867561,0.0988842773842074,0,normal,0,0.06870883909764913
2026-10-06 13:14:22,71.14774040642678,0.0548950693685412,0,normal,0,0.12944726817638497
2026-10-06 13:14:23,66.2766998548559,0.0833157613161354,0,normal,0,0.10639836778162914
2026-10-06 13:14:24,66.83076797034664,0.0829164780999904,0,normal,0,0.11114023395510242
2026-10-06 13:14:25,64.96342963065169,0.0723702698185054,0,normal,0,0.08260289789512182
2026-10-06 13:14:26,70.17463072396198,0.0513658349976858,0,normal,0,0.12329877796847771
2026-10-06 13:14:27,71.54536740009834,0.0283884226662398,0,normal,0,0.04674895406176893
2026-10-06 13:14:28,68.4715222049859,0.0541033124435151,0,normal,0,0.12594060424549613
2026-10-06 13:14:29,65.59431338745085,0.1207249939862693,0,normal,0,0.024711506909434744
2026-10-06 13:14:30,67.52099006067675,0.0586416307872753,0,normal,0,0.11967166304400195
2026-10-06 13:14:31,64.91841400571921,0.0843383866046,0,normal,0,0.07085466790642836
2026-10-06 13:14:32,65.62335518719348,0.0647863345740781,0,normal,0,0.1007416009284714
2026-10-06 13:14:33,65.19675559744412,0.0863451240121986,0,normal,0,0.08012425821993274
2026-10-06 13:14:34,65.25645264496838,0.0752641849651474,0,normal,0,0.09402093981201265
2026-10-06 13:14:35,66.89751064011725,0.0950136393681426,0,normal,0,0.09952103944997065
2026-10-06 13:14:36,69.39447687947745,0.0855825179318029,0,normal,0,0.12473394224345363
2026-10-06 13:14:37,68.58236017960296,0.0596011679498892,0,normal,0,0.13049923210836856
2026-10-06 13:14:38,68.26302930807063,0.0757637326486538,0,normal,0,0.13079508040751936
2026-10-06 13:14:39,70.00110320598827,0.0681718137390224,0,normal,0,0.1314036021215989
2026-10-06 13:14:40,70.66231562524608,0.0841571421141543,0,normal,0,0.12098625875667018
2026-10-06 13:14:41,66.7395480238529,0.0486774848310269,0,normal,0,0.09866178669973258
2026-10-06 13:14:42,68.71073167093631,0.1109011333254066,0,normal,0,0.08616784822116458
2026-10-06 13:14:43,67.82432431463428,0.0913763212714133,0,normal,0,0.11162688453520819
2026-10-06 13:14:44,70.52820290182774,0.0777556990855807,0,normal,0,0.12735612716755973
2026-10-06 13:14:45,67.03334555204782,0.028509413534533,0,normal,0,0.01625180846024815
2026-10-06 13:14:46,68.63375949727781,0.098289416768324,0,normal,0,0.10664107920207422
2026-10-06 13:14:47,68.66880038769776,0.0755658421490212,0,normal,0,0.13149287986251662
2026-10-06 13:14:48,67.13600435115708,0.079809865889164,0,normal,0,0.11604325950529037
2026-10-06 13:14:49,70.17330553751081,0.0522261250676904,0,normal,0,0.12748954329446688
2026-10-06 13:14:50,67.84108961891037,0.0890172308958787,0,normal,0,0.11526275117332041
2026-10-06 13:14:51,69.31004199240601,0.1132447897870984,0,normal,0,0.07848697472248312
2026-10-06 13:14:52,64.26741839946261,0.0398859764044361,0,normal,0,0.014831506680632878
2026-10-06 13:14:53,68.43885177565343,0.0353637563689716,0,normal,0,0.0751575105043702
2026-10-06 13:14:54,69.16661316710095,0.0698529825452975,0,normal,0,0.13304395111924255
2026-10-06 13:14:55,68.3876194543543,0.0793888418568004,0,normal,0,0.12702929078078307
2026-10-06 13:14:56,65.49980999062333,0.1191603913356358,0,normal,0,0.029288343521361282
2026-10-06 13:14:57,68.2451457224221,0.1120663202141745,0,normal,0,0.0815768569319158
2026-10-06 13:14:58,66.14195163756231,0.0769709412369024,0,normal,0,0.10641843627397851
2026-10-06 13:14:59,68.41265134736072,0.1127830172646686,0,normal,0,0.07933300692702044
2026-10-06 13:15:00,68.04285398015159,0.0936589564488677,0,normal,0,0.11122141733025342
2026-10-06 13:15:01,72.06149270933268,0.1146311936557237,0,normal,0,0.05105529691347027
2026-10-06 13:15:02,67.61875272696969,0.079562766531361,0,normal,0,0.12037874641678997
2026-10-06 13:15:03,68.88623975398569,0.034305731690244,0,normal,0,0.07141523858981169
2026-10-06 13:15:04,70.94508455748353,0.0655798091246934,0,normal,0,0.1300910851212279
2026-10-06 13:15:05,69.32013435487652,0.0772531074581159,0,normal,0,0.12825397121594606
2026-10-06 13:15:06,65.20567288151676,0.0732944371604463,0,normal,0,0.0902614506538536
2026-10-06 13:15:07,66.21051641541278,0.0758573031829738,0,normal,0,0.11169738764042259
2026-10-06 13:15:08,65.96574091481585,0.081669624013451,0,normal,0,0.10177211726688218
2026-10-06 13:15:09,64.16918843892171,0.0906003553869024,0,normal,0,0.043054892614710294
2026-10-06 13:15:10,65.05621237866858,0.0618711163552443,0,normal,0,0.08478716601026731
2026-10-06 13:15:11,68.49254536043037,0.0699635938350162,0,normal,0,0.13257290517416237
2026-10-06 13:15:12,64.81584749631566,0.083350602741352,0,normal,0,0.06853115364908785
2026-10-06 13:15:13,65.26880522635292,0.1104135793487088,0,normal,0,0.0436454232108886
2026-10-06 13:15:14,67.76594379563619,0.0639498775644763,0,normal,0,0.12741900511145204
2026-10-06 13:15:15,68.8998192715016,0.090247606435761,0,normal,0,0.12082549617028687
2026-10-06 13:15:16,67.30685912579759,0.0794613506484119,0,normal,0,0.11632071422331053
2026-10-06 13:15:17,69.00494513110321,0.0465038358322643,0,normal,0,0.11467783636319284
2026-10-06 13:15:18,67.70120719902701,0.0946060920356706,0,normal,0,0.10872683412136896
2026-10-06 13:15:19,69.94024984590874,0.0510381874014934,0,normal,0,0.12449274746824757
2026-10-06 13:15:20,67.3833471370259,0.0888595869492842,0,normal,0,0.1113477974396005
2026-10-06 13:15:21,66.55324441209342,0.0533664587299984,0,normal,0,0.10639630255399735
2026-10-06 13:15:22,64.16218581812046,0.055668780746916,0,normal,0,0.051156342972869584
2026-10-06 13:15:23,66.85707262765732,0.1279104612846111,0,normal,0,0.01813184608717111
2026-10-06 13:15:24,67.6684014013881,0.0079522639641885,0,normal,1,-0.04216455696260035
2026-10-06 13:15:25,69.39491800548682,0.0192547578825519,0,normal,0,0.004044091470293831
2026-10-06 13:15:26,65.61152989342217,0.116057484260585,0,normal,0,0.03439469913522347
2026-10-06 13:15:27,67.98417932724641,0.0580757695646251,0,normal,0,0.12692168618907174
2026-10-06 13:15:28,68.37485651058192,0.119450259699552,0,normal,0,0.06213077223688018
2026-10-06 13:15:29,69.48220682569546,0.0948516240597051,0,normal,0,0.11362913645877132
2026-10-06 13:15:30,68.72046717868206,0.0840108113555888,0,normal,0,0.12714961800128488
2026-10-06 13:15:31,65.81955448449776,0.0787901141048867,0,normal,0,0.10098162443075825
2026-10-06 13:15:32,64.46393260675819,0.0639007718953652,0,normal,0,0.06328867490873485
2026-10-06 13:15:33,65.10904242629401,0.0839943263586952,0,normal,0,0.08058411597704812
2026-10-06 13:15:34,68.82575900081947,0.1100535178150894,0,normal,0,0.08897221547601708
2026-10-06 13:15:35,68.05778998739724,0.0686981381286848,0,normal,0,0.12971971568646684
2026-10-06 13:15:36,67.7996943425219,0.126535253838107,0,normal,0,0.036321614710549066
2026-10-06 13:15:37,67.74059496158598,0.0619389965280694,0,normal,0,0.125898901636476
2026-10-06 13:15:38,68.57557316120695,0.088898227975275,0,normal,0,0.12130549130431667
2026-10-06 13:15:39,70.41593053995818,0.0986464630328261,0,normal,0,0.10270849219011724
2026-10-06 13:15:40,68.15699452881216,0.0784796026239534,0,normal,0,0.12748335955176787
2026-10-06 13:15:41,67.76714763319478,0.0147683812143196,0,normal,1,-0.027468311031622616
2026-10-06 13:15:42,66.96292452905966,0.0569258120627205,0,normal,0,0.11266018545159479
2026-10-06 13:15:43,67.72340644513869,0.0496402298036707,0,normal,0,0.11412700249534335
2026-10-06 13:15:44,65.77953260343916,0.0455813347254153,0,normal,0,0.07240267245718718
2026-10-06 13:15:45,66.62584060912951,0.0649334448402123,0,normal,0,0.11628611765189001
2026-10-06 13:15:46,68.89323737996908,0.0603713374753672,0,normal,0,0.1325046682863571
2026-10-06 13:15:47,68.79981753420283,0.0718445769636269,0,normal,0,0.1337491469024466
2026-10-06 13:15:48,70.07105932467537,0.0809015498702408,0,normal,0,0.12360582981298229
2026-10-06 13:15:49,67.88177897231779,0.0730200882061606,0,normal,0,0.12785286593940187
2026-10-06 13:15:50,70.04645327227612,0.0952604017539859,0,normal,0,0.11051266663825815
2026-10-06 13:15:51,70.53073976870483,0.0336041696965481,0,normal,0,0.07465448443431266
2026-10-06 13:15:52,69.83622327019572,0.057613252468958,0,normal,0,0.13302292685576267
2026-10-06 13:15:53,70.95260243204369,0.1034003181212462,0,normal,0,0.09056086446059586
2026-10-06 13:15:54,67.36783162582047,0.0771034942009575,0,normal,0,0.11715921556200154
2026-10-06 13:15:55,65.83747281586551,0.1210476045359875,0,normal,0,0.031016538292626017
2026-10-06 13:15:56,66.82391890867565,0.0825950227480271,0,normal,0,0.11091917061220935
2026-10-06 13:15:57,65.79979405643641,0.1074841568360999,0,normal,0,0.05744910761574212
2026-10-06 13:15:58,68.4397243647079,0.0490618380680832,0,normal,0,0.11918631074584973
2026-10-06 13:15:59,66.37302205178426,0.1268349298736477,0,normal,0,0.01840362284364644
2026-10-06 13:16:00,66.63800579526212,0.0853474631039318,0,normal,0,0.1086603013158346
2026-10-06 13:16:01,68.72839840801491,0.0834949684405893,0,normal,0,0.12769626161277486
2026-10-06 13:16:02,68.38289264845086,0.0592651681669202,0,normal,0,0.1298441833547852
2026-10-06 13:16:03,67.0203912848569,0.0728868495413991,0,normal,0,0.11733844952791089
2026-10-06 13:16:04,68.97744961264316,0.0731595084458126,0,normal,0,0.13455280954192178
2026-10-06 13:16:05,71.27472344537284,0.0935444589079775,0,normal,0,0.10046853954995855
2026-10-06 13:16:06,65.16038557878262,0.0725914793851453,0,normal,0,0.08814847808830789
2026-10-06 13:16:07,66.17459549352739,0.0995212941848132,0,normal,0,0.08153255170812934
2026-10-06 13:16:08,65.53557892036223,0.0686738715585053,0,normal,0,0.10358292870433528
2026-10-06 13:16:09,64.56637279910312,0.0940329739764341,0,normal,0,0.04937057496459968
2026-10-06 13:16:10,67.68621026726973,0.075550471949224,0,normal,0,0.12563034243592824
2026-10-06 13:16:11,67.29789524561664,0.0639115806986592,0,normal,0,0.12203875595494035
2026-10-06 13:16:12,68.89059595986953,0.0817110004015746,0,normal,0,0.12803330898402127
2026-10-06 13:16:13,70.05698497661851,0.0944259961407399,0,normal,0,0.10973277496094141
2026-10-06 13:16:14,69.33745157597448,0.0819459177418126,0,normal,0,0.1262215934233999
2026-10-06 13:16:15,71.84312442995768,0.063943857670815,0,normal,0,0.12736938178148444
2026-10-06 13:16:16,70.91945673023515,0.0569462418093996,0,normal,0,0.13123926997847524
2026-10-06 13:16:17,66.6215874626814,0.0753838384148298,0,normal,0,0.11578672378565968
2026-10-06 13:16:18,67.71167156094337,0.1074895145297245,0,normal,0,0.08594675299407728
2026-10-06 13:16:19,67.0876528118108,0.0594737785609008,0,normal,0,0.11759829760894847
2026-10-06 13:16:20,65.59909482979862,0.0655566658605986,0,normal,0,0.10075405338659588
2026-10-06 13:16:21,66.19359030616202,0.0380458930582551,0,normal,0,0.05377495723650744
2026-10-06 13:16:22,65.3971555638981,0.0761022938416234,0,normal,0,0.09574189494643248
2026-10-06 13:16:23,67.02079068125036,0.1085625476587374,0,normal,0,0.07560387848964634
2026-10-06 13:16:24,64.84703179099657,0.0802276008142312,0,normal,0,0.0708446359718709
2026-10-06 13:16:25,66.73428657765169,0.1143689473389594,0,normal,0,0.06401116073298346
2026-10-06 13:16:26,69.82506522170634,0.1214401530840951,0,normal,0,0.053294972644043814
2026-10-06 13:16:27,70.36199826964331,0.0908821178257293,0,normal,0,0.11326956652412196
2026-10-06 13:16:28,71.04872029619173,0.0762326857957722,0,normal,0,0.12757005299411467
2026-10-06 13:16:29,69.52778683998127,0.100159829422141,0,normal,0,0.10411239506188058
2026-10-06 13:16:30,69.3926085636351,0.0864485140459731,0,normal,0,0.12392861046435266
2026-10-06 13:16:31,65.82257041930588,0.0497695047311627,0,normal,0,0.08588212796153288
2026-10-06 13:16:32,63.90584986912276,0.1138631037768794,0,normal,1,-0.006720754163029419
2026-10-06 13:16:33,68.04390731721458,0.1053532186952413,0,normal,0,0.0921185658347492
2026-10-06 13:16:34,67.80270719636368,0.0911296019235174,0,normal,0,0.11145334891509912
2026-10-06 13:16:35,66.05120643294951,0.0764483672814241,0,normal,0,0.10840100909615513
2026-10-06 13:16:36,68.23860978783999,0.0828787969789055,0,normal,0,0.12704133860197137
2026-10-06 13:16:37,68.07196639891977,0.0935876262905959,0,normal,0,0.11262144185457146
2026-10-06 13:16:38,68.04950536907796,0.0786820285491622,0,normal,0,0.1256462396220014
2026-10-06 13:16:39,72.16578525433272,0.0656343547300595,0,normal,0,0.12445689733783
2026-10-06 13:16:40,69.0,0.0507764252154602,1,dropout,0,0.1236996395202738
2026-10-06 13:16:41,69.0,0.0508177941787398,1,dropout,0,0.12357231814838493
2026-10-06 13:16:42,69.0,0.050581363522218,1,dropout,0,0.12260989766587244
2026-10-06 13:16:43,69.0,0.0348423445564304,1,dropout,0,0.07508426537000434
2026-10-06 13:16:44,69.0,0.0489712204357571,1,dropout,0,0.12200451847841698
2026-10-06 13:16:45,69.0,0.0373242517277627,1,dropout,0,0.09026573889141143
2026-10-06 13:16:46,69.0,0.0521750810902101,1,dropout,0,0.12840319074067646
2026-10-06 13:16:47,69.0,0.0422283183029143,1,dropout,0,0.1040886631312507
2026-10-06 13:16:48,69.0,0.0445633337729317,1,dropout,0,0.11231773814410034
2026-10-06 13:16:49,69.0,0.0405995498242547,1,dropout,0,0.10114307302068781
2026-10-06 13:16:50,69.0,0.0565599681047057,1,dropout,0,0.1323937844203275
2026-10-06 13:16:51,69.0,0.050058646441175,1,dropout,0,0.12225988386079029
2026-10-06 13:16:52,69.0,0.0372868024837065,1,dropout,0,0.09026573889141143
2026-10-06 13:16:53,69.0,0.0411210049049854,1,dropout,0,0.10286360521934407
2026-10-06 13:16:54,69.0,0.046669498419826,1,dropout,0,0.11538655104996448
2026-10-06 13:16:55,69.0,0.0446507763227454,1,dropout,0,0.11259171434568044
2026-10-06 13:16:56,69.0,0.0486979288567138,1,dropout,0,0.12048482696219487
2026-10-06 13:16:57,69.0,0.0690767258711041,1,dropout,0,0.13374282072825633
2026-10-06 13:16:58,64.41259996871547,0.0830831584720068,0,normal,0,0.05858080792162079
2026-10-06 13:16:59,67.03455288382071,0.0926218013268794,0,normal,0,0.10255524255531318
2026-10-06 13:17:00,66.88024917372894,0.0967437610495602,0,normal,0,0.09447270759692417
2026-10-06 13:17:01,67.69118729152883,0.1160929208046307,0,normal,0,0.06514332883189139
2026-10-06 13:17:02,68.91909248767682,0.1086468705140239,0,normal,0,0.09306056756065428
2026-10-06 13:17:03,70.06749702608795,0.0946207777305497,0,normal,0,0.11043712363611297
2026-10-06 13:17:04,72.02890670022789,0.0603064423600286,0,normal,0,0.12729520225366447
2026-10-06 13:17:05,69.7543408708937,0.0801844241041916,0,normal,0,0.12581729239990552
2026-10-06 13:17:06,67.12411838101602,0.1084898786458102,0,normal,0,0.07991939519986646
2026-10-06 13:17:07,68.3617818849803,0.0939953474807474,0,normal,0,0.11437605129684392
2026-10-06 13:17:08,66.08794524653996,0.1170646517173335,0,normal,0,0.044933243659065814
2026-10-06 13:17:09,64.96789681443703,0.1012326741861644,0,normal,0,0.0457922911584705
2026-10-06 13:17:10,66.28363777590143,0.0569304910353215,0,normal,0,0.10726834911822913
2026-10-06 13:17:11,67.3045313179652,0.0981879718115793,0,normal,0,0.09713624790209141
2026-10-06 13:17:12,65.78385726442197,0.1030447493527352,0,normal,0,0.06474126809925207
2026-10-06 13:17:13,67.43683281232308,0.0695289621442066,0,normal,0,0.1232676593493815
2026-10-06 13:17:14,67.86427083209503,0.0784511140388728,0,normal,0,0.1230035592828802
2026-10-06 13:17:15,68.04781497439902,0.0410185166277437,0,normal,0,0.0929384982640778
2026-10-06 13:17:16,69.06205057681078,0.1463884306888413,0,normal,1,-0.02513005281453118
2026-10-06 13:17:17,64.10248811088455,0.0861769630867254,0,normal,0,0.049109346881790916
2026-10-06 13:17:18,66.5493960941548,0.1010088568033651,0,normal,0,0.08530028274219276
2026-10-06 13:17:19,68.09287027025644,0.0084394322986401,0,normal,1,-0.0401755371495095
2026-10-06 13:17:20,68.76447724382518,0.0873257708896527,0,normal,0,0.12485449524768566
2026-10-06 13:17:21,65.33659328976258,0.065610354366252,0,normal,0,0.09518356244304665
2026-10-06 13:17:22,64.78164036456468,0.0649232562567815,0,normal,0,0.07472292210833575
2026-10-06 13:17:23,67.2561339716162,0.0834868162570238,0,normal,0,0.1157979161300211
2026-10-06 13:17:24,68.01709992810281,0.088423117666611,0,normal,0,0.12075239320690007
2026-10-06 13:17:25,66.62276003290049,0.0865796927494756,0,normal,0,0.1078175426062673
2026-10-06 13:17:26,69.87998055971768,0.0798435479812293,0,normal,0,0.12745738068392914
2026-10-06 13:17:27,68.39601239574687,0.0951447677881802,0,normal,0,0.11402834702502179
2026-10-06 13:17:28,69.0710243632022,0.0440550741044229,0,normal,0,0.10960113960625473
2026-10-06 13:17:29,68.88878739319132,0.1050858100464664,0,normal,0,0.09717165191729071
2026-10-06 13:17:30,68.17196031822934,0.1019074972097482,0,normal,0,0.1005685870264616
2026-10-06 13:17:31,66.39533040346842,0.07248040805712,0,normal,0,0.11378852305109222
2026-10-06 13:17:32,66.45228939718038,0.0968377399652172,0,normal,0,0.09121294996882018
2026-10-06 13:17:33,66.41670572664223,0.0863142931382976,0,normal,0,0.10489453685134742
2026-10-06 13:17:34,68.81689001601228,0.0834904078410477,0,normal,0,0.12710224188469632
2026-10-06 13:17:35,66.0338232786599,0.0708923066100516,0,normal,0,0.11096668643849356
2026-10-06 13:17:36,67.86342947693512,0.0737478174218305,0,normal,0,0.12543880431464854
2026-10-06 13:17:37,68.59819324494013,0.0850550052291966,0,normal,0,0.12435489893774498
2026-10-06 13:17:38,69.86954101908006,0.0637603950982869,0,normal,0,0.1344210051738995
2026-10-06 13:17:39,68.88315282104054,0.0573379749793413,0,normal,0,0.13193992078164674
2026-10-06 13:17:40,70.75621493726842,0.1134936176607812,0,normal,0,0.07140598715032154
2026-10-06 13:17:41,68.72481364266181,0.0560916493990126,0,normal,0,0.13086552468993107
2026-10-06 13:17:42,66.24156720106481,0.0507422329538305,0,normal,0,0.09529370517080066
2026-10-06 13:17:43,70.46590731961484,0.0595013663137587,0,normal,0,0.13000224257270093
2026-10-06 13:17:44,63.69497979017935,0.0868000582359902,0,normal,0,0.04113865252069365
2026-10-06 13:17:45,66.11368852901748,0.0727638461828476,0,normal,0,0.11082357162342532
2026-10-06 13:17:46,68.51304229551957,0.0713332186097635,0,normal,0,0.13210455842705038
2026-10-06 13:17:47,68.49457304874967,0.118151658597233,0,normal,0,0.06449068496766192
2026-10-06 13:17:48,67.42374131285604,0.1207165066557502,0,normal,0,0.05553020446759627
2026-10-06 13:17:49,67.71504908186853,0.0985088559252838,0,normal,0,0.10275591715391902
2026-10-06 13:17:50,70.14777697329903,0.0335553068746085,0,normal,0,0.07461898878118334
2026-10-06 13:17:51,63.57835611205999,0.080706352638909,0,normal,0,0.042451852725019945
2026-10-06 13:17:52,67.6981998879982,0.0673098439819384,0,normal,0,0.12850261983953554
2026-10-06 13:17:53,69.69219014468115,0.096683585652286,0,normal,0,0.11016939021856775
2026-10-06 13:17:54,70.22134669893254,0.0940768017435797,0,normal,0,0.10989309855487828
2026-10-06 13:17:55,66.46321379511915,0.0598256075994917,0,normal,0,0.11112971858162057
2026-10-06 13:17:56,66.50174887358658,0.0760978829326026,0,normal,0,0.11254719215006148
2026-10-06 13:17:57,63.9396818521422,0.0721048609064864,0,normal,0,0.05468048546372123
2026-10-06 13:17:58,63.965890740183646,0.085019741326755,0,normal,0,0.0473455988573816
2026-10-06 13:17:59,67.47192589479118,0.1106040014321634,0,normal,0,0.08158196497812953
2026-10-06 13:18:00,66.68668590959459,0.0961447356424705,0,normal,0,0.09398817717001007
2026-10-06 13:18:01,66.58374773323526,0.0834480419796104,0,normal,0,0.11111804823814031
2026-10-06 13:18:02,66.1885658278076,0.0780765989773634,0,normal,0,0.10685092894807535
2026-10-06 13:18:03,67.59265367336732,0.0755853204871014,0,normal,0,0.1239965508946656
2026-10-06 13:18:04,66.66106187662018,0.0753018856599426,0,normal,0,0.11578672378565968
2026-10-06 13:18:05,69.58310651402572,0.0880935131427825,0,normal,0,0.12355417864975499
2026-10-06 13:18:06,65.63181088046413,0.0791214885286383,0,normal,0,0.09909362296774482
2026-10-06 13:18:07,66.02421855701348,0.0609856078303877,0,normal,0,0.10438564925383015
2026-10-06 13:18:08,67.59228120593693,0.1744146260815655,0,normal,1,-0.05479844528511868
2026-10-06 13:18:09,65.24053694434086,0.0618098748691171,0,normal,0,0.08891298530318448
2026-10-06 13:18:10,69.06767915733697,0.0873857404621626,0,normal,0,0.1248298693102125
2026-10-06 13:18:11,69.32945830498133,0.0650396654336631,0,normal,0,0.13518409976598172
2026-10-06 13:18:12,67.45689855469176,0.0924795595581964,0,normal,0,0.10839888573583462
2026-10-06 13:18:13,66.45007800314009,0.0499222997443804,0,normal,0,0.09748301074592886
2026-10-06 13:18:14,70.63148156590654,0.0989870192968176,0,normal,0,0.10159571242596771
2026-10-06 13:18:15,67.14417165182404,0.0850050677788852,0,normal,0,0.11379823866309607
2026-10-06 13:18:16,67.66553829481511,0.06613877949744,0,normal,0,0.12823046989030717
2026-10-06 13:18:17,69.41857985368131,0.0842478228437304,0,normal,0,0.12535039294353928
2026-10-06 13:18:18,68.22086240999383,0.0463768668639693,0,normal,0,0.11125182053060567
2026-10-06 13:18:19,67.82579187075824,0.0841951851180418,0,normal,0,0.12040086194272259
2026-10-06 13:18:20,65.82257413067406,0.0947056671870034,0,normal,0,0.08463667645270895
2026-10-06 13:18:21,69.46576508448179,0.0577935167317149,0,normal,0,0.13444496051690524
2026-10-06 13:18:22,68.22032801847169,0.09717258872645,0,normal,0,0.10810933527528171
2026-10-06 13:18:23,66.51989211567336,0.1002114726428859,0,normal,0,0.08515279077755783
2026-10-06 13:18:24,66.62298608438704,0.0883034604545736,0,normal,0,0.10890682116112721
2026-10-06 13:18:25,69.1993515508351,0.0769773650562601,0,normal,0,0.12789895534148749
2026-10-06 13:18:26,65.08084971890702,0.0358631501528579,0,normal,0,0.022908108225474733
2026-10-06 13:18:27,70.40889229815662,0.0663221234883712,0,normal,0,0.13202560046960948
2026-10-06 13:18:28,68.71767303329142,0.0513118485224076,0,normal,0,0.12219166283390581
2026-10-06 13:18:29,66.89126118089774,0.106969280757885,0,normal,0,0.076064486745748
2026-10-06 13:18:30,62.83780203212505,0.1182478179023849,0,normal,1,-0.0377414912999412
2026-10-06 13:18:31,64.72254770620331,0.0758045131783893,0,normal,0,0.0735137263203664
2026-10-06 13:18:32,67.64721278216149,0.0725259581213095,0,normal,0,0.12672376973333238
2026-10-06 13:18:33,67.38948676516233,0.0596090347290909,0,normal,0,0.12030944947560779
2026-10-06 13:18:34,65.57400388017264,0.0664105755177874,0,normal,0,0.1030535183307481
2026-10-06 13:18:35,67.59576853034218,0.0496309942793566,0,normal,0,0.11281517489021953
2026-10-06 13:18:36,68.6328557383767,0.1101841815438825,0,normal,0,0.08788226155892587
2026-10-06 13:18:37,68.89401823964604,0.108054060819601,0,normal,0,0.09393000075602442
2026-10-06 13:18:38,67.90718511675321,0.0874764754557064,0,normal,0,0.11817424303766882
2026-10-06 13:18:39,68.3219339783389,0.0811375104463131,0,normal,0,0.12740360737524198
2026-10-06 13:18:40,68.2271519469021,0.0901978556014582,0,normal,0,0.11700966540468777
2026-10-06 13:18:41,68.99172572682818,0.1374756231400195,0,normal,1,-0.0005783608241616278
2026-10-06 13:18:42,68.67141760930737,0.1070676252002584,0,normal,0,0.09306113775797975
2026-10-06 13:18:43,66.97329352846646,0.0944021488221431,0,normal,0,0.0989939531078664
2026-10-06 13:18:44,65.95060097790643,0.0440329807552192,0,normal,0,0.07269752936082041
2026-10-06 13:18:45,65.1919299645934,0.1137297725612642,0,normal,0,0.029913326650866212
2026-10-06 13:18:46,65.88397142332482,0.0881577374995901,0,normal,0,0.0972747522969653
2026-10-06 13:18:47,67.49054009004244,0.0680960010202879,0,normal,0,0.12360852921142002
2026-10-06 13:18:48,67.40128221773995,0.0787796538643616,0,normal,0,0.11721666398804387
2026-10-06 13:18:49,69.8475332003508,0.0868177479616701,0,normal,0,0.12257909421882052
2026-10-06 13:18:50,66.26023759507413,0.0856388859348707,0,normal,0,0.1036064963311416
2026-10-06 13:18:51,69.70750936240086,0.0727157440342538,0,normal,0,0.13350117839679126
2026-10-06 13:18:52,68.34191662044982,0.0905442086374968,0,normal,0,0.11726484651181851
2026-10-06 13:18:53,67.72343153122202,0.0880906551792578,0,normal,0,0.1192453935840293
2026-10-06 13:18:54,65.41437812381389,0.1116716540905657,0,normal,0,0.04102879440298712
2026-10-06 13:18:55,65.32990226013432,0.0657646456834739,0,normal,0,0.09518356244304665
2026-10-06 13:18:56,64.22213876674743,0.1213518485435154,0,normal,1,-0.014081210297252955
2026-10-06 13:18:57,65.84700017370602,0.07605764198697,0,normal,0,0.10439120418206937
2026-10-06 13:18:58,66.25479317452034,0.085477302567338,0,normal,0,0.10354033159563036
2026-10-06 13:18:59,64.4438560254849,0.1061495315061199,0,normal,0,0.02515361826432111
2026-10-06 13:19:00,69.38070883793063,0.0587447432894559,0,normal,0,0.1319790566936313
2026-10-06 13:19:01,67.28660770893802,0.0922391490662675,0,normal,0,0.10573601951444822
2026-10-06 13:19:02,69.87629697989428,0.1013566407595838,0,normal,0,0.10171570237612443
2026-10-06 13:19:03,70.82555836364243,0.0794931403551919,0,normal,0,0.12565536223238255
2026-10-06 13:19:04,68.26496323975759,0.0526583228028555,0,normal,0,0.12542849695824126
2026-10-06 13:19:05,66.9662523934146,0.0324310109539248,0,normal,0,0.03982954786549947
2026-10-06 13:19:06,64.7056894204316,0.1170526189920114,0,normal,0,0.0037763367266485104
2026-10-06 13:19:07,65.94991170610585,0.071986088184602,0,normal,0,0.10939157709963632
2026-10-06 13:19:08,66.5639816115708,0.0824205167988991,0,normal,0,0.11052838417017291
2026-10-06 13:19:09,69.59912730078285,0.0731908659614825,0,normal,0,0.13412446812311862
2026-10-06 13:19:10,66.20671412924591,0.061220411294569,0,normal,0,0.10848860351262762
2026-10-06 13:19:11,64.90369793615929,0.1035386350773433,0,normal,0,0.04172051347235178
2026-10-06 13:19:12,69.39839518466977,0.0576027801072791,0,normal,0,0.13330286815878523
2026-10-06 13:19:13,69.28841650556012,0.0483263424018429,0,normal,0,0.12039743274238435
2026-10-06 13:19:14,67.64333876627117,0.0426953582676854,0,normal,0,0.09350279429518821
2026-10-06 13:19:15,70.52162732232956,0.0162388007477039,0,normal,1,-0.005362353896484429
2026-10-06 13:19:16,66.49296498053883,0.079691843856789,0,normal,0,0.11213088410907818
2026-10-06 13:19:17,69.65846110158098,0.0687921698604739,0,normal,0,0.1336413147829682
2026-10-06 13:19:18,68.04366312336758,0.1148097870686236,0,normal,0,0.07027147708744547
2026-10-06 13:19:19,72.42052755310533,0.1069742611584378,0,normal,0,0.060309257618836154
2026-10-06 13:19:20,65.53894513435134,0.0862703579571508,0,normal,0,0.09112492851733672
2026-10-06 13:19:21,65.9786610040309,0.0631606031195652,0,normal,0,0.10494314741820499
2026-10-06 13:19:22,67.95051364295007,0.1221522606804439,0,normal,0,0.05183072340123823
2026-10-06 13:19:23,68.11217843281868,0.0778708195483824,0,normal,0,0.12772801141316914
2026-10-06 13:19:24,66.24445329522024,0.0923078801871141,0,normal,0,0.09531058411931059
2026-10-06 13:19:25,67.88938698674309,0.0305422794671245,0,normal,0,0.049349252608245076
2026-10-06 13:19:26,68.88310656873975,0.0988839589363147,0,normal,0,0.10769397654158769
2026-10-06 13:19:27,70.11371382175952,0.0866524876823895,0,normal,0,0.11861074968761565
2026-10-06 13:19:28,67.0661615067194,0.0877920437002926,0,normal,0,0.1089570237938246
2026-10-06 13:19:29,68.5280213747956,0.0818683449947207,0,normal,0,0.12520890389995315
2026-10-06 13:19:30,68.29489344083575,0.0904169124850852,0,normal,0,0.11687549447883666
2026-10-06 13:19:31,69.5548334828934,0.0115450495010898,0,normal,1,-0.015614751408156824
2026-10-06 13:19:32,68.19423075733769,0.0441964244809124,0,normal,0,0.10573919909119939
2026-10-06 13:19:33,68.46868896549297,0.0799251625330921,0,normal,0,0.12780287511016153
2026-10-06 13:19:34,64.8108492568079,0.0660558869998372,0,normal,0,0.07646574184057403
2026-10-06 13:19:35,65.32250697286189,0.093441405817626,0,normal,0,0.07723138673027302
2026-10-06 13:19:36,68.34900947787916,0.0954835305706564,0,normal,0,0.1127747753433237
2026-10-06 13:19:37,64.99456693094665,0.1155094607742494,0,normal,0,0.014812393300370708
2026-10-06 13:19:38,67.42899215058519,0.0907826210096179,0,normal,0,0.10730812098316472
2026-10-06 13:19:39,69.13435023356585,0.107325399852318,0,normal,0,0.09386657788715908
2026-10-06 13:19:40,67.63574049457362,0.0737510170299647,0,normal,0,0.1251401255393707
2026-10-06 13:19:41,65.26212629068068,0.1119278948343611,0,normal,0,0.036545039223610964
2026-10-06 13:19:42,67.80606918239914,0.0721440197716924,0,normal,0,0.12786329442434263
2026-10-06 13:19:43,64.90820900869215,0.0456426004770665,0,normal,0,0.0521122324324747
2026-10-06 13:19:44,67.55706869125058,0.0555672501083339,0,normal,0,0.11860819538301115
2026-10-06 13:19:45,65.06580273536248,0.0688727158322052,0,normal,0,0.08791681848173644
2026-10-06 13:19:46,64.52305152451422,0.0568621730670859,0,normal,0,0.05959824370972505
2026-10-06 13:19:47,66.83390401003689,0.1022188379897055,0,normal,0,0.08368651375062075
2026-10-06 13:19:48,65.39617777791908,0.0832018366886634,0,normal,0,0.08980744388814504
2026-10-06 13:19:49,67.84298394761389,0.0567157185234146,0,normal,0,0.12534250792783347
2026-10-06 13:19:50,66.86371566788334,0.0560289816782211,0,normal,0,0.1087308319182207
2026-10-06 13:19:51,68.280118283742,0.1217484147405428,0,normal,0,0.05732488082946152
2026-10-06 13:19:52,68.22425398753671,0.0809956252793642,0,normal,0,0.12653870870447825
2026-10-06 13:19:53,68.62921599482893,0.0474033271185832,0,normal,0,0.11426541252425593
2026-10-06 13:19:54,64.5958613545115,0.1042948041508612,0,normal,0,0.03179049990447863
2026-10-06 13:19:55,67.10473966858946,0.063433837158579,0,normal,0,0.12042353968229785
2026-10-06 13:19:56,63.83531102129383,0.0541045904160146,0,normal,0,0.04475034051496324
2026-10-06 13:19:57,65.95645315859537,0.0944351333912407,0,normal,0,0.08707847657262574
2026-10-06 13:19:58,66.34618840031524,0.1102450246787147,0,normal,0,0.06775629807092465
2026-10-06 13:19:59,62.97147906611857,0.0589011545011326,0,normal,0,0.031364491712533527
2026-10-06 13:20:00,85.01133707183371,0.6823273543209181,0,normal,1,-0.09144757382342006
2026-10-06 13:20:01,89.4970051319193,1.008453003507254,0,normal,1,-0.11393081647096315
2026-10-06 13:20:02,91.38058459337896,0.8930282498194435,0,normal,1,-0.02617948432018191
2026-10-06 13:20:03,90.79829087039728,0.8412825592968507,0,normal,1,-0.00958721898408521
2026-10-06 13:20:04,94.01232702986512,0.6389201444749631,0,normal,1,-0.017516874560844387
2026-10-06 13:20:05,88.27333949575795,0.6401234259118648,0,normal,1,-0.03133907103257072
2026-10-06 13:20:06,82.86948022149733,0.7325963071106764,0,normal,1,-0.11785355791313323
2026-10-06 13:20:07,84.40585548824576,0.6566406132184132,0,normal,1,-0.09628313863629967
2026-10-06 13:20:08,82.78902190177854,0.7034025408739106,0,normal,1,-0.11471180896433686
2026-10-06 13:20:09,82.58496996834633,0.7940554061386758,0,normal,1,-0.12791926630981476
2026-10-06 13:20:10,85.17168894936616,0.6501235430916799,0,normal,1,-0.08697082619519536
2026-10-06 13:20:11,88.66685545438305,0.7403908462360976,0,normal,1,-0.014106704515041701
2026-10-06 13:20:12,89.77026427837721,0.5448585159075147,0,normal,1,-0.040773151873748636
2026-10-06 13:20:13,87.93595176947483,0.752707386656612,0,normal,1,-0.02924872588643801
2026-10-06 13:20:14,86.60622431331805,0.5015098639405104,0,normal,1,-0.08894637205625866
2026-10-06 13:20:15,84.3556251654055,0.6829883473365415,0,normal,1,-0.09998220682492098
2026-10-06 13:20:16,87.94341563113385,0.620607336386372,0,normal,1,-0.040815572751883966
2026-10-06 13:20:17,83.57857198199416,0.6716615442829137,0,normal,1,-0.11120364948520911
2026-10-06 13:20:18,87.93170662088504,0.8751338714309136,0,normal,1,-0.05913603647996213
2026-10-06 13:20:19,83.288190062737,0.5680982272024876,0,normal,1,-0.12391392287138392
2026-10-06 13:20:20,88.84082991127087,0.5823996536639847,0,normal,1,-0.04469215075217958
2026-10-06 13:20:21,85.59004332891008,1.164748354931259,0,normal,1,-0.19700704812310765
2026-10-06 13:20:22,90.67668551440715,0.929170944345058,0,normal,1,-0.04481809135357506
2026-10-06 13:20:23,81.65933095500998,0.5847973724131733,0,normal,1,-0.13095632349423314
2026-10-06 13:20:24,88.66906488236971,0.9922865518943664,0,normal,1,-0.10762082387574956
2026-10-06 13:20:25,90.4822255950378,0.7424390659115622,0,normal,1,-0.000882891850614631
2026-10-06 13:20:26,87.41593358591605,0.7852880053906199,0,normal,1,-0.0463476050649585
2026-10-06 13:20:27,87.0866192827917,0.6560847281144195,0,normal,1,-0.04696320976678092
2026-10-06 13:20:28,86.14635583100569,0.7928492237472035,0,normal,1,-0.07652530081047082
2026-10-06 13:20:29,86.24420351091344,0.8589563772707492,0,normal,1,-0.09315151215467854
2026-10-06 13:20:30,85.90468834012567,0.6342741930139647,0,normal,1,-0.07541935015244128
2026-10-06 13:20:31,84.71068770788278,0.6387958466950188,0,normal,1,-0.09591277083144567
2026-10-06 13:20:32,91.97951607924078,0.6736513597852577,0,normal,0,0.00558351803103424
2026-10-06 13:20:33,85.96127309977187,0.7128048430179295,0,normal,1,-0.0673932729832557
2026-10-06 13:20:34,86.85622564747993,0.7988207163755443,0,normal,1,-0.06067002641311248
2026-10-06 13:20:35,91.48113247277416,0.601186671855527,0,normal,1,-0.01590314020440131
2026-10-06 13:20:36,86.78936531423756,1.042939783631061,0,normal,1,-0.16509574501372848
2026-10-06 13:20:37,90.24826159316969,0.7589910484099237,0,normal,1,-0.009963259279424097
2026-10-06 13:20:38,91.0662911605715,0.688576773617693,0,normal,0,0.010009282477216386
2026-10-06 13:20:39,86.79632698449113,0.6382844708215666,0,normal,1,-0.06019125866358643
2026-10-06 13:20:40,89.95830762372006,0.8800771910213567,0,normal,1,-0.042855190957058364
2026-10-06 13:20:41,85.86822005737923,0.7855616070492193,0,normal,1,-0.08207877814461806
2026-10-06 13:20:42,86.7903099091436,0.9182855140443946,0,normal,1,-0.09938913403869787
2026-10-06 13:20:43,86.52148021754846,0.9073233338166956,0,normal,1,-0.10154643269694841
2026-10-06 13:20:44,87.19666235648316,0.7472975739335214,0,normal,1,-0.04286887514669724
2026-10-06 13:20:45,85.97599991626495,0.746851725232254,0,normal,1,-0.07251452643846068
2026-10-06 13:20:46,83.78433059371126,0.4951833096318513,0,normal,1,-0.12109532933217837
2026-10-06 13:20:47,89.13857537180209,0.7067900354422668,0,normal,1,-0.010789331432037641
2026-10-06 13:20:48,91.67549772267851,0.9614859453797704,0,normal,1,-0.056361193014336175
2026-10-06 13:20:49,88.00142484973699,0.8948678698240435,0,normal,1,-0.06196864740639474
2026-10-06 13:20:50,87.13023590521973,0.6782351907206663,0,normal,1,-0.04415137269274649
2026-10-06 13:20:51,86.93362345510403,1.0304858125850718,0,normal,1,-0.15081844247493548
2026-10-06 13:20:52,81.20670794220592,0.5211029169718832,0,normal,1,-0.12908084664782482
2026-10-06 13:20:53,87.42576560909336,0.751799658878126,0,normal,1,-0.043319296321367995
2026-10-06 13:20:54,89.84154383678516,0.9970365579041895,0,normal,1,-0.10426438565857443
2026-10-06 13:20:55,88.54967026834876,1.0045086500832787,0,normal,1,-0.11432770655493629
2026-10-06 13:20:56,84.42948877146559,0.8208429062017228,0,normal,1,-0.1113321477001078
2026-10-06 13:20:57,86.79063780908494,0.6171161559455562,0,normal,1,-0.06738523533754126
2026-10-06 13:20:58,84.56879731264867,0.5850303671314558,0,normal,1,-0.11271865621388666
2026-10-06 13:20:59,89.84003232982826,0.6891674787180104,0,normal,1,-0.0026878042683984305
2026-10-06 13:21:00,92.50535256303876,0.4468902090811357,0,normal,1,-0.07971060356039261
2026-10-06 13:21:01,85.18089479324344,0.6189795641683394,0,normal,1,-0.09505390331786912
2026-10-06 13:21:02,91.1940559430582,0.8044551947270535,0,normal,1,-0.003147617328248309
2026-10-06 13:21:03,86.93811915943341,0.7384264411893693,0,normal,1,-0.05128018366842568
2026-10-06 13:21:04,87.02206440866505,0.7995990721664739,0,normal,1,-0.055682383030171145
2026-10-06 13:21:05,92.40116481048996,1.0221172623437589,0,normal,1,-0.11543195759740044
2026-10-06 13:21:06,89.8906683156319,0.6691262647008672,0,normal,1,-0.008431910190253022
2026-10-06 13:21:07,82.88899163243978,0.5666036441437963,0,normal,1,-0.12690978115423557
2026-10-06 13:21:08,86.23958484153856,0.4083914752074499,0,normal,1,-0.1142214228399866
2026-10-06 13:21:09,87.23694597734386,0.7290165677190362,0,normal,1,-0.04049239509915059
2026-10-06 13:21:10,87.24798283242146,0.8505959636701497,0,normal,1,-0.06097479238000392
2026-10-06 13:21:11,87.50032902323244,0.5204178089318631,0,normal,1,-0.07111511409848725
2026-10-06 13:21:12,88.73923534108506,1.0477529338215774,0,normal,1,-0.14339556210625226
2026-10-06 13:21:13,93.50157985984256,0.4220663009876194,0,normal,1,-0.1001514334812571
2026-10-06 13:21:14,90.31831150386456,0.6741165337963547,0,normal,1,-0.003864536964112153
2026-10-06 13:21:15,90.14736699101618,0.9458850005681644,0,normal,1,-0.06280782092734039
2026-10-06 13:21:16,90.98622632495612,0.6305389305618555,0,normal,1,-0.006939511450382074
2026-10-06 13:21:17,89.10005273318433,0.496641343632045,0,normal,1,-0.05544578397843658
2026-10-06 13:21:18,90.29080717008245,0.6707169271586921,0,normal,1,-0.004436860209660831
2026-10-06 13:21:19,87.30663998202162,0.8505208946882212,0,normal,1,-0.06097479238000392
2026-10-06 13:21:20,88.9572761690754,0.6477913729888957,0,normal,1,-0.017943735724399668
2026-10-06 13:21:21,86.56400412923128,0.7389078122587174,0,normal,1,-0.05726416137928525
2026-10-06 13:21:22,83.43874249844534,0.446819805608897,0,normal,1,-0.12950365127076247
2026-10-06 13:21:23,88.54984456099379,0.5601049940736215,0,normal,1,-0.04818727405046197
2026-10-06 13:21:24,85.10552138812498,0.7705414762610342,0,normal,1,-0.09737936860621244
2026-10-06 13:21:25,89.32340231574833,1.1006289680920176,0,normal,1,-0.15563415342295284
2026-10-06 13:21:26,88.11386918410335,0.9428042988407213,0,normal,1,-0.08154425744916693
2026-10-06 13:21:27,88.57071854019321,0.6492172452386215,0,normal,1,-0.02035254343283377
2026-10-06 13:21:28,89.5859224061425,0.9904064893674536,0,normal,1,-0.10109029555757465
2026-10-06 13:21:29,90.24773528362212,0.6907138553063955,0,normal,1,-0.0009667932061352413
2026-10-06 13:21:30,85.8316903695296,0.8386527933768149,0,normal,1,-0.09773285019854339
2026-10-06 13:21:31,88.2820200868759,0.4875785269964665,0,normal,1,-0.07014511967266956
2026-10-06 13:21:32,82.78233036530632,0.7764873269649951,0,normal,1,-0.12396999115333251
2026-10-06 13:21:33,85.39645280108573,0.8144347892086328,0,normal,1,-0.09514348821851637
2026-10-06 13:21:34,84.84369237528747,0.8810317669316119,0,normal,1,-0.1296661159804452
2026-10-06 13:21:35,86.77250631757117,0.7953707523200054,0,normal,1,-0.0632837478646956
2026-10-06 13:21:36,87.90618423872212,0.8159033546329033,0,normal,1,-0.03749438538213978
2026-10-06 13:21:37,88.20874009523132,1.05266200038399,0,normal,1,-0.14790589265574972
2026-10-06 13:21:38,91.57099201393588,1.0176111147666806,0,normal,1,-0.10164830298015604
2026-10-06 13:21:39,85.2710175121056,0.8521079896170034,0,normal,1,-0.11120404250592308
2026-10-06 13:21:40,89.28698167044597,0.4785025580807779,0,normal,1,-0.06156378403167251
2026-10-06 13:21:41,89.26743142084446,0.681069215799327,0,normal,1,-0.008359962654289399
2026-10-06 13:21:42,93.03506764710332,0.7808426264881899,0,normal,1,-0.0034371863150086668
2026-10-06 13:21:43,88.76229436162247,0.7550049006225966,0,normal,1,-0.019216359736632604
2026-10-06 13:21:44,86.88370131072672,0.8962036280467476,0,normal,1,-0.09246080707362947
2026-10-06 13:21:45,86.07515973301372,0.6309941521039524,0,normal,1,-0.07124814093321852
2026-10-06 13:21:46,89.2234980585963,1.00719408787978,0,normal,1,-0.11699928323499864
2026-10-06 13:21:47,86.87347040903674,0.9364811213432028,0,normal,1,-0.10109980424523657
2026-10-06 13:21:48,89.9986552947271,0.7354908659296326,0,normal,1,-0.005961500726920144
2026-10-06 13:21:49,87.39332574211862,0.6827499563222247,0,normal,1,-0.04058103277496827
2026-10-06 13:21:50,93.71798070212162,0.914653684662424,0,normal,1,-0.05488455163407979
2026-10-06 13:21:51,87.3808399360531,0.8449236552488694,0,normal,1,-0.060013979171589016
2026-10-06 13:21:52,91.09872228309868,0.9157017036802,0,normal,1,-0.039227666714897746
2026-10-06 13:21:53,88.57275447716445,0.8453783254543251,0,normal,1,-0.03324333915631905
2026-10-06 13:21:54,91.57000630546212,1.036927707622818,0,normal,1,-0.1171084188714947
2026-10-06 13:21:55,83.82117251291427,0.9352947011973942,0,normal,1,-0.1474325014206166
2026-10-06 13:21:56,88.7714628466807,0.8607671981101738,0,normal,1,-0.038927373047326075
2026-10-06 13:21:57,87.08731439390836,0.8531145413764719,0,normal,1,-0.06656192510555203
2026-10-06 13:21:58,84.30779302965065,0.7348877008801561,0,normal,1,-0.10198270185802039
2026-10-06 13:21:59,88.88974412570408,0.9152569001042932,0,normal,1,-0.06257484353670062
2026-10-06 13:22:00,88.94369856444362,0.6142605680332407,0,normal,1,-0.033093636512317226
2026-10-06 13:22:01,88.28787715117733,0.8543253193195172,0,normal,1,-0.04268887226712448
2026-10-06 13:22:02,89.56587774771776,0.5746781198625032,0,normal,1,-0.033748736616275865
2026-10-06 13:22:03,92.8962242271111,0.8092246848332879,0,normal,1,-0.007832455425584528
2026-10-06 13:22:04,91.98039574930476,0.644095798581463,0,normal,1,-0.0010137119000257488
2026-10-06 13:22:05,88.75543872149913,0.6957110199706603,0,normal,1,-0.013740543805835226
2026-10-06 13:22:06,85.80289682696335,0.6518357361453134,0,normal,1,-0.0714003050729426
2026-10-06 13:22:07,88.69702389095691,0.8022988521543611,0,normal,1,-0.023914458577763753
2026-10-06 13:22:08,87.04727608639472,0.8960426559456915,0,normal,1,-0.08680989395015248
2026-10-06 13:22:09,90.62588261252507,0.808599825242912,0,normal,1,-0.003312793968314298
2026-10-06 13:22:10,87.56314669615891,0.7319672528616153,0,normal,1,-0.0335756451119672
2026-10-06 13:22:11,86.53230794889994,0.8654133671653688,0,normal,1,-0.09063583190390578
2026-10-06 13:22:12,88.52012518406178,0.7182730546389674,0,normal,1,-0.01698560962306661
2026-10-06 13:22:13,91.04932103985458,0.4397045919418791,0,normal,1,-0.07987154295519316
2026-10-06 13:22:14,92.37345563764512,1.1258498770424183,0,normal,1,-0.1522862428813535
2026-10-06 13:22:15,89.54102248875547,0.6386384988157634,0,normal,1,-0.016330251295092135
2026-10-06 13:22:16,88.63775246047253,0.6918664133586983,0,normal,1,-0.013263825799453954
2026-10-06 13:22:17,91.5297300303836,0.5831767372689259,0,normal,1,-0.024708589555862526
2026-10-06 13:22:18,86.16379047140464,0.4808155614720398,0,normal,1,-0.10135655116398268
2026-10-06 13:22:19,84.32453279527674,0.7013518609306307,0,normal,1,-0.09948862742107834
2026-10-06 13:22:20,85.70846707125358,0.8241556625410817,0,normal,1,-0.09066531556778201
2026-10-06 13:22:21,95.67983608999926,0.8016158161425174,0,normal,1,-0.04356455768805667
2026-10-06 13:22:22,87.87428950171751,0.6872726454680503,0,normal,1,-0.024124902465672782
2026-10-06 13:22:23,90.57190335504484,0.7800773668164865,0,normal,1,-0.0008184589678481569
2026-10-06 13:22:24,87.12822745067116,0.4774656093050575,0,normal,1,-0.08790871940375589
2026-10-06 13:22:25,91.0079552836979,0.968203969218578,0,normal,1,-0.06616765346072917
2026-10-06 13:22:26,88.83611105369388,0.5815680334256599,0,normal,1,-0.045245228240892055
2026-10-06 13:22:27,91.81752193455222,0.6505102943974227,0,normal,0,0.0011304862958422257
2026-10-06 13:22:28,87.20677658574778,0.7131827576543358,0,normal,1,-0.03992412611069995
2026-10-06 13:22:29,88.4134423150124,0.9439086154774118,0,normal,1,-0.07988847197221671
2026-10-06 13:22:30,86.83536740845176,0.6430535205595672,0,normal,1,-0.05687576125443705
2026-10-06 13:22:31,83.53564406107357,0.9489412546203316,0,normal,1,-0.15649184621152135
2026-10-06 13:22:32,86.72658875133014,0.6768516596037908,0,normal,1,-0.054838653064894216
2026-10-06 13:22:33,83.23274150855165,0.8251314786446345,0,normal,1,-0.1240264946850902
2026-10-06 13:22:34,84.43216819054064,0.4718599877696836,0,normal,1,-0.11891064427903508
2026-10-06 13:22:35,85.274105673493,0.8471271990485637,0,normal,1,-0.10899983713827677
2026-10-06 13:22:36,86.88003943218429,0.8211125616185999,0,normal,1,-0.06208479971759706
2026-10-06 13:22:37,88.43300159145804,0.9155369480814072,0,normal,1,-0.06738245298362211
2026-10-06 13:22:38,88.93964099958372,0.8097184094673419,0,normal,1,-0.024213182826284263
2026-10-06 13:22:39,91.1938187754318,1.0618480907159795,0,normal,1,-0.12971770448052522
2026-10-06 13:22:40,99.07579893373288,0.51481808920316,0,normal,1,-0.14560597564120226
2026-10-06 13:22:41,87.88618902236993,0.7029044048412973,0,normal,1,-0.023479211209168294
2026-10-06 13:22:42,87.13869431443779,0.8624747571629756,0,normal,1,-0.06966691426194449
2026-10-06 13:22:43,90.20638962637388,0.8614764559149193,0,normal,1,-0.02961835501847665
2026-10-06 13:22:44,89.71999758633773,0.7091487055045812,0,normal,1,-0.004716620989803522
2026-10-06 13:22:45,82.67363070928964,0.7795914206474721,0,normal,1,-0.12511664004907297
2026-10-06 13:22:46,92.26391419792547,0.9368466721952364,0,normal,1,-0.05075296518673256
2026-10-06 13:22:47,85.9008887036025,0.853433715746244,0,normal,1,-0.09875845394505911
2026-10-06 13:22:48,93.32543140319753,0.7664837165867248,0,normal,1,-0.005196398188665907
2026-10-06 13:22:49,89.67324654693125,0.7123921869892966,0,normal,1,-0.0030516080576671323
2026-10-06 13:22:50,92.41072203142268,0.9956437207383148,0,normal,1,-0.09737847252097787
2026-10-06 13:22:51,93.37702501009228,0.7394315513129179,0,normal,1,-0.0006241625032193943
2026-10-06 13:22:52,91.15199156957632,0.8959989440862606,0,normal,1,-0.02870978249220424
2026-10-06 13:22:53,87.48763807617908,0.5518588013556461,0,normal,1,-0.06887773366169025
2026-10-06 13:22:54,85.97667963878763,0.8758036368253422,0,normal,1,-0.10773579737824146
2026-10-06 13:22:55,92.07819262248802,0.5528068951817734,0,normal,1,-0.03016224724831784
2026-10-06 13:22:56,86.98495433104779,0.8185010015429546,0,normal,1,-0.060031365334105136
2026-10-06 13:22:57,82.38323580656606,0.8886956472851555,0,normal,1,-0.1523349595842275
2026-10-06 13:22:58,88.38027712600663,0.7191704782781078,0,normal,1,-0.01858583168631589
2026-10-06 13:22:59,87.22991169217974,0.9853345841471676,0,normal,1,-0.12474019670815772
2026-10-06 13:23:00,86.35700231288382,0.7804201136431254,0,normal,1,-0.06939336379256067
2026-10-06 13:23:01,91.56927877891312,0.9726434843945364,0,normal,1,-0.07137650776078974
2026-10-06 13:23:02,93.29112798429072,0.6780870745349864,0,normal,0,0.0013245033751181357
2026-10-06 13:23:03,92.24133598649428,0.7849464183080416,0,normal,1,-0.003963102370040161
2026-10-06 13:23:04,92.2938166738478,0.637106310502757,0,normal,1,-0.005963448497080859
2026-10-06 13:23:05,91.04530830420948,0.8339377072082192,0,normal,1,-0.005692858778447052
2026-10-06 13:23:06,90.77829158840088,0.7420110334133293,0,normal,0,0.006124195781382347
2026-10-06 13:23:07,88.90958227762619,0.7312531510114098,0,normal,1,-0.014271096765867575
2026-10-06 13:23:08,86.00447668863762,0.8086938374375379,0,normal,1,-0.07993823658395616
2026-10-06 13:23:09,85.78931453903009,0.8715519213672892,0,normal,1,-0.11441453986741779
2026-10-06 13:23:10,88.48592128453787,0.7695219692902464,0,normal,1,-0.023354040119504593
2026-10-06 13:23:11,89.70755693751886,0.5187391112158812,0,normal,1,-0.050130136015164584
2026-10-06 13:23:12,91.4043031422338,0.6983770662184621,0,normal,0,0.006266275099293339
2026-10-06 13:23:13,94.20115822751784,0.9557114381632418,0,normal,1,-0.08165941082555683
2026-10-06 13:23:14,88.69269060782148,1.025277092413231,0,normal,1,-0.1281914314504724
2026-10-06 13:23:15,88.31652502735348,0.8723719710914307,0,normal,1,-0.055697136685558424
2026-10-06 13:23:16,88.18161675427392,0.8534979638390875,0,normal,1,-0.04224511735775893
2026-10-06 13:23:17,86.22327007328612,0.5806226141352064,0,normal,1,-0.08573177837250567
2026-10-06 13:23:18,90.54665783898878,0.7759363561391674,0,normal,1,-0.0020005918467217443
2026-10-06 13:23:19,89.34015978029201,0.9819622071763888,0,normal,1,-0.1000090695417748
2026-10-06 13:23:20,90.84179664315955,0.6938225708431451,0,normal,0,0.005986360598024543
2026-10-06 13:23:21,89.60617050466114,0.589787625870317,0,normal,1,-0.0308320984194298
2026-10-06 13:23:22,86.30566264040093,0.945153098575794,0,normal,1,-0.11718655283733914
2026-10-06 13:23:23,92.17293143963268,0.7099843190020791,0,normal,0,0.003910172113179289
2026-10-06 13:23:24,88.69269215065461,0.7389764443246701,0,normal,1,-0.013585212844255734
2026-10-06 13:23:25,91.24434908482654,0.5319716378366248,0,normal,1,-0.03673507061049874
2026-10-06 13:23:26,91.75499289019164,0.746721405319153,0,normal,0,0.003565083183438289
2026-10-06 13:23:27,87.07633109935266,0.5040746429711662,0,normal,1,-0.0802234739357287
2026-10-06 13:23:28,88.01345711093416,0.6892012126856363,0,normal,1,-0.021590199976900704
2026-10-06 13:23:29,89.6361839158683,0.973551854569652,0,normal,1,-0.08910305052120271
2026-10-06 13:23:30,93.48852733152214,0.8814047137955772,0,normal,1,-0.03755362278459162
2026-10-06 13:23:31,89.45685970725347,0.668165129290547,0,normal,1,-0.01004208603482959
2026-10-06 13:23:32,89.79014938705409,0.9167056962555384,0,normal,1,-0.05444799748634799
2026-10-06 13:23:33,87.12505401330985,0.8756710354039043,0,normal,1,-0.07662368208845094
2026-10-06 13:23:34,88.19061643610523,0.8447767156561542,0,normal,1,-0.03935864768770192
2026-10-06 13:23:35,87.03289792611167,1.0539722765463628,0,normal,1,-0.16114864309735943
2026-10-06 13:23:36,93.38087616738842,0.7174638545600562,0,normal,0,0.0007539319137982448
2026-10-06 13:23:37,90.33858573230424,0.7510028542927829,0,normal,1,-0.007223161077678064
2026-10-06 13:23:38,94.27316909190448,1.0065952639508466,0,normal,1,-0.11474305457969847
2026-10-06 13:23:39,94.0148133842772,0.6818708876747044,0,normal,1,-0.004802410456825945
2026-10-06 13:23:40,91.06500794165552,0.8478048407461486,0,normal,1,-0.008425695783303211
2026-10-06 13:23:41,86.72355625840213,0.6234396379548912,0,normal,1,-0.06475495788334296
2026-10-06 13:23:42,91.85386923067526,0.8820640516155153,0,normal,1,-0.027753886818136175
2026-10-06 13:23:43,90.87621572804876,0.7755276537357344,0,normal,0,0.00013096393278194673
2026-10-06 13:23:44,82.61605727769603,0.6645673700538671,0,normal,1,-0.11810883906340874
2026-10-06 13:23:45,83.84824473713195,0.6807086164372821,0,normal,1,-0.10560508659861834
2026-10-06 13:23:46,88.45335134961951,0.8572628808756101,0,normal,1,-0.04248823866058371
2026-10-06 13:23:47,89.44555204192646,0.7982718639504041,0,normal,1,-0.01829027087530133
2026-10-06 13:23:48,86.01028552361767,0.3894852136146145,0,normal,1,-0.11537020918114771
2026-10-06 13:23:49,90.06355024394387,0.9189073627431982,0,normal,1,-0.049094362446309936
2026-10-06 13:23:50,90.34138396113622,0.6896760674167255,0,normal,0,0.0007559357381696219
2026-10-06 13:23:51,92.24784300285086,0.7897853531220816,0,normal,1,-0.004396921536109932
2026-10-06 13:23:52,93.90474729563678,0.7894327376713247,0,normal,1,-0.012091499979616671
2026-10-06 13:23:53,90.52735098145148,0.97598304469949,0,normal,1,-0.07639956724903818
2026-10-06 13:23:54,89.78964446475565,1.0338190390691833,0,normal,1,-0.12457227791868397
2026-10-06 13:23:55,92.81300974212924,0.8005107158562351,0,normal,1,-0.00606763206282479
2026-10-06 13:23:56,94.1973745518416,0.6794483853466233,0,normal,1,-0.009928183168230853
2026-10-06 13:23:57,90.04460778388608,0.9084419331167028,0,normal,1,-0.046123596356176244
2026-10-06 13:23:58,90.50539971043808,0.5021148612360216,0,normal,1,-0.0495860303426221
2026-10-06 13:23:59,91.33497276852528,0.9170030838088932,0,normal,1,-0.0358967646808771
2026-10-06 13:24:00,88.59120915652116,0.5925053045036638,0,normal,1,-0.042008109136754124
2026-10-06 13:24:01,90.15600053473788,0.9554951204546616,0,normal,1,-0.0657948026981936
2026-10-06 13:24:02,93.6321783496356,0.6242983618230863,0,normal,1,-0.020343735435312982
2026-10-06 13:24:03,89.35848074739256,1.0223487683214023,0,normal,1,-0.12367545209767938
2026-10-06 13:24:04,87.54545113041189,0.8251391631023359,0,normal,1,-0.046114497651170594
2026-10-06 13:24:05,89.21648935855602,0.7643600862511676,0,normal,1,-0.01047351725628587
2026-10-06 13:24:06,89.24199369865589,0.7802043308782435,0,normal,1,-0.01332909759119405
2026-10-06 13:24:07,91.7280908967738,0.77701153655603,0,normal,0,0.0016478510554464032
2026-10-06 13:24:08,91.61203783977484,0.5814200251752611,0,normal,1,-0.02616295079833153
2026-10-06 13:24:09,88.56741984161629,0.6902392381353477,0,normal,1,-0.015310791688256442
2026-10-06 13:24:10,90.40149296022736,0.4364043028824164,0,normal,1,-0.08216240413984666
2026-10-06 13:24:11,90.07439404934183,0.8099666521878609,0,normal,1,-0.014947420084180485
2026-10-06 13:24:12,86.7121015770291,0.6807603517000893,0,normal,1,-0.05502078560213097
2026-10-06 13:24:13,90.91337889955976,0.907345570095551,0,normal,1,-0.034441653028948194
2026-10-06 13:24:14,85.34446972788008,0.8706490720790959,0,normal,1,-0.12224317797037443
2026-10-06 13:24:15,90.67324492868478,0.6989245131715982,0,normal,0,0.007315620421961877
2026-10-06 13:24:16,92.81799878481732,0.6321205752593306,0,normal,1,-0.010792363203439237
2026-10-06 13:24:17,91.01595402072486,0.5756969021255787,0,normal,1,-0.02729613166104483
2026-10-06 13:24:18,93.21981675822391,0.6270573107045083,0,normal,1,-0.015712563948757974
2026-10-06 13:24:19,80.09629870538589,0.8712413040005385,0,normal,1,-0.15660076928861622
2026-10-06 13:24:20,88.93401517153656,0.7809417252368379,0,normal,1,-0.017230906839852067
2026-10-06 13:24:21,89.01559160316091,0.8123820684616259,0,normal,1,-0.023542095732443924
2026-10-06 13:24:22,84.90816552895913,0.6739826095177829,0,normal,1,-0.09206659074479029
2026-10-06 13:24:23,91.40011670557452,0.7258030449716621,0,normal,0,0.006959739159242195
2026-10-06 13:24:24,91.3144676819864,0.9583396278658612,0,normal,1,-0.056021354381322164
2026-10-06 13:24:25,88.50593348462196,0.7673648089371948,0,normal,1,-0.022765332258337767
2026-10-06 13:24:26,91.15840467797992,0.5797819655885783,0,normal,1,-0.024515153385372024
2026-10-06 13:24:27,90.38376423126728,0.6725133132880696,0,normal,1,-0.002766735020443778
2026-10-06 13:24:28,93.03028694998116,0.6441725847860962,0,normal,1,-0.008877460100974344
2026-10-06 13:24:29,89.99799600275108,0.7838412953881568,0,normal,1,-0.012339103746255908
2026-10-06 13:24:30,87.55042513371117,0.7510927935028221,0,normal,1,-0.038061433605753425
2026-10-06 13:24:31,87.74600012425563,0.6630032281066967,0,normal,1,-0.03501491683469993
2026-10-06 13:24:32,84.73094321897796,1.094844575319033,0,normal,1,-0.2003651111458381
2026-10-06 13:24:33,85.64750655742203,0.8914843658960541,0,normal,1,-0.12102502446778107
2026-10-06 13:24:34,88.66430077419726,0.9222214116974627,0,normal,1,-0.0636229985755461
2026-10-06 13:24:35,91.35705050416018,0.8227546161222378,0,normal,1,-0.0002144940251419536
2026-10-06 13:24:36,90.97630694986177,1.042765843977056,0,normal,1,-0.12052030853070095
2026-10-06 13:24:37,86.28933806706593,0.8834403158239434,0,normal,1,-0.10192479670926546
2026-10-06 13:24:38,92.3112292170352,0.9286212658340725,0,normal,1,-0.046818078161030785
2026-10-06 13:24:39,94.646289969527,0.7674307769234346,0,normal,1,-0.02078312858490583
2026-10-06 13:24:40,93.40300756691444,0.6386893274069066,0,normal,1,-0.011938386406837198
2026-10-06 13:24:41,91.12057446492727,0.6416093692472906,0,normal,1,-0.0011629498090885981
2026-10-06 13:24:42,91.94959386543492,0.9208977501041452,0,normal,1,-0.04017244026882871
2026-10-06 13:24:43,91.2548713245034,0.7734598021537502,0,normal,0,0.0011344578398707617
2026-10-06 13:24:44,87.72192271744758,0.6816595052422711,0,normal,1,-0.02987510953272665
2026-10-06 13:24:45,92.14051673760262,0.6475580410770454,0,normal,1,-0.0014211435605580025
2026-10-06 13:24:46,84.53450092727222,0.7149243661461937,0,normal,1,-0.09687533663649417
2026-10-06 13:24:47,94.65657251772144,0.5869795107045869,0,normal,1,-0.04796251744846425
2026-10-06 13:24:48,90.10363164131668,0.8204209590684943,0,normal,1,-0.012074650054277103
2026-10-06 13:24:49,91.531728622207,0.8128087066312953,0,normal,1,-0.0013667430539373582
2026-10-06 13:24:50,94.29584514049294,0.8229814771164427,0,normal,1,-0.020229856876310848
2026-10-06 13:24:51,90.4786977147172,0.4327719678484292,0,normal,1,-0.08303066612443721
2026-10-06 13:24:52,93.83763842929656,1.0211827659903665,0,normal,1,-0.1215241951734084
2026-10-06 13:24:53,90.70808955747036,0.7478911975880003,0,normal,0,0.0033559995057405034
2026-10-06 13:24:54,90.46629290682228,0.6818461563312617,0,normal,0,0.0026796456829786264
2026-10-06 13:24:55,91.17265210744615,0.9916476933350268,0,normal,1,-0.08515445332415705
2026-10-06 13:24:56,85.48036591584832,0.7387039504582452,0,normal,1,-0.08222667048768206
2026-10-06 13:24:57,89.31688832672268,1.0453303851955904,0,normal,1,-0.1376065249609032
2026-10-06 13:24:58,89.07054360564996,0.7554517690914638,0,normal,1,-0.017411449604553764
2026-10-06 13:24:59,90.6945231712292,0.6772406728628,0,normal,0,0.00635437023892188
2026-10-06 13:25:00,88.91774274715725,0.8224572746751118,0,normal,1,-0.022687723561495843
2026-10-06 13:25:01,91.60939849497926,0.9952286578535692,0,normal,1,-0.0885014390633776
2026-10-06 13:25:02,95.2420168012032,0.6394579152422605,0,normal,1,-0.0394974184324266
2026-10-06 13:25:03,90.80201166525492,0.9577614870406173,0,normal,1,-0.05796784907327135
2026-10-06 13:25:04,93.99320168849955,0.7285837940687547,0,normal,1,-0.002233804925970473
2026-10-06 13:25:05,92.47224869074338,0.5234622781425221,0,normal,1,-0.048806155871381374
2026-10-06 13:25:06,89.69648363814603,0.8377841069291345,0,normal,1,-0.02348426394548564
2026-10-06 13:25:07,91.91939812098528,0.8747032646700592,0,normal,1,-0.025044850404213226
2026-10-06 13:25:08,88.63969047618735,0.4483615899068076,0,normal,1,-0.08126601295153124
2026-10-06 13:25:09,86.44405756599122,0.6094314158366593,0,normal,1,-0.07655513837008565
2026-10-06 13:25:10,88.021820988603,0.6514914630989092,0,normal,1,-0.02734141464927986
2026-10-06 13:25:11,90.50927654411127,0.7002727664466805,0,normal,0,0.003092772414430789
2026-10-06 13:25:12,91.60425978147532,0.50442452848671,0,normal,1,-0.05056098758296301
2026-10-06 13:25:13,89.34377914368743,0.9108075449498856,0,normal,1,-0.053805511208367185
2026-10-06 13:25:14,91.76872463412803,0.8934065382539916,0,normal,1,-0.02664129815958627
2026-10-06 13:25:15,89.94471339309646,0.7734532050995558,0,normal,1,-0.008932287030727681
2026-10-06 13:25:16,91.3483473909285,0.8245579555831432,0,normal,1,-0.0005774589144446063
2026-10-06 13:25:17,88.58032220310555,0.6458493754366502,0,normal,1,-0.021809800948545677
2026-10-06 13:25:18,85.76706729722142,0.6773522353312479,0,normal,1,-0.07136325502998253
2026-10-06 13:25:19,86.76475129548108,0.9003037080818315,0,normal,1,-0.09536758423592195
2026-10-06 13:25:20,87.56648919661818,0.4846131772649846,0,normal,1,-0.07801022301786398
2026-10-06 13:25:21,88.59961303605431,0.7606160095453435,0,normal,1,-0.019829180093650645
2026-10-06 13:25:22,92.28923004539806,0.5668971684714055,0,normal,1,-0.02956812686091126
2026-10-06 13:25:23,90.1214267950525,0.6642516578470827,0,normal,1,-0.007829756739901717
2026-10-06 13:25:24,89.37802064464647,0.4815167785089971,0,normal,1,-0.06024003003771594
2026-10-06 13:25:25,88.76931812199454,0.7144509807027254,0,normal,1,-0.012468787959048933
2026-10-06 13:25:26,91.50195561085889,0.7008119778872405,0,normal,0,0.00545001128990763
2026-10-06 13:25:27,92.68354179314834,0.9274476744910816,0,normal,1,-0.05116555418841451
2026-10-06 13:25:28,88.9368103646353,0.8103637229738988,0,normal,1,-0.023858627317831615
2026-10-06 13:25:29,93.9730731142054,0.829373642495695,0,normal,1,-0.01896156917470382
2026-10-06 13:25:30,93.74997118993808,0.8872360122764166,0,normal,1,-0.04224121793951119
2026-10-06 13:25:31,89.94407817456556,0.7618257570230214,0,normal,1,-0.010171379643911127
2026-10-06 13:25:32,86.63576742855805,0.9830302577945838,0,normal,1,-0.13887317074781003
2026-10-06 13:25:33,88.36211736072165,0.763071351408453,0,normal,1,-0.02465626385212616
2026-10-06 13:25:34,87.27625533427349,0.4053131668942704,0,normal,1,-0.10183839641176162
2026-10-06 13:25:35,90.98610727010625,0.5443414808738267,0,normal,1,-0.03450642495094902
2026-10-06 13:25:36,88.41379334530649,0.8306731684026781,0,normal,1,-0.034187911741677346
2026-10-06 13:25:37,92.97628341731364,0.5333300954053223,0,normal,1,-0.04829202928435661
2026-10-06 13:25:38,88.76690660417543,0.7194839688458659,0,normal,1,-0.011608783202375683
2026-10-06 13:25:39,91.36953765648812,0.9133158929204526,0,normal,1,-0.03635084308862002
2026-10-06 13:25:40,88.97495032644262,0.7401511566143606,0,normal,1,-0.012426486623070665
2026-10-06 13:25:41,91.80579213952888,0.8420192564043075,0,normal,1,-0.008402372611260867
2026-10-06 13:25:42,93.1873505740835,0.8332741846469963,0,normal,1,-0.016299341222607677
2026-10-06 13:25:43,86.15061404269541,0.4967289104957853,0,normal,1,-0.09520217261853126
2026-10-06 13:25:44,89.59187555654083,0.4150775716004322,0,normal,1,-0.08995213335248342
2026-10-06 13:25:45,92.22890861673976,1.1050554381558602,0,normal,1,-0.14811142874127892
2026-10-06 13:25:46,90.10480052014182,0.8844041837370014,0,normal,1,-0.04029002045150609
2026-10-06 13:25:47,93.06872300504098,0.6532370388931221,0,normal,1,-0.006758555623339935
2026-10-06 13:25:48,91.69984617907876,1.025698905768846,0,normal,1,-0.10712637688457172
2026-10-06 13:25:49,92.49674041290255,0.7652617971596615,0,normal,1,-0.0028389295513575608
2026-10-06 13:25:50,97.3389947614409,0.7091184551028041,0,normal,1,-0.07814647624680005
2026-10-06 13:25:51,99.37015948078268,0.8184351989184873,0,normal,1,-0.1253631907524
2026-10-06 13:25:52,90.06498546188048,0.8528061631763445,0,normal,1,-0.0210401086823353
2026-10-06 13:25:53,91.53628172587612,0.8092377240184676,0,normal,1,-0.003914543803455017
2026-10-06 13:25:54,90.82305920966424,0.6058020398949944,0,normal,1,-0.01787391702054042
2026-10-06 13:25:55,91.0983650501614,0.9292099876950126,0,normal,1,-0.04462558744073997
2026-10-06 13:25:56,94.82653754634528,0.7377643027763299,0,normal,1,-0.017626570328480584
2026-10-06 13:25:57,88.95251469492628,0.6206376250156863,0,normal,1,-0.030424086463597844
2026-10-06 13:25:58,91.82393720237968,0.677978063814262,0,normal,0,0.008244919451564692
2026-10-06 13:25:59,90.18652249153538,0.9598440509840972,0,normal,1,-0.06871730281938304
2026-10-06 13:26:00,86.08542882955878,0.9081493261876382,0,normal,1,-0.10955469445034205
2026-10-06 13:26:01,94.4748774020434,0.7317254678399496,0,normal,1,-0.015238997497775908
2026-10-06 13:26:02,88.94095558844583,0.5297428406619847,0,normal,1,-0.05140386231032412
2026-10-06 13:26:03,93.29635600928808,0.7485493614306641,0,normal,1,-0.0017700939364957424
2026-10-06 13:26:04,93.35265964452964,0.8789326649963769,0,normal,1,-0.03999012002796909
2026-10-06 13:26:05,87.41190894790337,0.7621964314832512,0,normal,1,-0.041170020080879666
2026-10-06 13:26:06,91.37045542364172,0.781212255697338,0,normal,0,0.00017444904296037844
2026-10-06 13:26:07,88.24288216457614,0.8095694291868037,0,normal,1,-0.034884232319607356
2026-10-06 13:26:08,92.00372878953084,0.861231138192552,0,normal,1,-0.01643461591925066
2026-10-06 13:26:09,89.2639585771809,0.6094990419095634,0,normal,1,-0.029422700533026536
2026-10-06 13:26:10,86.556130345556,0.6508441803397358,0,normal,1,-0.05819376425651568
2026-10-06 13:26:11,91.69476879401516,0.4520748256172237,0,normal,1,-0.07537412266145682
2026-10-06 13:26:12,91.54808339984449,0.7102507362442507,0,normal,0,0.007686173896358506
2026-10-06 13:26:13,92.31195649396965,0.8004318369283808,0,normal,1,-0.004640956955256903
2026-10-06 13:26:14,87.33177929258585,1.0084155657994536,0,normal,1,-0.13470997229224901
2026-10-06 13:26:15,91.25398384392489,1.042291969506028,0,normal,1,-0.11878924001611513
2026-10-06 13:26:16,96.68194770187938,0.9082794468991234,0,normal,1,-0.10728082661064475
2026-10-06 13:26:17,95.3396932213624,0.6602765314950123,0,normal,1,-0.040951831862035326
2026-10-06 13:26:18,87.91141494058118,0.6340439555857972,0,normal,1,-0.037000876005169214
2026-10-06 13:26:19,91.04875691911684,1.0067394676432415,0,normal,1,-0.09785819195000611
2026-10-06 13:26:20,90.11195829132242,0.8631615744179527,0,normal,1,-0.029196108842722168
2026-10-06 13:26:21,90.7534379822375,0.8403518970482495,0,normal,1,-0.010261527027444428
2026-10-06 13:26:22,87.54186993927965,0.8230801637262228,0,normal,1,-0.046114497651170594
2026-10-06 13:26:23,88.16588698929063,0.5916452850940813,0,normal,1,-0.05024711462251885
2026-10-06 13:26:24,88.84676430320252,0.7436790215950352,0,normal,1,-0.01483662779231354
2026-10-06 13:26:25,90.19343549860037,0.8330488995435568,0,normal,1,-0.017742384544473855
2026-10-06 13:26:26,88.73409934664515,0.5822218130165638,0,normal,1,-0.044914677105302614
2026-10-06 13:26:27,90.80459239287688,0.6339852390523922,0,normal,1,-0.007038248072473663
2026-10-06 13:26:28,91.6636404738656,0.8639469670512857,0,normal,1,-0.01640489438705628
2026-10-06 13:26:29,95.08206518372492,0.9957088102966976,0,normal,1,-0.11904032598207015
2026-10-06 13:26:30,90.7119139336746,0.589260657062711,0,normal,1,-0.022872352972594823
2026-10-06 13:26:31,91.34243276351437,0.7504317965721145,0,normal,0,0.0015318412736398113
2026-10-06 13:26:32,89.96786638302557,0.7332319074891478,0,normal,1,-0.006682647682555332
2026-10-06 13:26:33,91.70305077578922,0.8961489130544142,0,normal,1,-0.02580047574272215
2026-10-06 13:26:34,87.40982760463973,0.5773212755763689,0,normal,1,-0.06383073879656476
2026-10-06 13:26:35,89.60908384582041,0.6755138644350028,0,normal,1,-0.006819462008287758
2026-10-06 13:26:36,94.900803894146,0.6896730802964719,0,normal,1,-0.022059525120939005
2026-10-06 13:26:37,92.9981450373761,0.7577362982380869,0,normal,1,-0.006369598223906148
2026-10-06 13:26:38,87.88737203738812,0.7007622011192625,0,normal,1,-0.024759095609350523
2026-10-06 13:26:39,94.1777786736943,0.7227104697983392,0,normal,1,-0.007546106065034031
2026-10-06 13:26:40,93.78436876760082,0.6779938366359586,0,normal,1,-0.0026157272170838075
2026-10-06 13:26:41,98.02607106117485,0.632117301587462,0,normal,1,-0.10488828271628892
2026-10-06 13:26:42,86.71546101595102,0.799139261106976,0,normal,1,-0.064642377562383
2026-10-06 13:26:43,92.94496747990296,0.8484272679459299,0,normal,1,-0.017657168539390256
2026-10-06 13:26:44,89.16160859476486,1.0246909931825792,0,normal,1,-0.1285911237080838
2026-10-06 13:26:45,94.58768721437434,0.6342287610728101,0,normal,1,-0.03236754491709681
2026-10-06 13:26:46,90.09411563028456,0.7353422961277188,0,normal,1,-0.0028077150469671963
2026-10-06 13:26:47,91.87603392822056,0.6205567840350588,0,normal,1,-0.007878882257758124
2026-10-06 13:26:48,88.98234584367411,0.613836298371333,0,normal,1,-0.032254978317225125
2026-10-06 13:26:49,94.46148345333351,0.8007737398729181,0,normal,1,-0.023703743966418167
2026-10-06 13:26:50,91.4292794398613,0.8245502622221786,0,normal,1,-0.001615146937767209
2026-10-06 13:26:51,90.50430709782506,0.9483057932997192,0,normal,1,-0.05604200532949788
2026-10-06 13:26:52,94.72502037669132,0.9156046095123002,0,normal,1,-0.07044948208279389
2026-10-06 13:26:53,94.41732277375124,0.749397781519098,0,normal,1,-0.015979930673677534
2026-10-06 13:26:54,91.30323708169288,0.5335150909388373,0,normal,1,-0.034182293869694846
2026-10-06 13:26:55,91.48034048238304,0.5392352534383569,0,normal,1,-0.03316270817751765
2026-10-06 13:26:56,85.24187105946814,0.8474885158011184,0,normal,1,-0.11017665750912953
2026-10-06 13:26:57,89.16409896777132,0.8198620770721745,0,normal,1,-0.020381251828676783
2026-10-06 13:26:58,90.41236166627417,0.6752638406768198,0,normal,1,-0.002278522889001211
2026-10-06 13:26:59,87.68614108872802,0.9573025551016046,0,normal,1,-0.09428042231566414
2026-10-06 13:27:00,94.13443187049724,0.4279715142236714,0,normal,1,-0.10253894881364611
2026-10-06 13:27:01,93.23247612218717,0.8189031095108428,0,normal,1,-0.00885181297997606
2026-10-06 13:27:02,94.30209496826554,0.7699704021445675,0,normal,1,-0.013119940148980103
2026-10-06 13:27:03,97.44473035335989,0.6753531187172722,0,normal,1,-0.08752011378138624
2026-10-06 13:27:04,97.29522541155444,0.6844346930069515,0,normal,1,-0.07945230545947712
2026-10-06 13:27:05,90.05990801669437,0.6648818510176187,0,normal,1,-0.006603108058082285
2026-10-06 13:27:06,95.12026872155089,0.7661672765011714,0,normal,1,-0.0282866701597686
2026-10-06 13:27:07,94.36985053767252,0.8820431171349912,0,normal,1,-0.0467961213767184
2026-10-06 13:27:08,88.90105169062731,0.4192283975338005,0,normal,1,-0.08929055633072602
2026-10-06 13:27:09,92.30003506314264,0.7900295141542283,0,normal,1,-0.0038105461930086904
2026-10-06 13:27:10,91.8274398989838,0.6807560183993491,0,normal,0,0.00809332110535499
2026-10-06 13:27:11,88.34357436207895,0.4218138168105719,0,normal,1,-0.09199536008094722
2026-10-06 13:27:12,87.1664522133961,0.9037192493220004,0,normal,1,-0.08179500148716379
2026-10-06 13:27:13,92.15583395423864,0.6956826372760923,0,normal,0,0.003014362806531057
2026-10-06 13:27:14,92.30524199056993,0.7426623551575869,0,normal,0,0.0036801379188732275
2026-10-06 13:27:15,91.8740147660931,0.8298094019716431,0,normal,1,-0.006512117909388437
2026-10-06 13:27:16,93.13160851404994,0.7098908834511428,0,normal,1,-9.396663618743695e-05
2026-10-06 13:27:17,87.73314614694596,0.7554892657550222,0,normal,1,-0.03380706523515575
2026-10-06 13:27:18,87.99932357727467,0.8487657455357775,0,normal,1,-0.04158916948764613
2026-10-06 13:27:19,91.44400498043768,1.038860637262914,0,normal,1,-0.12013907453319939
2026-10-06 13:27:20,87.11320380594238,0.76107063510631,0,normal,1,-0.047470336998474694
2026-10-06 13:27:21,89.71832713133969,0.7126350308781917,0,normal,1,-0.005771385130078466
2026-10-06 13:27:22,92.0127651227424,1.0242401385317257,0,normal,1,-0.10977914440080494
2026-10-06 13:27:23,89.59150958507702,0.695249621276952,0,normal,1,-0.004706539311337465
2026-10-06 13:27:24,94.09253158607774,0.8112849039358287,0,normal,1,-0.018874937479986698
2026-10-06 13:27:25,92.6541617520512,0.5771948032814486,0,normal,1,-0.030056863133780642
2026-10-06 13:27:26,94.33622935227106,0.8134353985729595,0,normal,1,-0.020745749202518926
2026-10-06 13:27:27,97.42400881754064,0.8565908501429368,0,normal,1,-0.10081114782274858
2026-10-06 13:27:28,89.6047996222319,0.6513756284975145,0,normal,1,-0.010546801327466104
2026-10-06 13:27:29,92.4174203587298,0.992556674294611,0,normal,1,-0.0936902253438886
2026-10-06 13:27:30,93.65970196819772,0.5552144592105072,0,normal,1,-0.04554469678834505
2026-10-06 13:27:31,91.21497687431214,0.7805881444030571,0,normal,0,0.001086180990144625
2026-10-06 13:27:32,89.12402844295092,0.92553589972992,0,normal,1,-0.06499910464061598
2026-10-06 13:27:33,85.39550030770144,0.8060288095019078,0,normal,1,-0.09532873330086777
2026-10-06 13:27:34,90.5438629107244,0.5721172239817294,0,normal,1,-0.02628190978782463
2026-10-06 13:27:35,89.75019783839164,0.7644398926144415,0,normal,1,-0.010009415084229922
2026-10-06 13:27:36,89.39391422903502,0.8809347725967536,0,normal,1,-0.04425880017692618
2026-10-06 13:27:37,88.83267901340838,0.740996447599312,0,normal,1,-0.013622864820806657
2026-10-06 13:27:38,94.8291633133504,0.7715493723822604,0,normal,1,-0.02122111186345388
2026-10-06 13:27:39,96.07328365328368,0.8750438950500158,0,normal,1,-0.07221209347040791
2026-10-06 13:27:40,87.40611836537353,0.7349656086554014,0,normal,1,-0.039256632585576545
2026-10-06 13:27:41,91.56831473643848,0.8312210460958033,0,normal,1,-0.004683351035496219
2026-10-06 13:27:42,89.75974631861509,0.4567848378414866,0,normal,1,-0.07415004724263585
2026-10-06 13:27:43,91.114544587098,0.6951122222726029,0,normal,0,0.007979967689533629
2026-10-06 13:27:44,91.9335697887467,0.7573059046034442,0,normal,1,-0.004289378547604583
2026-10-06 13:27:45,90.8567556647552,0.96371150760869,0,normal,1,-0.05940864976284066
2026-10-06 13:27:46,89.80535020606521,0.752783667291068,0,normal,1,-0.01012998417098454
2026-10-06 13:27:47,93.647862218422,0.625960296315484,0,normal,1,-0.020131243097187834
2026-10-06 13:27:48,92.91031801604264,0.8150959953867832,0,normal,1,-0.007598590204542344
2026-10-06 13:27:49,95.2918274720736,0.7447393158765254,0,normal,1,-0.03155861252509651
2026-10-06 13:27:50,92.66654580410164,0.7012749468485872,0,normal,0,0.0018411748785874815
2026-10-06 13:27:51,89.96423631931793,0.869011847658709,0,normal,1,-0.03684409349788231
2026-10-06 13:27:52,92.97910379150682,0.5136093234422935,0,normal,1,-0.05895629702268068
2026-10-06 13:27:53,87.74363986225201,0.8680391945301489,0,normal,1,-0.061717415159177835
2026-10-06 13:27:54,90.6034522928688,0.6558834056428468,0,normal,0,0.0015028288706404602
2026-10-06 13:27:55,94.06853299988887,0.64265326188975,0,normal,1,-0.01800791921422018
2026-10-06 13:27:56,91.61733861542486,0.6016860792336721,0,normal,1,-0.016247296177588466
2026-10-06 13:27:57,91.96948805214652,0.7447914692076109,0,normal,0,0.0014507408313521042
2026-10-06 13:27:58,93.3834034096503,0.8444764290956966,0,normal,1,-0.019837115354723545
2026-10-06 13:27:59,90.46236294676372,0.6953585599064958,0,normal,0,0.002887395484652666
2026-10-06 13:28:00,67.5899945511546,0.100971513309999,0,normal,0,0.09681069488511385
2026-10-06 13:28:01,68.69346629842282,0.0610142177861818,0,normal,0,0.1329549017188103
2026-10-06 13:28:02,67.85895619915911,0.062466621849756,0,normal,0,0.12764868506842098
2026-10-06 13:28:03,67.58945731396788,0.0811095330683101,0,normal,0,0.1188181583139582
2026-10-06 13:28:04,70.45786828078812,0.0774181420014192,0,normal,0,0.12586711477705803
2026-10-06 13:28:05,69.89597325163736,0.0996506015037635,0,normal,0,0.10619844523975347
2026-10-06 13:28:06,67.75013375980369,0.0096392420330607,0,normal,1,-0.03597208241613137
2026-10-06 13:28:07,65.87139142325472,0.0825322673552336,0,normal,0,0.09967634446761137
2026-10-06 13:28:08,66.40519093622792,0.1094998759468484,0,normal,0,0.06742901270168755
2026-10-06 13:28:09,66.2661042375915,0.0735196777384893,0,normal,0,0.11210798491184387
2026-10-06 13:28:10,64.42240607339151,0.0974720891319229,0,normal,0,0.03756191349424448
2026-10-06 13:28:11,65.98004434883816,0.0791301088320166,0,normal,0,0.10509435399711198
2026-10-06 13:28:12,66.96968369736685,0.1080270132249081,0,normal,0,0.07538630386148337
2026-10-06 13:28:13,71.02568481179101,0.1033898792474818,0,normal,0,0.08890674763409706
2026-10-06 13:28:14,71.20850324662744,0.0613077977916417,0,normal,0,0.131753405647538
2026-10-06 13:28:15,70.4921039239566,0.0145519891229709,0,normal,1,-0.01212461188362135
2026-10-06 13:28:16,68.80156261964429,0.1279026715159761,0,normal,0,0.03280869705416323
2026-10-06 13:28:17,70.15531674003715,0.0979643574598751,0,normal,0,0.1028939656802777
2026-10-06 13:28:18,68.04328305673843,0.0650098326716516,0,normal,0,0.13021488988475088
2026-10-06 13:28:19,65.27941160009556,0.0499373912577617,0,normal,0,0.07644726782936967
2026-10-06 13:28:20,64.69186034947198,0.0901254457595694,0,normal,0,0.054699318204621095
2026-10-06 13:28:21,67.80821092480642,0.0584737953610127,0,normal,0,0.12367405779468527
2026-10-06 13:28:22,61.17054587209893,0.0709023572647198,0,normal,0,0.021638277853263388
2026-10-06 13:28:23,64.98425716412805,0.0871576743086024,0,normal,0,0.071137039464574
2026-10-06 13:28:24,66.01272673327749,0.0970154600593747,0,normal,0,0.0834779555233503
2026-10-06 13:28:25,67.29992391560727,0.0288479031263809,0,normal,0,0.029802823147479396
2026-10-06 13:28:26,66.47716866469345,0.0753015468437913,0,normal,0,0.11536854276346364
2026-10-06 13:28:27,67.3934740081833,0.100416671362441,0,normal,0,0.09649956116306091
2026-10-06 13:28:28,67.03249312400119,0.0801097114218317,0,normal,0,0.1119864705910989
2026-10-06 13:28:29,67.00807786688166,0.0513245242192629,0,normal,0,0.10148517400817852
2026-10-06 13:28:30,68.37580653682801,0.0635495767292563,0,normal,0,0.13159713264944806
2026-10-06 13:28:31,67.81508620901407,0.0767051143188393,0,normal,0,0.12410880483188552
2026-10-06 13:28:32,65.44118266946228,0.0709580207776831,0,normal,0,0.10059451282146015
2026-10-06 13:28:33,64.60212376434716,0.0511902275880908,0,normal,0,0.053124510943895975
2026-10-06 13:28:34,64.03582455950122,0.1245692725652111,0,normal,1,-0.02625711750032289
2026-10-06 13:28:35,66.17807101413075,0.1241811440135867,0,normal,0,0.02530598856441668
2026-10-06 13:28:36,65.19072682098324,0.0842688026151652,0,normal,0,0.08171172140523869
2026-10-06 13:28:37,66.47708139910158,0.0809704291838696,0,normal,0,0.11097866630468511
2026-10-06 13:28:38,67.38434892378963,0.0724421573142018,0,normal,0,0.12227394899292049
2026-10-06 13:28:39,69.69525621825952,0.0463002932436317,0,normal,0,0.11734557821093311
2026-10-06 13:28:40,66.61503324337528,0.007902733182844,0,normal,1,-0.056170200704455886
2026-10-06 13:28:41,67.41932236299664,0.0846822268951019,0,normal,0,0.11558015413686407
2026-10-06 13:28:42,67.83379742080191,0.0991519785007473,0,normal,0,0.10108669447078644
2026-10-06 13:28:43,64.30322293388268,0.082312129180915,0,normal,0,0.05535685229418946
2026-10-06 13:28:44,65.36856829083627,0.098561951189314,0,normal,0,0.06721192532556913
2026-10-06 13:28:45,63.43255397130072,0.0629485692896764,0,normal,0,0.04187825423212599
2026-10-06 13:28:46,64.69576146609926,0.092201274374893,0,normal,0,0.05608440339207027
2026-10-06 13:28:47,68.31387178440917,0.0837683192902199,0,normal,0,0.12613686494056453
2026-10-06 13:28:48,66.7771086991742,0.0630157558959007,0,normal,0,0.11688647205219344
2026-10-06 13:28:49,69.12485474250617,0.0857500220946984,0,normal,0,0.12441146152718607
2026-10-06 13:28:50,70.62721211897897,0.0704966740611827,0,normal,0,0.1319080289655868
2026-10-06 13:28:51,67.19672435574952,0.0737679473541219,0,normal,0,0.11998282341096234
2026-10-06 13:28:52,69.45333896458577,0.10791244846258,0,normal,0,0.09170541368141122
2026-10-06 13:28:53,68.14840010768775,0.0603763485532345,0,normal,0,0.12946461584088348
2026-10-06 13:28:54,69.14035637641736,0.0671631020036957,0,normal,0,0.13515461545899476
2026-10-06 13:28:55,65.54872374272435,0.0740328992882054,0,normal,0,0.10275437265235199
2026-10-06 13:28:56,65.21296488318097,0.0867917543158176,0,normal,0,0.08077669962203865
2026-10-06 13:28:57,66.7269211912072,0.0757659806777759,0,normal,0,0.11583727889551848
2026-10-06 13:28:58,66.9156797483807,0.1284031391177958,0,normal,0,0.01771741030096391
2026-10-06 13:28:59,66.0379739276345,0.100794682973539,0,normal,0,0.07924045794109724
2026-10-06 13:29:00,65.4183178808555,0.0788436639694239,0,normal,0,0.09330042264952548
2026-10-06 13:29:01,66.38692505782942,0.0806392198022796,0,normal,0,0.1071612402926782
2026-10-06 13:29:02,68.3123568825988,0.0954021836607622,0,normal,0,0.11219891046759434
2026-10-06 13:29:03,69.27965902038679,0.1309641062850371,0,normal,0,0.02024469803206408
2026-10-06 13:29:04,67.29593588624087,0.1345116168586313,0,normal,0,0.0025882526145700746
2026-10-06 13:29:05,67.92613505724889,0.1581949984900167,0,normal,1,-0.0451923530697228
2026-10-06 13:29:06,66.01924987056894,0.0580267875738902,0,normal,0,0.10262360050407204
2026-10-06 13:29:07,66.34316294605718,0.0761998372932822,0,normal,0,0.1116886288957229
2026-10-06 13:29:08,64.64732472474473,0.0543412577549612,0,normal,0,0.06426970499376972
2026-10-06 13:29:09,66.38310587835586,0.0752792939708074,0,normal,0,0.11392180710714905
2026-10-06 13:29:10,67.07928527103698,0.0499137704620749,1,silent_drift,0,0.1048968920138254
2026-10-06 13:29:11,66.5727407006889,0.0426098004032093,1,silent_drift,0,0.07802905531151888
2026-10-06 13:29:12,66.45314251656781,0.060405106422508,1,silent_drift,0,0.11162702808357228
2026-10-06 13:29:13,66.63531037567662,0.0455840044916924,1,silent_drift,0,0.0881765692705534
2026-10-06 13:29:14,67.04381906040867,0.0511756749558372,1,silent_drift,0,0.10389870594416584
2026-10-06 13:29:15,67.17178525272395,0.045311638872412,1,silent_drift,0,0.09611013355142334
2026-10-06 13:29:16,67.14924396697833,0.0320023493215428,1,silent_drift,0,0.042638792142721926
2026-10-06 13:29:17,67.33749837174734,0.0578261431780754,1,silent_drift,0,0.11908699152273189
2026-10-06 13:29:18,67.10527326525394,0.0505282849714303,1,silent_drift,0,0.10523054985044722
2026-10-06 13:29:19,66.83946573073949,0.0479737044403567,1,silent_drift,0,0.09418517360845807
2026-10-06 13:29:20,67.18131609095077,0.0650754288374218,1,silent_drift,0,0.12230382498176573
2026-10-06 13:29:21,67.45773159980105,0.0412524988984093,1,silent_drift,0,0.08480558607422467
2026-10-06 13:29:22,67.63747290294434,0.0671698370095446,1,silent_drift,0,0.12870552967785226
2026-10-06 13:29:23,67.22963178187572,0.0518472332733075,1,silent_drift,0,0.112485190338733
2026-10-06 13:29:24,66.9671643521719,0.0515217374614431,1,silent_drift,0,0.10238430834269141
2026-10-06 13:29:25,67.97873859530944,0.0502772256761947,1,silent_drift,0,0.11621946872830913
2026-10-06 13:29:26,67.27782354552141,0.0419202921698276,1,silent_drift,0,0.08622751941708379
2026-10-06 13:29:27,67.68263145989017,0.0466862733295731,1,silent_drift,0,0.10649941264481527
2026-10-06 13:29:28,68.12487099722617,0.0495908510179682,1,silent_drift,0,0.11979050341097303
2026-10-06 13:29:29,67.97433744278872,0.0504217607507809,1,silent_drift,0,0.1160523905180113
2026-10-06 13:29:30,67.4976514911339,0.0353997827829071,1,silent_drift,0,0.06324763204325612
2026-10-06 13:29:31,67.82870938150928,0.0394861964336327,1,silent_drift,0,0.08276647470383497
2026-10-06 13:29:32,67.32071215499958,0.0466555148498803,1,silent_drift,0,0.09976315524555596
2026-10-06 13:29:33,67.85884793365206,0.0481495368162618,1,silent_drift,0,0.10967770048268383
2026-10-06 13:29:34,67.8463127393814,0.0417168451859488,1,silent_drift,0,0.09309213556315427
2026-10-06 13:29:35,68.54904769026301,0.0517068173498558,1,silent_drift,0,0.12361912837772898
2026-10-06 13:29:36,68.30805228079157,0.0357599645899963,1,silent_drift,0,0.07447703177199971
2026-10-06 13:29:37,67.55604620711793,0.032035660165339,1,silent_drift,0,0.050886380701823386
2026-10-06 13:29:38,67.90104597609232,0.0448932165122633,1,silent_drift,0,0.1040812068624819
2026-10-06 13:29:39,68.45422618822879,0.0474997652982881,1,silent_drift,0,0.11482538941779674
2026-10-06 13:29:40,68.2904546353783,0.0529561118516627,1,silent_drift,0,0.1254837788558113
2026-10-06 13:29:41,68.29139684083907,0.0458355856153468,1,silent_drift,0,0.11091980856481992
2026-10-06 13:29:42,68.80232604914737,0.0407830818727731,1,silent_drift,0,0.09958334380950368
2026-10-06 13:29:43,68.17892974445218,0.0347674256477899,1,silent_drift,0,0.06912860181059527
2026-10-06 13:29:44,68.25218424651565,0.0511973799118618,1,silent_drift,0,0.12069628163407858
2026-10-06 13:29:45,67.49162513252473,0.0450431209790125,1,silent_drift,0,0.0994710285714771
2026-10-06 13:29:46,68.2954075137058,0.0462052124257348,1,silent_drift,0,0.10984679144121728
2026-10-06 13:29:47,68.3588403430176,0.0553457891856571,1,silent_drift,0,0.1277511473209046
2026-10-06 13:29:48,68.71483631013488,0.0413224959825322,1,silent_drift,0,0.10142517496457648
2026-10-06 13:29:49,68.52765587429928,0.0359176875395832,1,silent_drift,0,0.07553048226300646
2026-10-06 13:29:50,68.75472479321886,0.0556968867690963,1,silent_drift,0,0.13066959707698073
2026-10-06 13:29:51,68.88162067334697,0.0346237077235087,1,silent_drift,0,0.07184692846717627
2026-10-06 13:29:52,68.7664722331979,0.0569517708589952,1,silent_drift,0,0.13244413526208848
2026-10-06 13:29:53,68.49675087623682,0.0511240825598082,1,silent_drift,0,0.120527477938073
2026-10-06 13:29:54,69.39808611705027,0.0617306487292974,1,silent_drift,0,0.13418136022873678
2026-10-06 13:29:55,68.83991186671558,0.0544020365847863,1,silent_drift,0,0.12913023533993234
2026-10-06 13:29:56,68.79601684694296,0.053303037780476,1,silent_drift,0,0.12835431985773893
2026-10-06 13:29:57,69.12421668076416,0.0557942232717537,1,silent_drift,0,0.1305694505475939
2026-10-06 13:29:58,69.22760186734207,0.05740672110138,1,silent_drift,0,0.13354174844027006
2026-10-06 13:29:59,68.42387656992413,0.0528261850076218,1,silent_drift,0,0.12627844959609819
2026-10-06 13:30:00,68.82783094815413,0.0506968399086661,1,silent_drift,0,0.1212156096514444
2026-10-06 13:30:01,69.74685939762331,0.0545838642690569,1,silent_drift,0,0.13112220779198241
2026-10-06 13:30:02,69.11905847790815,0.0619548550259177,1,silent_drift,0,0.1331580485405659
2026-10-06 13:30:03,69.23871050859319,0.0448691153090023,1,silent_drift,0,0.11347634964801034
2026-10-06 13:30:04,69.24995742320343,0.0447621099233133,1,silent_drift,0,0.11317597902489446
2026-10-06 13:30:05,69.80381677858438,0.0534066697174884,1,silent_drift,0,0.12925719366082417
2026-10-06 13:30:06,69.78065575385335,0.042704444071741,1,silent_drift,0,0.10845036009073639
2026-10-06 13:30:07,69.22998882811459,0.0434591084563772,1,silent_drift,0,0.10844462571748437
2026-10-06 13:30:08,69.55240601855034,0.0541909615611748,1,silent_drift,0,0.13186378489215156
2026-10-06 13:30:09,68.76786699513961,0.04548145973963,1,silent_drift,0,0.1130921934999844
2026-10-06 13:30:10,69.24746420770214,0.0610298562463538,1,silent_drift,0,0.13369356264882498
2026-10-06 13:30:11,69.78855459408705,0.0489284927770433,1,silent_drift,0,0.12516307839095447
2026-10-06 13:30:12,70.0472547779173,0.0376250816260006,1,silent_drift,0,0.09487711748643585
2026-10-06 13:30:13,70.32333261321506,0.0542025825864585,1,silent_drift,0,0.12819045224823916
2026-10-06 13:30:14,69.61138401946542,0.0512580989153145,1,silent_drift,0,0.12673100359573436
2026-10-06 13:30:15,69.50125934327819,0.0430440815175418,1,silent_drift,0,0.10974832966819398
2026-10-06 13:30:16,69.82110210083022,0.0299937256544063,1,silent_drift,0,0.05949433613439653
2026-10-06 13:30:17,70.14561614335149,0.0440766934223316,1,silent_drift,0,0.11288121134350226
2026-10-06 13:30:18,70.98193207812548,0.0515543237450812,1,silent_drift,0,0.12644012069594668
2026-10-06 13:30:19,69.53914301612085,0.0387140242385996,1,silent_drift,0,0.0981343361068398
2026-10-06 13:30:20,70.0892956792548,0.0445814595083917,1,silent_drift,0,0.11500802238450619
2026-10-06 13:30:21,70.33123307515949,0.0468558566506073,1,silent_drift,0,0.11885610160614357
2026-10-06 13:30:22,70.59371867112817,0.0530656365383346,1,silent_drift,0,0.12732591528744264
2026-10-06 13:30:23,70.24589108204678,0.0555550975417263,1,silent_drift,0,0.1283872658918569
2026-10-06 13:30:24,70.44197055106909,0.039421801497733,1,silent_drift,0,0.09635347870311572
2026-10-06 13:30:25,70.50772176701034,0.05422774497471,1,silent_drift,0,0.12796839526072473
2026-10-06 13:30:26,70.0472699543839,0.037380353439629,1,silent_drift,0,0.09450224488807257
2026-10-06 13:30:27,70.36541332338793,0.0429206000811836,1,silent_drift,0,0.10750717413001054
2026-10-06 13:30:28,70.99895790047415,0.0399502505182737,1,silent_drift,0,0.0988067281680986
2026-10-06 13:30:29,70.93083544495926,0.0450015295034366,1,silent_drift,0,0.11707838165803436
2026-10-06 13:30:30,70.55758884843048,0.0682532746035023,1,silent_drift,0,0.13290495742495573
2026-10-06 13:30:31,71.52392043705561,0.0448742119324145,1,silent_drift,0,0.11620452958183641
2026-10-06 13:30:32,70.77903428332463,0.0465174387167944,1,silent_drift,0,0.11872239768256376
2026-10-06 13:30:33,71.41415070972349,0.0496240271966762,1,silent_drift,0,0.12307714006115889
2026-10-06 13:30:34,70.8193220289223,0.0359977849144545,1,silent_drift,0,0.08761057446176423
2026-10-06 13:30:35,70.5573262638715,0.0313026280671322,1,silent_drift,0,0.06889306575255139
2026-10-06 13:30:36,71.26933662282072,0.0473146483866207,1,silent_drift,0,0.1202758176223776
2026-10-06 13:30:37,70.67282092081598,0.0529047385138602,1,silent_drift,0,0.12715135001680755
2026-10-06 13:30:38,71.07159956332391,0.0567854672037198,1,silent_drift,0,0.1313495644534965
2026-10-06 13:30:39,71.2244866906833,0.0546750695726361,1,silent_drift,0,0.1292172381303076
2026-10-06 13:30:40,70.53338941193445,0.0621032733146873,1,silent_drift,0,0.13231271441263526
2026-10-06 13:30:41,71.5232100128347,0.0731448185123955,1,silent_drift,0,0.12506451099516208
2026-10-06 13:30:42,71.44215770625182,0.0434874543336947,1,silent_drift,0,0.11022213572275152
2026-10-06 13:30:43,72.1645070100206,0.0392564576648224,1,silent_drift,0,0.09730960269554895
2026-10-06 13:30:44,71.9333203996819,0.0348202361687068,1,silent_drift,0,0.07701026739008154
2026-10-06 13:30:45,71.93130312804223,0.0567021175635287,1,silent_drift,0,0.12902518958443726
2026-10-06 13:30:46,71.83125199315064,0.0473002020241647,1,silent_drift,0,0.1185155417959659
2026-10-06 13:30:47,71.33808123434785,0.0488188475080645,1,silent_drift,0,0.1236674228640966
2026-10-06 13:30:48,72.00176095878274,0.0595232179443416,1,silent_drift,0,0.12773235214386064
2026-10-06 13:30:49,71.48730346453178,0.0303707275166638,1,silent_drift,0,0.06402573099325176
2026-10-06 13:30:50,71.79807643745265,0.0304575240730782,1,silent_drift,0,0.06348619052130483
2026-10-06 13:30:51,72.03371542572565,0.0384326019540697,1,silent_drift,0,0.0960392125716708
2026-10-06 13:30:52,72.22429041876099,0.0314897523081614,1,silent_drift,0,0.06712229802307595
2026-10-06 13:30:53,71.52571184731042,0.0325387220770877,1,silent_drift,0,0.07314665007900778
2026-10-06 13:30:54,71.54405272206961,0.0516412769745672,1,silent_drift,0,0.1254025859189959
2026-10-06 13:30:55,72.26586786898652,0.0445055924216353,1,silent_drift,0,0.11241506273875751
2026-10-06 13:30:56,71.36597008224093,0.0509730205926867,1,silent_drift,0,0.12470485042072021
2026-10-06 13:30:57,72.15644102520336,0.0530525869001923,1,silent_drift,0,0.12567331440772178
2026-10-06 13:30:58,71.74690540037481,0.0562143348734253,1,silent_drift,0,0.1293392171317176
2026-10-06 13:30:59,72.54476781556573,0.0480664420566928,1,silent_drift,0,0.11642236327866146
2026-10-06 13:31:00,71.89831195104463,0.0406632765599726,1,silent_drift,0,0.10207535363506381
2026-10-06 13:31:01,72.31846263501426,0.0425985935266888,1,silent_drift,0,0.10479726967262115
2026-10-06 13:31:02,72.18056084916178,0.0515719173485541,1,silent_drift,0,0.12426321360331094
2026-10-06 13:31:03,71.95407961113804,0.0298691380023961,1,silent_drift,0,0.056365527408188676
2026-10-06 13:31:04,72.61753887384886,0.0500331574122223,1,silent_drift,0,0.11962448351231614
2026-10-06 13:31:05,72.05836168852846,0.0399448703576407,1,silent_drift,0,0.09768488372487655
2026-10-06 13:31:06,72.04198925557144,0.0441397341918091,1,silent_drift,0,0.11118487591143383
2026-10-06 13:31:07,72.47304658364098,0.0479094825353453,1,silent_drift,0,0.11678677717946534
2026-10-06 13:31:08,72.36023431447823,0.0322803807883362,1,silent_drift,0,0.0700160442362901
2026-10-06 13:31:09,73.20634374153117,0.0466883111212515,1,silent_drift,0,0.11453793321231964
2026-10-06 13:31:10,72.78539066412,0.0555497081554787,1,silent_drift,0,0.12561102738553448
2026-10-06 13:31:11,72.46065650022379,0.0421013628768589,1,silent_drift,0,0.10309425451767856
2026-10-06 13:31:12,72.3542321570309,0.0544002545325751,1,silent_drift,0,0.12532832438907282
2026-10-06 13:31:13,72.21526596441043,0.0384139000884739,1,silent_drift,0,0.09595686782496382
2026-10-06 13:31:14,72.05464142794405,0.0510258535621833,1,silent_drift,0,0.1229931388399047
2026-10-06 13:31:15,72.37475272275344,0.0604814856903314,1,silent_drift,0,0.1271139161212137
2026-10-06 13:31:16,73.9246665329933,0.0562214173378532,1,silent_drift,0,0.11849553260258738
2026-10-06 13:31:17,73.3661611564923,0.0539072203292059,1,silent_drift,0,0.11869930467327161
2026-10-06 13:31:18,73.4705031253977,0.034755421547865,1,silent_drift,0,0.07221748466371725
2026-10-06 13:31:19,73.1332895466819,0.0303713397364558,1,silent_drift,0,0.05879118207422679
2026-10-06 13:31:20,72.82126168033986,0.039496546651453,1,silent_drift,0,0.09384578956508355
2026-10-06 13:31:21,72.98073685718512,0.0580087586224766,1,silent_drift,0,0.12851867427872876
2026-10-06 13:31:22,73.91112863102795,0.0610782321999245,1,silent_drift,0,0.12028516761401614
2026-10-06 13:31:23,72.71885002764239,0.040311233879482,1,silent_drift,0,0.10072771183316437
2026-10-06 13:31:24,73.1235936100068,0.0590698355408371,1,silent_drift,0,0.1242636342002239
2026-10-06 13:31:25,74.15925838970196,0.0311318407825084,1,silent_drift,0,0.05684791770987724
2026-10-06 13:31:26,73.62068413529425,0.0547969110790235,1,silent_drift,0,0.11804065849510326
2026-10-06 13:31:27,74.21195379232017,0.0519310250875168,1,silent_drift,0,0.11384146136636775
2026-10-06 13:31:28,73.89835225265297,0.0479334093589337,1,silent_drift,0,0.11231308774328119
2026-10-06 13:31:29,73.83013215417525,0.0580258231998953,1,silent_drift,0,0.1201999545885678
2026-10-06 13:31:30,73.42144563565674,0.0407727296767894,1,silent_drift,0,0.09551434612126464
2026-10-06 13:31:31,73.57569541709113,0.0469057000122704,1,silent_drift,0,0.11136002217646318
2026-10-06 13:31:32,73.86852733154426,0.0604771090735625,1,silent_drift,0,0.12010296608799303
2026-10-06 13:31:33,74.55415490781125,0.0529613971506963,1,silent_drift,0,0.11391469623580652
2026-10-06 13:31:34,74.03254666313944,0.0433661333748605,1,silent_drift,0,0.10420168093021676
2026-10-06 13:31:35,74.6637253274792,0.054351162462012,1,silent_drift,0,0.11027161102389166
2026-10-06 13:31:36,73.68352968791714,0.0485561116939114,1,silent_drift,0,0.11415493826504541
2026-10-06 13:31:37,74.02146560690872,0.0528116534219395,1,silent_drift,0,0.11693935402722277
2026-10-06 13:31:38,74.61854429959655,0.0613200095308105,1,silent_drift,0,0.11397560906193993
2026-10-06 13:31:39,74.60544938366748,0.0478701474802345,1,silent_drift,0,0.10889239709249043
2026-10-06 13:31:40,73.72056183774758,0.0501111778669851,1,silent_drift,0,0.11435722671387816
2026-10-06 13:31:41,74.22376069270837,0.0394926994548782,1,silent_drift,0,0.08745480296928893
2026-10-06 13:31:42,74.08389351499305,0.0247994196527138,1,silent_drift,0,0.026637154587648926
2026-10-06 13:31:43,74.21464942627085,0.0459258473833824,1,silent_drift,0,0.1081086694916879
2026-10-06 13:31:44,74.70097706126765,0.0448101732203531,1,silent_drift,0,0.10482194375342824
2026-10-06 13:31:45,74.75117634352249,0.0385657305595509,1,silent_drift,0,0.08263337225389733
2026-10-06 13:31:46,74.69044065544547,0.0527573211597397,1,silent_drift,0,0.11075268945684524
2026-10-06 13:31:47,74.76265454445681,0.0490139250690163,1,silent_drift,0,0.11015388795082187
2026-10-06 13:31:48,75.65087772739618,0.0404589863036309,1,silent_drift,0,0.07982920441530206
2026-10-06 13:31:49,74.4703043341388,0.0488896220958302,1,silent_drift,0,0.11260925948611061
2026-10-06 13:31:50,74.99410545789009,0.0473960857557636,1,silent_drift,0,0.1040047969267408
2026-10-06 13:31:51,75.00860064240871,0.0451011915336283,1,silent_drift,0,0.1025770141742926
2026-10-06 13:31:52,74.78645080362362,0.054906776845525,1,silent_drift,0,0.11100699490020893
2026-10-06 13:31:53,74.61312887860291,0.0502448031479239,1,silent_drift,0,0.11117000835189045
2026-10-06 13:31:54,74.85613447690649,0.0491649494391693,1,silent_drift,0,0.10925075230974785
2026-10-06 13:31:55,74.10230933137068,0.0567368967687699,1,silent_drift,0,0.11864351698874154
2026-10-06 13:31:56,75.68962672037014,0.0476949155392022,1,silent_drift,0,0.10038065634959914
2026-10-06 13:31:57,75.67434173938507,0.0626071986888214,1,silent_drift,0,0.10054256017240765
2026-10-06 13:31:58,74.66354122518533,0.0431198233106904,1,silent_drift,0,0.09820373081919354
2026-10-06 13:31:59,75.35976670701953,0.0566305232415058,1,silent_drift,0,0.10584474363264579
2026-10-06 13:32:00,75.83600621266159,0.0513846513026404,1,silent_drift,0,0.10320214632661384
2026-10-06 13:32:01,75.49440002697017,0.0546547424462787,1,silent_drift,0,0.10556263778852626
2026-10-06 13:32:02,75.32756916129546,0.0480564365290572,1,silent_drift,0,0.10474250289510217
2026-10-06 13:32:03,76.02976793926213,0.0575993198547714,1,silent_drift,0,0.10512517440315533
2026-10-06 13:32:04,74.948052533662,0.0588843574116055,1,silent_drift,0,0.11034202574758728
2026-10-06 13:32:05,76.35371256104175,0.0456386643780846,1,silent_drift,0,0.09688483689727917
2026-10-06 13:32:06,75.23834951150381,0.0436187009011049,1,silent_drift,0,0.09506771163288985
2026-10-06 13:32:07,76.146200824152,0.0813326179976843,1,silent_drift,0,0.06608742639974763
2026-10-06 13:32:08,75.5492117085421,0.0479928994360071,1,silent_drift,0,0.1033281513641216
2026-10-06 13:32:09,76.31746060996551,0.0373562122773022,1,silent_drift,0,0.06729823439061078
2026-10-06 13:32:10,76.0299969804793,0.0420174521801168,1,silent_drift,0,0.08627411898063309
2026-10-06 13:32:11,74.89141735309697,0.0709259899129952,1,silent_drift,0,0.0967365276867409
2026-10-06 13:32:12,76.53494741213126,0.0628601986962001,1,silent_drift,0,0.09468908501852186
2026-10-06 13:32:13,76.67317190728552,0.0594673176764283,1,silent_drift,0,0.09709311768582746
2026-10-06 13:32:14,76.59536756297334,0.0355086115377238,1,silent_drift,0,0.05941401275716057
2026-10-06 13:32:15,75.32789902823131,0.0578155911475686,1,silent_drift,0,0.1078267495479715
2026-10-06 13:32:16,76.25025124051952,0.0373638376796098,1,silent_drift,0,0.06703575282055374
2026-10-06 13:32:17,76.11354042689929,0.0425181540067711,1,silent_drift,0,0.0884139352002441
2026-10-06 13:32:18,76.33353984420167,0.0430381651797988,1,silent_drift,0,0.08938884119406226
2026-10-06 13:32:19,76.74658265605984,0.0452217677584707,1,silent_drift,0,0.09403047560191646
2026-10-06 13:32:20,77.19975840561585,0.0526297355069994,1,silent_drift,0,0.09958229966241244
2026-10-06 13:32:21,76.52505155481991,0.0486071557499108,1,silent_drift,0,0.10064688701777313
2026-10-06 13:32:22,76.01439949951855,0.0711881369090095,1,silent_drift,0,0.08568851169826153
2026-10-06 13:32:23,77.03035186641604,0.0408976544372236,1,silent_drift,0,0.07848844519826487
2026-10-06 13:32:24,76.28729503163548,0.0307036370425983,1,silent_drift,0,0.040080973398389064
2026-10-06 13:32:25,76.9939540598189,0.0476984522686089,1,silent_drift,0,0.09840111009590707
2026-10-06 13:32:26,76.08663963775149,0.0567910284024062,1,silent_drift,0,0.10419712134923492
2026-10-06 13:32:27,77.24612979914517,0.0495872259688588,1,silent_drift,0,0.09843927779704281
2026-10-06 13:32:28,77.4053535280214,0.0582729554742102,1,silent_drift,0,0.0967208596182833
2026-10-06 13:32:29,76.55082238587514,0.0528777248829437,1,silent_drift,0,0.10226804335466805
2026-10-06 13:32:30,77.11938090759018,0.0539998851978651,1,silent_drift,0,0.0999543585295396
2026-10-06 13:32:31,77.16708901967372,0.0490174428381586,1,silent_drift,0,0.10059415888645512
2026-10-06 13:32:32,76.80473545737104,0.0469630842088594,1,silent_drift,0,0.09785707768721735
2026-10-06 13:32:33,77.400874184644,0.0605104426599645,1,silent_drift,0,0.09314894817956931
2026-10-06 13:32:34,76.79192768972494,0.0497077755460488,1,silent_drift,0,0.09978704670413374
2026-10-06 13:32:35,77.65219166128409,0.0550746781685425,1,silent_drift,0,0.09553916178438898
2026-10-06 13:32:36,76.90626857684822,0.0336568226193351,1,silent_drift,0,0.05101209457649902
2026-10-06 13:32:37,76.90049895461425,0.0276174398131781,1,silent_drift,0,0.015219527658960508
2026-10-06 13:32:38,77.32724216457471,0.0514601043272821,1,silent_drift,0,0.09758816923862462
2026-10-06 13:32:39,77.53482055930333,0.058184549012601,1,silent_drift,0,0.0967466436938359
2026-10-06 13:32:40,77.09001621742989,0.047336149659433,1,silent_drift,0,0.0968202947385195
2026-10-06 13:32:41,77.36063237996433,0.0306020837410807,1,silent_drift,0,0.03579573382281531
2026-10-06 13:32:42,77.7578886941044,0.0547784044580073,1,silent_drift,0,0.09480849831118693
2026-10-06 13:32:43,77.24377282698724,0.0504005902106743,1,silent_drift,0,0.09829093851034432
2026-10-06 13:32:44,77.729706628822,0.0505082429396463,1,silent_drift,0,0.09276588535397756
2026-10-06 13:32:45,77.21121992464394,0.0491042811103636,1,silent_drift,0,0.10011205987506144
2026-10-06 13:32:46,77.16873881807012,0.0534952031028442,1,silent_drift,0,0.0993618973313396
2026-10-06 13:32:47,77.35776548932182,0.0405857539147066,1,silent_drift,0,0.07724791362614436
2026-10-06 13:32:48,77.3968094251192,0.0520345779901498,1,silent_drift,0,0.09579666902188705
2026-10-06 13:32:49,77.131814163765,0.0552911376909018,1,silent_drift,0,0.09938087261202178
2026-10-06 13:32:50,77.84713379810579,0.045276415379195,1,silent_drift,0,0.08938523305292212
2026-10-06 13:32:51,78.1451251216658,0.0284571295556943,1,silent_drift,0,0.011081990921153029
2026-10-06 13:32:52,77.76831316091082,0.0533674363392808,1,silent_drift,0,0.09327152679592482
2026-10-06 13:32:53,77.80214878611784,0.0689993551167971,1,silent_drift,0,0.07809105231181279
2026-10-06 13:32:54,78.16416203239275,0.0445017964817645,1,silent_drift,0,0.08483653822389758
2026-10-06 13:32:55,77.59614203820315,0.0545985040598183,1,silent_drift,0,0.09712643705188523
2026-10-06 13:32:56,77.7576013407178,0.071784070955539,1,silent_drift,0,0.07312594048097437
2026-10-06 13:32:57,78.38494739049129,0.057873093342013,1,silent_drift,0,0.09314289073981025
2026-10-06 13:32:58,78.45278097576639,0.0451164043991497,1,silent_drift,0,0.08930679807991176
2026-10-06 13:32:59,78.66602031430082,0.0448677384511567,1,silent_drift,0,0.09046521010754083
2026-10-06 13:33:00,78.25816335455168,0.063281289464914,1,silent_drift,0,0.08267129333643075
2026-10-06 13:33:01,78.12507563045145,0.0534117008914308,1,silent_drift,0,0.08981179558432312
2026-10-06 13:33:02,78.89063003226204,0.0364555584556849,1,silent_drift,0,0.05942739635356664
2026-10-06 13:33:03,78.72252941391291,0.0621509062811027,1,silent_drift,0,0.08586627854607803
2026-10-06 13:33:04,78.48784503807876,0.0411798584547101,1,silent_drift,0,0.07537423995465015
2026-10-06 13:33:05,78.10266747149728,0.047259514008676,1,silent_drift,0,0.09055417195259302
2026-10-06 13:33:06,78.10601857284865,0.0439420844691945,1,silent_drift,0,0.0824330554892353
2026-10-06 13:33:07,77.81231042488581,0.0420898186728633,1,silent_drift,0,0.08106003071798484
2026-10-06 13:33:08,78.61452413187382,0.0459995938128792,1,silent_drift,0,0.09194288574251791
2026-10-06 13:33:09,78.29203144704178,0.0583199869290915,1,silent_drift,0,0.09046915008970124
2026-10-06 13:33:10,79.27912620657965,0.0535373043478531,1,silent_drift,0,0.0895536139152569
2026-10-06 13:33:11,78.17339214015921,0.0729852364363167,1,silent_drift,0,0.07155388306008037
2026-10-06 13:33:12,78.39999134408568,0.0566120054617807,1,silent_drift,0,0.09482961485743069
2026-10-06 13:33:13,79.3718897163937,0.0530125598457018,1,silent_drift,0,0.08735199951109124
2026-10-06 13:33:14,78.7373988428163,0.04527727576144,1,silent_drift,0,0.08975617781949768
2026-10-06 13:33:15,79.34977007215095,0.0466357047802537,1,silent_drift,0,0.08813678545232828
2026-10-06 13:33:16,78.78342180462073,0.0659329955527383,1,silent_drift,0,0.0791329931046349
2026-10-06 13:33:17,78.8572117746444,0.0479471555407184,1,silent_drift,0,0.09415876554957947
2026-10-06 13:33:18,78.92377408458144,0.047969703432859,1,silent_drift,0,0.09445065624674431
2026-10-06 13:33:19,79.02575183395331,0.0552096886933499,1,silent_drift,0,0.09248158031352022
2026-10-06 13:33:20,79.26768514526344,0.0547521283110169,1,silent_drift,0,0.09015730175416514
2026-10-06 13:33:21,79.3072323904376,0.0275761550643824,1,silent_drift,0,0.007517005057133763
2026-10-06 13:33:22,79.15982958572098,0.0460109493211173,1,silent_drift,0,0.08954332693231087
2026-10-06 13:33:23,78.83081088470429,0.0570538677333468,1,silent_drift,0,0.09312200240432611
2026-10-06 13:33:24,79.70125367322368,0.0404542546895919,1,silent_drift,0,0.06761070917936957
2026-10-06 13:33:25,79.23918901157144,0.0554251048309353,1,silent_drift,0,0.09034618560934399
2026-10-06 13:33:26,79.71708367743034,0.0488429830098441,1,silent_drift,0,0.08580499408862913
2026-10-06 13:33:27,79.61207926903799,0.0404023877868772,1,silent_drift,0,0.06872135533363344
2026-10-06 13:33:28,79.62603997487604,0.0296415866610226,1,silent_drift,0,0.01820418151994674
2026-10-06 13:33:29,79.50061556868505,0.0490319725766614,1,silent_drift,0,0.08917512109656728
2026-10-06 13:33:30,79.95070922336068,0.0474456919569949,1,silent_drift,0,0.08483486375673144
2026-10-06 13:33:31,80.09079988630651,0.0600001675782438,1,silent_drift,0,0.07885981105482281
2026-10-06 13:33:32,79.4102975888249,0.0614712229667123,1,silent_drift,0,0.08135274225220995
2026-10-06 13:33:33,80.11242532143075,0.0437284875448743,1,silent_drift,0,0.07590646094245945
2026-10-06 13:33:34,80.16819205697772,0.058195735132344,1,silent_drift,0,0.0810145201399683
2026-10-06 13:33:35,80.0279469319991,0.0408195400592947,1,silent_drift,0,0.06689503822681675
2026-10-06 13:33:36,79.39224295314109,0.0579929926881977,1,silent_drift,0,0.08808325709454329
2026-10-06 13:33:37,80.75096916290325,0.0758570101357968,1,silent_drift,0,0.052211632164759325
2026-10-06 13:33:38,80.03194292420444,0.0296960915419748,1,silent_drift,0,0.015059927750156077
2026-10-06 13:33:39,79.98010629005634,0.0492068902461771,1,silent_drift,0,0.08430212607068283
2026-10-06 13:33:40,79.69645488084682,0.0412619398133633,1,silent_drift,0,0.06781554687189956
2026-10-06 13:33:41,80.32190254569032,0.0458916279736985,1,silent_drift,0,0.08000616922610054
2026-10-06 13:33:42,80.41003362067319,0.050699763653686,1,silent_drift,0,0.079484302955733
2026-10-06 13:33:43,81.04569072508049,0.0224598679976326,1,silent_drift,1,-0.01567942630991892
2026-10-06 13:33:44,80.18407842904647,0.0516162722249871,1,silent_drift,0,0.07940566481512779
2026-10-06 13:33:45,79.66192697952054,0.0406487418698398,1,silent_drift,0,0.06845278025913826
2026-10-06 13:33:46,81.29964926816409,0.0569445160586295,1,silent_drift,0,0.076053164638828
2026-10-06 13:33:47,80.04230615418163,0.0521057626556812,1,silent_drift,0,0.0811598337290671
2026-10-06 13:33:48,81.1730973458619,0.0555780178883504,1,silent_drift,0,0.07669949817240201
2026-10-06 13:33:49,80.41412324476684,0.0344577447247091,1,silent_drift,0,0.03973827223903276
2026-10-06 13:33:50,79.58082178577104,0.056067270954067,1,silent_drift,0,0.08528584569124231
2026-10-06 13:33:51,81.12303882409718,0.0484259177315335,1,silent_drift,0,0.078816728921074
2026-10-06 13:33:52,81.53513542976445,0.0698390668428612,1,silent_drift,0,0.051741245310740924
2026-10-06 13:33:53,81.79083142912461,0.0544944447061332,1,silent_drift,0,0.07262843944705227
2026-10-06 13:33:54,81.81653056537553,0.053071752436484,1,silent_drift,0,0.07006784958361256
2026-10-06 13:33:55,81.37619809591915,0.0608765888362546,1,silent_drift,0,0.06890013306437937
2026-10-06 13:33:56,81.70662412248682,0.0616458863158395,1,silent_drift,0,0.06603781644113682
2026-10-06 13:33:57,81.42492757690766,0.0511972359023203,1,silent_drift,0,0.07220741318941126
2026-10-06 13:33:58,81.12281120919324,0.0636694911038948,1,silent_drift,0,0.0661436178488019
2026-10-06 13:33:59,81.89095944481477,0.0386318932062141,1,silent_drift,0,0.04605487789763163
2026-10-06 13:34:00,82.10950167397363,0.0535148449885761,1,silent_drift,0,0.07062429479945764
2026-10-06 13:34:01,81.10532474995847,0.0601180452910325,1,silent_drift,0,0.07379766975219942
2026-10-06 13:34:02,80.96394450457503,0.0647373525903657,1,silent_drift,0,0.06510516756164314
2026-10-06 13:34:03,81.26310625116338,0.0572905072829382,1,silent_drift,0,0.07670298389359331
2026-10-06 13:34:04,81.8263644834937,0.065802312924921,1,silent_drift,0,0.05518267866174653
2026-10-06 13:34:05,81.46965772749576,0.0488983457527921,1,silent_drift,0,0.07673532587710608
2026-10-06 13:34:06,81.08087262680466,0.0473633622808569,1,silent_drift,0,0.08075693857650001
2026-10-06 13:34:07,81.74795748447048,0.0508558981796236,1,silent_drift,0,0.07080490904465775
2026-10-06 13:34:08,81.74008231771276,0.0465075771932665,1,silent_drift,0,0.07031415642031469
2026-10-06 13:34:09,81.28866984981128,0.0423581183683921,1,silent_drift,0,0.06553072620599831
2026-10-06 13:34:10,66.32094178234097,0.0807384862844584,0,normal,0,0.10785251686228414
2026-10-06 13:34:11,66.47045616156026,0.0548226651996621,0,normal,0,0.10560078041485033
2026-10-06 13:34:12,66.53645588235518,0.048236388397029,0,normal,0,0.09441332125345775
2026-10-06 13:34:13,65.09198028919181,0.0700063531673929,0,normal,0,0.08799685778055061
2026-10-06 13:34:14,67.71386863547178,0.0421056536440409,0,normal,0,0.09129038919558286
2026-10-06 13:34:15,69.67273758514001,0.0915465457772172,0,normal,0,0.11713531003431932
2026-10-06 13:34:16,68.21563785616873,0.1008839422028925,0,normal,0,0.10235178726678223
2026-10-06 13:34:17,67.1148076193697,0.08095914836218,0,normal,0,0.11434785584911744
2026-10-06 13:34:18,64.72686470118573,0.1211868205310164,0,normal,1,-0.002843453779614813
2026-10-06 13:34:19,68.03920775947753,0.0322772097389378,0,normal,0,0.05905540016544586
2026-10-06 13:34:20,67.02455670251393,0.0709365754610566,0,normal,0,0.11833108822832572
2026-10-06 13:34:21,67.0208504258904,0.0514660414727966,0,normal,0,0.10166415840435433
2026-10-06 13:34:22,66.3090122930142,0.0800242411633018,0,normal,0,0.10853574046905778
2026-10-06 13:34:23,65.96407230828548,0.0626799344850764,0,normal,0,0.10564762227749436
2026-10-06 13:34:24,68.60453733256308,0.0960605449101627,0,normal,0,0.10939426619029036
2026-10-06 13:34:25,67.66877772176812,0.0848237815632962,0,normal,0,0.11864250720400249
2026-10-06 13:34:26,67.37135961714665,0.1288785456010787,0,normal,0,0.022746327840907687
2026-10-06 13:34:27,66.516478333417,0.0660842422883844,0,normal,0,0.11537857590735973
2026-10-06 13:34:28,66.80135722548236,0.0939439658319492,0,normal,0,0.09837345394173153
2026-10-06 13:34:29,68.15925334469145,0.0713363775349154,0,normal,0,0.1320875909104008
2026-10-06 13:34:30,67.36459855118139,0.0707305299126798,0,normal,0,0.12267463835046927
2026-10-06 13:34:31,64.5173700509361,0.0123687694974659,0,normal,1,-0.07612955834743285
2026-10-06 13:34:32,66.33080375712062,0.0891954379043464,0,normal,0,0.09902764407079617
2026-10-06 13:34:33,63.31128747920295,0.0856668170096673,0,normal,0,0.03436669856105118
2026-10-06 13:34:34,66.30027967648317,0.1089614522103312,0,normal,0,0.06869111185377841
2026-10-06 13:34:35,66.18214804242042,0.1040172239815206,0,normal,0,0.07322540485754098
2026-10-06 13:34:36,64.52231767871471,0.0830208976629392,0,normal,0,0.058370145581246535
2026-10-06 13:34:37,68.8968004004315,0.0899482116316566,0,normal,0,0.12020719906543115
2026-10-06 13:34:38,68.38282186810629,0.0362981726431179,0,normal,0,0.07994779559877052
2026-10-06 13:34:39,70.35249205655242,0.0798426713483267,0,normal,0,0.12733680827574384
2026-10-06 13:34:40,69.47619090899364,0.050677962446971,0,normal,0,0.1253850985147057
2026-10-06 13:34:41,67.79651668652178,0.0562671301449122,0,normal,0,0.12413155874349097
2026-10-06 13:34:42,63.66574973273569,0.0872916220435659,0,normal,0,0.03889971585694657
2026-10-06 13:34:43,67.50295849685658,0.056816470326611,0,normal,0,0.11922117976445162
2026-10-06 13:34:44,67.65127610902125,0.0667429705834807,0,normal,0,0.1284640206172032
2026-10-06 13:34:45,65.56374920339547,0.061646214977472,0,normal,0,0.09888298092976905
2026-10-06 13:34:46,62.36317873684253,0.0734054777939998,0,normal,0,0.023490890089850947
2026-10-06 13:34:47,68.62930184423638,0.0841474140862659,0,normal,0,0.12448531305976723
2026-10-06 13:34:48,65.9613158928713,0.084122993043836,0,normal,0,0.09993468106437314
2026-10-06 13:34:49,68.05091763023027,0.0807616246265427,0,normal,0,0.12372962945155436
2026-10-06 13:34:50,69.68307554194412,0.111763687846902,0,normal,0,0.08267817377341974
2026-10-06 13:34:51,71.0178758128574,0.0271663078872622,0,normal,0,0.04166613930102708
2026-10-06 13:34:52,67.5789782290626,0.08008533638175,0,normal,0,0.11855619301345877
2026-10-06 13:34:53,64.18514411258268,0.0808254069273079,0,normal,0,0.055011881838821663
2026-10-06 13:34:54,66.7911375133146,0.0495328762897196,0,normal,0,0.10077832764964123
2026-10-06 13:34:55,65.71427865889056,0.0594446569588756,0,normal,0,0.09657385306011673
2026-10-06 13:34:56,66.84332760830098,0.0708983328070295,0,normal,0,0.11703100547386253
2026-10-06 13:34:57,65.83791026061732,0.0741608199427934,0,normal,0,0.105667811930791
2026-10-06 13:34:58,64.99818603287417,0.1461065890287434,0,normal,1,-0.05824732736346072
2026-10-06 13:34:59,67.57020781805788,0.1124882333890417,0,normal,0,0.07634213243663635
2026-10-06 13:35:00,67.02365911934046,0.0434750112945415,0,normal,0,0.0839452575636419
2026-10-06 13:35:01,65.04139012382474,0.0715016295676219,0,normal,0,0.08617322854881093
2026-10-06 13:35:02,68.95906427224561,0.0894299860878503,0,normal,0,0.12222521896797783
2026-10-06 13:35:03,72.33970815192275,0.122939705595345,0,normal,0,0.020716807803518367
2026-10-06 13:35:04,65.61807863406393,0.0578535230309259,0,normal,0,0.09700133043184167
2026-10-06 13:35:05,67.49658816554141,0.101521267624746,0,normal,0,0.09497182209380173
2026-10-06 13:35:06,67.68238626258483,0.0634449418542417,0,normal,0,0.12754372985581192
2026-10-06 13:35:07,69.50241365169353,0.0620139924142374,0,normal,0,0.13487410554367768
2026-10-06 13:35:08,66.26635393056495,0.0777714922163295,0,normal,0,0.1083804204531621
2026-10-06 13:35:09,64.59197567641138,0.0787700350940757,0,normal,0,0.06309228672954476
2026-10-06 13:35:10,63.40481957885527,0.075079529846135,0,normal,0,0.04185577689822145
2026-10-06 13:35:11,65.06446145047977,0.0327628698817509,0,normal,0,0.01322499539963462
2026-10-06 13:35:12,67.33367814264713,0.0723199068716546,0,normal,0,0.1213794593532928
2026-10-06 13:35:13,65.47186456038959,0.1124824643172452,0,normal,0,0.04143058892719609
2026-10-06 13:35:14,68.25646540272851,0.1166861179687633,0,normal,0,0.06784387076511433
2026-10-06 13:35:15,70.81822845022768,0.083396782237057,0,normal,0,0.12194414683279015
2026-10-06 13:35:16,70.58271089404542,0.1283631424176476,0,normal,0,0.023490702450533862
2026-10-06 13:35:17,66.890893191142,0.0465527749165173,0,normal,0,0.09135990824372542
2026-10-06 13:35:18,68.29555979179145,0.1283985149545309,0,normal,0,0.02823747518160774
2026-10-06 13:35:19,68.2963306234391,0.0601854061743218,0,normal,0,0.1298931063061879
2026-10-06 13:35:20,66.12455179865766,0.1007329263151589,0,normal,0,0.07981421792712184
2026-10-06 13:35:21,63.83382161235584,0.1163958621695995,0,normal,1,-0.013645430715581885
2026-10-06 13:35:22,67.33765848897839,0.0517152652285973,0,normal,0,0.11209896895672539
2026-10-06 13:35:23,66.38746284045064,0.0532621809839873,0,normal,0,0.10250749450126856
2026-10-06 13:35:24,67.54634667843443,0.0396468473002035,0,normal,0,0.07907011503150618
2026-10-06 13:35:25,68.09910402084508,0.0535798970267954,0,normal,0,0.12525102401201915
2026-10-06 13:35:26,68.71682621665676,0.0708992730368444,0,normal,0,0.13449423809924727
2026-10-06 13:35:27,69.17497218678662,0.0826939278978883,0,normal,0,0.12645295842887067
2026-10-06 13:35:28,69.60790471582504,0.1049542262121237,0,normal,0,0.09507981917264496
2026-10-06 13:35:29,67.01051790197695,0.045922034324492,0,normal,0,0.09260676987721123
2026-10-06 13:35:30,69.23671717989097,0.0659751095140825,0,normal,0,0.13405435105710423
2026-10-06 13:35:31,68.01835487178175,0.0834221022742549,0,normal,0,0.12262289915004226
2026-10-06 13:35:32,67.407441064342,0.0867110444664359,0,normal,0,0.11231933179429604
2026-10-06 13:35:33,63.56792249230279,0.0589118519034312,0,normal,0,0.046289745998495835
2026-10-06 13:35:34,67.59918681596706,0.1035221436172335,0,normal,0,0.09069101008049019
2026-10-06 13:35:35,67.79880523007448,0.088060054927828,0,normal,0,0.11919898525270295
2026-10-06 13:35:36,68.76158792791506,0.0740701082758841,0,normal,0,0.13174203036821586
2026-10-06 13:35:37,69.7504358949368,0.0836876683073905,0,normal,0,0.1237898225628764
2026-10-06 13:35:38,70.222304733948,0.08112905647258,0,normal,0,0.12334297246559311
2026-10-06 13:35:39,65.70089612066582,0.0928360564884621,0,normal,0,0.08486095022925388
2026-10-06 13:35:40,69.53009257224029,0.0646842703770466,0,normal,0,0.1361981825760134
2026-10-06 13:35:41,68.88609045076694,0.0598463960238824,0,normal,0,0.1331133406176931
2026-10-06 13:35:42,68.15084982676233,0.0395771704100739,0,normal,0,0.0885741742060085
2026-10-06 13:35:43,69.41536542116788,0.0395193127080335,0,normal,0,0.0978513799168439
2026-10-06 13:35:44,65.03356249994964,0.0748134626599091,0,normal,0,0.0852334040514921
2026-10-06 13:35:45,66.98429737486903,0.0876500449742951,0,normal,0,0.10860205622582486
2026-10-06 13:35:46,65.76657140141064,0.0889834880071998,0,normal,0,0.08895946514486586
2026-10-06 13:35:47,64.4420848778478,0.0957419272814801,0,normal,0,0.04427809389676035
2026-10-06 13:35:48,66.92856070457394,0.0898223348543957,0,normal,0,0.10361447737885482
2026-10-06 13:35:49,66.78261437200764,0.1286529752419332,0,normal,0,0.016383275354151183
2026-10-06 13:35:50,68.41761587876663,0.0867894334505453,0,normal,0,0.12334885029851755
2026-10-06 13:35:51,66.21066798356952,0.0853752336069482,0,normal,0,0.10322341552819864
2026-10-06 13:35:52,68.06160943072877,0.0713851403485794,0,normal,0,0.13036997811201584
2026-10-06 13:35:53,66.33007196023416,0.0899816909120942,0,normal,0,0.0962891612531912
2026-10-06 13:35:54,69.17720775589721,0.0407455742863904,0,normal,0,0.1018414912428589
2026-10-06 13:35:55,65.25585123553643,0.1217845449941932,0,normal,0,0.014340789725214687
2026-10-06 13:35:56,67.024357627639,0.1112549978249865,0,normal,0,0.06983502839637085
2026-10-06 13:35:57,66.14887968517127,0.0787814883785501,0,normal,0,0.10616475996162378
2026-10-06 13:35:58,66.58885052673928,0.1164385418063373,0,normal,0,0.05579017913839518
2026-10-06 13:35:59,69.0544139989977,0.109307396197413,0,normal,0,0.09282712635367463
2026-10-06 13:36:00,66.41914608229838,0.070723695578631,0,normal,0,0.1151553512712496
2026-10-06 13:36:01,67.68659299957889,0.0647331591721342,0,normal,0,0.1279787687601151
2026-10-06 13:36:02,69.38184756319772,0.0847258690526505,0,normal,0,0.12513332200752542
2026-10-06 13:36:03,68.7893685672838,0.077596815096138,0,normal,0,0.1291624585678235
2026-10-06 13:36:04,67.56490063693384,0.0766739686796012,0,normal,0,0.12049222572269636
2026-10-06 13:36:05,67.04035695147455,0.1208751748606135,0,normal,0,0.049229303993263085
2026-10-06 13:36:06,67.65462700875482,0.0849658970931491,0,normal,0,0.11879426175541147
2026-10-06 13:36:07,67.56078212679276,0.0813012851646127,0,normal,0,0.11820856872470487
2026-10-06 13:36:08,66.43092744610516,0.0229763740694342,0,normal,1,-0.01480771835085437
2026-10-06 13:36:09,65.38065214287322,0.0500972327440016,0,normal,0,0.07912477157455688
2026-10-06 13:36:10,65.62151378532963,0.0627992173724675,0,normal,0,0.0999098815000875
2026-10-06 13:36:11,69.97009120616387,0.1095975413306809,0,normal,0,0.08712533337012612
2026-10-06 13:36:12,65.99087250698867,0.0577178389483863,0,normal,0,0.10234285938720905
2026-10-06 13:36:13,66.56792646573983,0.0960839150795834,0,normal,0,0.093490876019664
2026-10-06 13:36:14,66.58365920511278,0.0910474588753529,0,normal,0,0.10144385630287966
2026-10-06 13:36:15,67.5399776091548,0.0366323716881655,0,normal,0,0.0703777282986654
2026-10-06 13:36:16,67.53299911015283,0.0754151578993176,0,normal,0,0.1225362997347833
2026-10-06 13:36:17,68.33703096817183,0.0983928509642216,0,normal,0,0.10684398731388922
2026-10-06 13:36:18,66.40706600565392,0.0691378538129128,0,normal,0,0.11382516503242707
2026-10-06 13:36:19,66.15590963940738,0.0303853018390138,0,normal,0,0.019858161089779447
2026-10-06 13:36:20,67.19373123647124,0.0327247639588643,0,normal,0,0.048761174165953214
2026-10-06 13:36:21,65.54918816602274,0.0699437275783823,0,normal,0,0.10360217309073538
2026-10-06 13:36:22,66.71066648189505,0.0576617782421663,0,normal,0,0.11266542384419986
2026-10-06 13:36:23,65.68488884220493,0.0761199553356176,0,normal,0,0.10165521774125341
2026-10-06 13:36:24,69.55784347254266,0.0729628559961496,0,normal,0,0.13434945098645906
2026-10-06 13:36:25,68.03453427997458,0.1094537704969262,0,normal,0,0.08655476201675039
2026-10-06 13:36:26,68.33294460286834,0.0804748916785547,0,normal,0,0.12802677542128893
2026-10-06 13:36:27,68.2993978310305,0.1123775840664026,0,normal,0,0.08022559583183608
2026-10-06 13:36:28,68.75789371122764,0.1085609067563538,0,normal,0,0.0910666020318649
2026-10-06 13:36:29,66.14473244495207,0.073488401048201,0,normal,0,0.10949922020119673
2026-10-06 13:36:30,68.29445472190766,0.107609637494268,0,normal,0,0.09047135956685431
2026-10-06 13:36:31,66.63868246924136,0.1063901967721787,0,normal,0,0.07655477307670555
2026-10-06 13:36:32,63.799041566712944,0.0601273636226196,0,normal,0,0.046677477168129866
2026-10-06 13:36:33,65.50454338173716,0.1175975724827599,0,normal,0,0.03176435189923649
2026-10-06 13:36:34,67.44675171626871,0.0912375287961945,0,normal,0,0.10756982084286681
2026-10-06 13:36:35,66.25995477976072,0.0618772387472024,0,normal,0,0.11073935049296896
2026-10-06 13:36:36,67.84051926212153,0.0438059322730152,0,normal,0,0.09849939100216754
2026-10-06 13:36:37,69.9068580161495,0.0972913413932235,0,normal,0,0.10962359913950548
2026-10-06 13:36:38,68.70404788428742,0.0512886740223924,0,normal,0,0.12175964001524409
2026-10-06 13:36:39,68.65631788737939,0.0960272527485365,0,normal,0,0.11202957319304852
2026-10-06 13:36:40,117.94960571293726,0.0517756732018318,1,spike,1,-0.19722154099385192
2026-10-06 13:36:41,115.6873856186453,0.0527887363161024,1,spike,1,-0.18332345090703728
2026-10-06 13:36:42,115.83529179523508,0.0525826867168425,1,spike,1,-0.1830923263553429
2026-10-06 13:36:43,115.9793506750537,0.0544890556085355,1,spike,1,-0.18375944470239491
2026-10-06 13:36:44,114.53346352718998,0.0493230437835422,1,spike,1,-0.18311780759878415
2026-10-06 13:36:45,111.62482678791277,0.0516484582123144,1,spike,1,-0.17475435909618842
2026-10-06 13:36:46,114.6286659772954,0.0301033385413684,1,spike,1,-0.2058623884131351
2026-10-06 13:36:47,116.6221293891065,0.0642609394198458,1,spike,1,-0.18632218316329785
2026-10-06 13:36:48,116.71864516185164,0.0468315551883625,1,spike,1,-0.18472609884478275
2026-10-06 13:36:49,66.9707863750166,0.0408773588561155,0,normal,0,0.073271699626419
2026-10-06 13:36:50,67.0421489218517,0.0981188119310012,0,normal,0,0.09399372241404064
2026-10-06 13:36:51,67.01908766832778,0.1284427359680034,0,normal,0,0.019665647411972575
2026-10-06 13:36:52,70.37045618827557,0.0925334652667687,0,normal,0,0.11293191420543142
2026-10-06 13:36:53,65.834520141053,0.1224952932037634,0,normal,0,0.02668363011993674
2026-10-06 13:36:54,68.97904609706751,0.0969039585361064,0,normal,0,0.11275158168893051
2026-10-06 13:36:55,65.27066803767903,0.0581600311992197,0,normal,0,0.08795743697745906
2026-10-06 13:36:56,66.08408159165155,0.0625063891971739,0,normal,0,0.10750923930059614
2026-10-06 13:36:57,62.42640887951272,0.0643666712955292,0,normal,0,0.027457843549412053
2026-10-06 13:36:58,69.88691289769314,0.063896580804633,0,normal,0,0.1344210051738995
2026-10-06 13:36:59,67.53290416693748,0.068396142834371,0,normal,0,0.1251656042771484
2026-10-06 13:37:00,68.2576751922843,0.0636207013174214,0,normal,0,0.1321561794993905
2026-10-06 13:37:01,68.35588118991184,0.0631528703137001,0,normal,0,0.13106558291247028
2026-10-06 13:37:02,67.65302435645877,0.0710801991415129,0,normal,0,0.12763651272554244
2026-10-06 13:37:03,69.80131797337266,0.057792637102987,0,normal,0,0.13300136880385077
2026-10-06 13:37:04,67.76508094420704,0.0630652097764259,0,normal,0,0.12686298233954624
2026-10-06 13:37:05,64.25642819550441,0.0638385643794315,0,normal,0,0.06091237490684237
2026-10-06 13:37:06,65.71712638649727,0.0701575061320192,0,normal,0,0.10367467625997334
2026-10-06 13:37:07,67.44537360409402,0.1288148905449448,0,normal,0,0.0244763250292509
2026-10-06 13:37:08,64.65259515683545,0.082672756685617,0,normal,0,0.0637863748904578
2026-10-06 13:37:09,66.32039391171065,0.0304927747077987,0,normal,0,0.02423731862230566
2026-10-06 13:37:10,66.1761406105762,0.0911520879953859,0,normal,0,0.09534546106901715
2026-10-06 13:37:11,66.72288626594603,0.0864424682578954,0,normal,0,0.10843235282308566
2026-10-06 13:37:12,68.0898362121522,0.0647051618052666,0,normal,0,0.1311400255463937
2026-10-06 13:37:13,68.10254130568251,0.0740542389979865,0,normal,0,0.12963962887869163
2026-10-06 13:37:14,69.24544404998235,0.0539416776460384,0,normal,0,0.12958093227037137
2026-10-06 13:37:15,69.50717353702542,0.0883499765067223,0,normal,0,0.12445769369558096
2026-10-06 13:37:16,68.19581938690818,0.097445140659806,0,normal,0,0.1070229370682586
2026-10-06 13:37:17,67.25108017414985,0.0584382576913953,0,normal,0,0.11715380353342475
2026-10-06 13:37:18,68.85855669227769,0.0570057955767574,0,normal,0,0.1316212032227575
2026-10-06 13:37:19,65.74391682094941,0.1072998381753536,0,normal,0,0.05701400345693247
2026-10-06 13:37:20,63.99044602734038,0.1116212170172007,0,normal,1,-0.0008788515838226152
2026-10-06 13:37:21,68.41871191194126,0.0705833245907654,0,normal,0,0.13322050687586562
2026-10-06 13:37:22,65.07527001445538,0.0982982982784358,0,normal,0,0.05738178152382867
2026-10-06 13:37:23,65.3144056661337,0.1028050902332007,0,normal,0,0.055583412153045464
2026-10-06 13:37:24,67.67315911601723,0.0758870482417839,0,normal,0,0.12489478464206683
2026-10-06 13:37:25,68.80292934984693,0.081286258284118,0,normal,0,0.127569020684685
2026-10-06 13:37:26,67.29934374189887,0.0444755302437584,0,normal,0,0.09552569592935106
2026-10-06 13:37:27,69.41101357211302,0.0644874772352515,0,normal,0,0.1348763529278177
2026-10-06 13:37:28,69.36099644265305,0.0783510365379265,0,normal,0,0.12916488763484835
2026-10-06 13:37:29,65.89167823897452,0.0744807488444883,0,normal,0,0.10884166446596699
2026-10-06 13:37:30,68.25069256346204,0.0658997436825689,0,normal,0,0.1327070264500647
2026-10-06 13:37:31,64.52179787287805,0.0614821626671732,0,normal,0,0.06171238053378708
2026-10-06 13:37:32,68.2399858187844,0.0992589423171983,0,normal,0,0.10446495058678773
2026-10-06 13:37:33,63.97888842724782,0.0663400862058112,0,normal,0,0.056814102913307074
2026-10-06 13:37:34,66.6934822931369,0.0755451384922648,0,normal,0,0.11496384562275769
2026-10-06 13:37:35,66.27939330920847,0.110333738582563,0,normal,0,0.06731740013409088
2026-10-06 13:37:36,69.64892404988343,0.0544963430093299,0,normal,0,0.1317103919549925
2026-10-06 13:37:37,68.7498515975197,0.0964586924793399,0,normal,0,0.11138043736613562
2026-10-06 13:37:38,70.22999830461218,0.0836408772213073,0,normal,0,0.12117934501001199
2026-10-06 13:37:39,68.92201261495539,0.0705448855061104,0,normal,0,0.1348815583978003
2026-10-06 13:37:40,68.57984954884562,0.1089352620210275,0,normal,0,0.09001810869696353
2026-10-06 13:37:41,69.05559258614986,0.0466197154993025,0,normal,0,0.11511570656269893
2026-10-06 13:37:42,66.97413454018988,0.0564068250299305,0,normal,0,0.11100799991841387
2026-10-06 13:37:43,66.28369426060614,0.0633368977866112,0,normal,0,0.1111958708157138
2026-10-06 13:37:44,66.44008109934369,0.0766635501870877,0,normal,0,0.11040819220585418
2026-10-06 13:37:45,65.48207881413491,0.1053554686425514,0,normal,0,0.05795642082523078
2026-10-06 13:37:46,64.82918022565046,0.0530345262399346,0,normal,0,0.06734274682790564
2026-10-06 13:37:47,64.45162289183213,0.0821620006450019,0,normal,0,0.05905063209500877
2026-10-06 13:37:48,68.87095917364604,0.0757480123569352,0,normal,0,0.13069467078819774
2026-10-06 13:37:49,68.377437756882,0.038370207224465,0,normal,0,0.08762618401799982
2026-10-06 13:37:50,69.61240455476884,0.1169314347272262,0,normal,0,0.06612874831320387
2026-10-06 13:37:51,69.11715720355699,0.0936350015376779,0,normal,0,0.1147259307233166
2026-10-06 13:37:52,70.09757314129061,0.0785081164011834,0,normal,0,0.1254954620169254
2026-10-06 13:37:53,68.77930772954213,0.1163614183122178,0,normal,0,0.06929601372147937
2026-10-06 13:37:54,66.31399869659913,0.0705961594152633,0,normal,0,0.11480777163095202
2026-10-06 13:37:55,66.79582196057167,0.0785303955869607,0,normal,0,0.11247324366134281
2026-10-06 13:37:56,67.36604272868469,0.0914292969096241,0,normal,0,0.10671043653298318
2026-10-06 13:37:57,64.48539924623084,0.1476061043683687,0,normal,1,-0.07248325953518164
2026-10-06 13:37:58,66.76431881025418,0.0598775570388684,0,normal,0,0.11464689697574854
2026-10-06 13:37:59,68.51309545133783,0.1126306765860079,0,normal,0,0.07819466515752521
2026-10-06 13:38:00,69.18718747602759,0.0572027711880225,0,normal,0,0.13278129882974327
2026-10-06 13:38:01,69.39284326483734,0.0553036304026404,0,normal,0,0.13051503397352798
2026-10-06 13:38:02,71.22669104503397,0.1115506045838646,0,normal,0,0.07419611028960482
2026-10-06 13:38:03,69.14708822466707,0.0760601261897698,0,normal,0,0.12992375658876443
2026-10-06 13:38:04,68.20520114767787,0.1311979013857493,0,normal,0,0.018451946082830795
2026-10-06 13:38:05,69.94447074774335,0.1012726880972889,0,normal,0,0.1008645643767187
2026-10-06 13:38:06,67.14494061427246,0.1013730125366054,0,normal,0,0.09139575875381961
2026-10-06 13:38:07,67.46498213495323,0.0429142408629939,0,normal,0,0.09211969564550604
2026-10-06 13:38:08,64.68220334575477,0.0443821425676104,0,normal,0,0.046311167539342
2026-10-06 13:38:09,65.94494352339538,0.0840532284925093,0,normal,0,0.10027618812437766
2026-10-06 13:38:10,65.46153265687245,0.0880456511923208,0,normal,0,0.08798387458505386
2026-10-06 13:38:11,67.13422550337806,0.0676956683335193,0,normal,0,0.1212883589093916
2026-10-06 13:38:12,69.30951151002363,0.0790457815764636,0,normal,0,0.12857428111902813
2026-10-06 13:38:13,64.78303319934918,0.1207494287466212,0,normal,1,-0.0023832419527660686
2026-10-06 13:38:14,68.83319970090254,0.0851457631000392,0,normal,0,0.12523079669416326
2026-10-06 13:38:15,70.0417350736727,0.0872689295430143,0,normal,0,0.11995858886792238
2026-10-06 13:38:16,65.93744123404961,0.0748271913862864,0,normal,0,0.10903144626438555
2026-10-06 13:38:17,68.29029896435908,0.07798429683516,0,normal,0,0.12779637452602421
2026-10-06 13:38:18,68.97361785697906,0.0850029976138253,0,normal,0,0.12758728969871586
2026-10-06 13:38:19,65.16188282915122,0.0914846925648416,0,normal,0,0.07158849749271856
2026-10-06 13:38:20,64.89422425187185,0.0808534610049759,0,normal,0,0.06935230462589098
2026-10-06 13:38:21,66.17334061908103,0.0524177906190719,0,normal,0,0.0988502700593965
2026-10-06 13:38:22,64.01457842449786,0.0904813766851433,0,normal,0,0.03918047706434291
2026-10-06 13:38:23,65.23938281068638,0.0883275784654924,0,normal,0,0.08208359629487327
2026-10-06 13:38:24,66.85175575280317,0.062306414458591,0,normal,0,0.11608109809814482
2026-10-06 13:38:25,71.6093633569205,0.0864014402537657,0,normal,0,0.10710901186262545
2026-10-06 13:38:26,67.57560774573102,0.0567617745775257,0,normal,0,0.12103704636614704
2026-10-06 13:38:27,69.57070878962115,0.0997634952444823,0,normal,0,0.10536259555874944
2026-10-06 13:38:28,69.64932550641761,0.0911219847227592,0,normal,0,0.11689794343198956
2026-10-06 13:38:29,67.89706513531881,0.1076440623632143,0,normal,0,0.08669371884812199
2026-10-06 13:38:30,68.5797691913352,0.0720793707905244,0,normal,0,0.13288257807303777
2026-10-06 13:38:31,70.76620447229398,0.0634817770573552,0,normal,0,0.13244725387834766
2026-10-06 13:38:32,67.85691743152348,0.0244351992491292,0,normal,0,0.015785955157474163
2026-10-06 13:38:33,65.1779624577754,0.1312327902589518,0,normal,1,-0.023668796996945463
2026-10-06 13:38:34,64.6996028068566,0.1028940046624051,0,normal,0,0.03415858216250478
2026-10-06 13:38:35,65.37523070490032,0.1025220426962757,0,normal,0,0.060381935935719944
2026-10-06 13:38:36,67.88949284193356,0.073853318476164,0,normal,0,0.12541252439821005
2026-10-06 13:38:37,67.71700053959182,0.0640265452268625,0,normal,0,0.12752097450112904
2026-10-06 13:38:38,68.42223252016353,0.1071365647895213,0,normal,0,0.09220010603650264
2026-10-06 13:38:39,70.47925210324793,0.0833651252433188,0,normal,0,0.12197092234210316
2026-10-06 13:38:40,69.46864476630117,0.0605038072224728,0,normal,0,0.13489145730774954
2026-10-06 13:38:41,66.20455040014075,0.0569443136422452,0,normal,0,0.10560959230771005
2026-10-06 13:38:42,65.87729622921702,0.1116649205699697,0,normal,0,0.05261067406497749
2026-10-06 13:38:43,68.09782194225836,0.1188469295546901,0,normal,0,0.0625274708996933
2026-10-06 13:38:44,66.35796392676994,0.0989994263629444,0,normal,0,0.08527892834223633
2026-10-06 13:38:45,65.72208605311918,0.0902483657995517,0,normal,0,0.0841343712582549
2026-10-06 13:38:46,65.40451233236988,0.0880872061858228,0,normal,0,0.08669683256656857
2026-10-06 13:38:47,68.84089350335142,0.098325908702861,0,normal,0,0.10842483037755218
2026-10-06 13:38:48,67.75359393499522,0.0870939329419719,0,normal,0,0.11710291017550717
2026-10-06 13:38:49,67.30556276465543,0.0413855189562544,0,normal,0,0.08423614199633533
2026-10-06 13:38:50,68.0609829660963,0.0137614634051962,0,normal,1,-0.027786285162024416
2026-10-06 13:38:51,69.17290712995549,0.1232360103179794,0,normal,0,0.04951856096505902
2026-10-06 13:38:52,69.6895663330387,0.0750709459952995,0,normal,0,0.13157539261536189
2026-10-06 13:38:53,68.84962126213617,0.1156162113300813,0,normal,0,0.07102946418936434
2026-10-06 13:38:54,67.71372687434621,0.0999694591183926,0,normal,0,0.09993799867871389
2026-10-06 13:38:55,65.2532700297872,0.0678474652314559,0,normal,0,0.09357238994642775
2026-10-06 13:38:56,64.43681447878744,0.0807799635447985,0,normal,0,0.05877042496665785
2026-10-06 13:38:57,65.78477064023711,0.0410837890970938,0,normal,0,0.05721162345078873
2026-10-06 13:38:58,64.92946126251097,0.0767689025801799,0,normal,0,0.0750424334260043
2026-10-06 13:38:59,65.58075972923825,0.0624657155842735,0,normal,0,0.10067992096041517
2026-10-06 13:39:00,67.71463742671321,0.1174462617288369,0,normal,0,0.06407701515753472
2026-10-06 13:39:01,67.75254627027311,0.0754777122163532,0,normal,0,0.12553963695304465
2026-10-06 13:39:02,73.66817735534103,0.140428813010192,0,normal,1,-0.042953077481394875
2026-10-06 13:39:03,68.03898842418882,0.0922808395971548,0,normal,0,0.11428535849657001
2026-10-06 13:39:04,69.07570548208253,0.0554666992947904,0,normal,0,0.1303290199092812
2026-10-06 13:39:05,68.94115759568352,0.0886905279230999,0,normal,0,0.12427130260008662
2026-10-06 13:39:06,68.71425662103871,0.0841108235153578,0,normal,0,0.12649235831168537
2026-10-06 13:39:07,65.61420998460832,0.0880703750234133,0,normal,0,0.09107480824115016
2026-10-06 13:39:08,66.20393352719415,0.1179096935951887,0,normal,0,0.047572736945934
2026-10-06 13:39:09,67.59212813371781,0.0652404953213767,0,normal,0,0.12640656721129545
2026-10-06 13:39:10,63.684756790226125,0.1084011505038153,0,normal,0,0.005826307264503616
2026-10-06 13:39:11,66.16037733097492,0.0816700181653443,0,normal,0,0.10406135361955737
2026-10-06 13:39:12,67.99372631562663,0.0908156958357566,0,normal,0,0.11340055239115726
2026-10-06 13:39:13,66.80331628076271,0.0847097055494094,0,normal,0,0.11018959334007739
2026-10-06 13:39:14,68.10972275298678,0.03589280130538,0,normal,0,0.07334793036481935
2026-10-06 13:39:15,70.44348711389293,0.098285233915884,0,normal,0,0.10147852253108391
2026-10-06 13:39:16,69.2448122418934,0.1218117251762512,0,normal,0,0.054952263557286496
2026-10-06 13:39:17,66.76215928721366,0.1001423209609574,0,normal,0,0.08822827897956248
2026-10-06 13:39:18,68.84213654552664,0.0404028296220537,0,normal,0,0.09748380089717906
2026-10-06 13:39:19,67.90986326804811,0.1013811240789301,0,normal,0,0.0978449369505992
2026-10-06 13:39:20,66.41913049719825,0.0781255415730908,0,normal,0,0.11090056937609838
2026-10-06 13:39:21,65.37032579879256,0.105842570667583,0,normal,0,0.055343825238851896
2026-10-06 13:39:22,66.0656544180729,0.0642140788664583,0,normal,0,0.10744479467027906
2026-10-06 13:39:23,67.08803251959844,0.0513466246090184,0,normal,0,0.10462506253684895
2026-10-06 13:39:24,63.42404609967924,0.0653286551230884,0,normal,0,0.04201562350514115
2026-10-06 13:39:25,69.01870668056941,0.0744199763817997,0,normal,0,0.13216853149107827
2026-10-06 13:39:26,69.97332855479077,0.1039730035850714,0,normal,0,0.09465694929007512
2026-10-06 13:39:27,67.84207766553354,0.0653552208779785,0,normal,0,0.12898194280359937
2026-10-06 13:39:28,68.03242086178801,0.1067678781033969,0,normal,0,0.09019590405215033
2026-10-06 13:39:29,69.31902584870345,0.082995453721369,0,normal,0,0.12628690192240588
2026-10-06 13:39:30,66.93480192897249,0.1070883686086526,0,normal,0,0.07547365396699207
2026-10-06 13:39:31,67.65989062434629,0.0759816908826201,0,normal,0,0.12440570817177121
2026-10-06 13:39:32,66.77237645788318,0.0861429580230344,0,normal,0,0.10939449365782916
2026-10-06 13:39:33,63.62030351514349,0.089169968585981,0,normal,0,0.033076398951054964
2026-10-06 13:39:34,66.75415940094453,0.0683170859560552,0,normal,0,0.11754260315046267
2026-10-06 13:39:35,68.93046864092396,0.0586770704664312,0,normal,0,0.13125616693757325
2026-10-06 13:39:36,67.8490347987464,0.0553682864559892,0,normal,0,0.12362455126596211
2026-10-06 13:39:37,68.4093649296787,0.0560771335534459,0,normal,0,0.12777822597431937
2026-10-06 13:39:38,67.34408247831513,0.0575707204359352,0,normal,0,0.11910936692610569
2026-10-06 13:39:39,67.53677447279114,0.0944209892641012,0,normal,0,0.10514451574797784
2026-10-06 13:39:40,67.22207029007367,0.0986248223146596,0,normal,0,0.09756250973836961
2026-10-06 13:39:41,66.26335413083825,0.0445957799228776,0,normal,0,0.08234613106235922
2026-10-06 13:39:42,67.68744415110548,0.0277539421876395,0,normal,0,0.029147876409306828
2026-10-06 13:39:43,66.91176293961041,0.1077573633630025,0,normal,0,0.07511598566503647
2026-10-06 13:39:44,68.59004859319953,0.0904296981490876,0,normal,0,0.11643086499720273
2026-10-06 13:39:45,66.04577647037033,0.1097218341070921,0,normal,0,0.061516879254503276
2026-10-06 13:39:46,62.95037241611659,0.0535311465069025,0,normal,0,0.02703310603099246
2026-10-06 13:39:47,64.94345284877603,0.0814501516669265,0,normal,0,0.07384798676861298
2026-10-06 13:39:48,65.00181161211532,0.1053738763176708,0,normal,0,0.04152454567193081
2026-10-06 13:39:49,67.11772529402651,0.1146039187313081,0,normal,0,0.06699008769618181
2026-10-06 13:39:50,69.64721165728446,0.0958881233916234,0,normal,0,0.11102470109235191
2026-10-06 13:39:51,67.26764671171276,0.0669494814455586,0,normal,0,0.12399854248688535
2026-10-06 13:39:52,67.60765809445058,0.1249624567266217,0,normal,0,0.039110176389799134
2026-10-06 13:39:53,66.70017449728495,0.0391809830033083,0,normal,0,0.0645756690748856
2026-10-06 13:39:54,66.78253414989075,0.062089030556919,0,normal,0,0.11588410953729267
2026-10-06 13:39:55,66.45731746688325,0.0591863499318924,0,normal,0,0.10933919848778356
2026-10-06 13:39:56,64.7874547714604,0.1059724459601892,0,normal,0,0.03500272261344439
2026-10-06 13:39:57,67.6605954316719,0.1067997491580884,0,normal,0,0.08603147451374837
2026-10-06 13:39:58,65.82948368310277,0.0657086704762981,0,normal,0,0.10351931344375176
2026-10-06 13:39:59,62.34144955373626,0.0334496618178921,0,normal,1,-0.03186934044182532
2026-10-06 13:40:00,65.35813109084026,0.0988165907092616,0,normal,0,0.06635290030799557
2026-10-06 13:40:01,67.83018383469846,0.0713803712784254,0,normal,0,0.127525564636099
2026-10-06 13:40:02,66.21819008713392,0.1128436512200752,0,normal,0,0.057947333498444775
2026-10-06 13:40:03,69.25697264896482,0.0799081825168682,0,normal,0,0.12793011061973303
2026-10-06 13:40:04,69.49889705730253,0.0515511544314038,0,normal,0,0.12749930354350525
2026-10-06 13:40:05,66.75981858484772,0.0688957843184535,0,normal,0,0.11636713436968188
2026-10-06 13:40:06,67.35899954339587,0.0975095264807655,0,normal,0,0.09996596290239412
2026-10-06 13:40:07,68.24404184401853,0.073738110088106,0,normal,0,0.13092599458646187
2026-10-06 13:40:08,64.71997966914408,0.0990531169428697,0,normal,0,0.04383118354725757
2026-10-06 13:40:09,66.944759477019,0.0822135070143859,0,normal,0,0.11293246332028722
2026-10-06 13:40:10,67.37919962087267,0.0607188654828144,0,normal,0,0.12062410514991545
2026-10-06 13:40:11,68.73257806117086,0.0833191033355114,0,normal,0,0.12769626161277486
2026-10-06 13:40:12,66.9686768387364,0.0532294256552144,0,normal,0,0.10697580950303653
2026-10-06 13:40:13,67.0808178212472,0.0476552859269489,0,normal,0,0.09898826354804696
2026-10-06 13:40:14,69.62365294937938,0.051449473309352,0,normal,0,0.12621239285960228
2026-10-06 13:40:15,69.25767540372465,0.0954186090971365,0,normal,0,0.11294545737758455
2026-10-06 13:40:16,65.96212572586143,0.0985629383715747,0,normal,0,0.07906004654569265
2026-10-06 13:40:17,65.08473418796571,0.0633796606364165,0,normal,0,0.08708689450760909
2026-10-06 13:40:18,67.36267828283367,0.0428771774744498,0,normal,0,0.09025586481111697
2026-10-06 13:40:19,66.40453095285099,0.0730804335763015,0,normal,0,0.11372978139310841
2026-10-06 13:40:20,67.32797342580463,0.1029724112765096,0,normal,0,0.08721083350643771
2026-10-06 13:40:21,64.34423407701934,0.1155414961069828,0,normal,1,-0.0013872884394483531
2026-10-06 13:40:22,65.6935861692892,0.0771420859135445,0,normal,0,0.09911771630376714
2026-10-06 13:40:23,65.23057907671709,0.0738614282121229,0,normal,0,0.09080651546637669
2026-10-06 13:40:24,69.71484155937927,0.0515628708116603,0,normal,0,0.12822271039973332
2026-10-06 13:40:25,66.39988911498384,0.0756509488502826,0,normal,0,0.11293687016235066
2026-10-06 13:40:26,69.1326136086711,0.1313587575192827,0,normal,0,0.019452974936150502
2026-10-06 13:40:27,71.78927766553163,0.0948562193609768,0,normal,0,0.09255491113535258
2026-10-06 13:40:28,68.77478156499609,0.0602211774380408,0,normal,0,0.13200605656091619
2026-10-06 13:40:29,67.37737763617783,0.1153556739612232,0,normal,0,0.06745111963776962
2026-10-06 13:40:30,65.9967271859569,0.0322528404557083,0,normal,0,0.02707356268062866
2026-10-06 13:40:31,69.68291489948466,0.0583880454696115,0,normal,0,0.13170252017634898
2026-10-06 13:40:32,65.02513758432902,0.0813983231206936,0,normal,0,0.07890231733105596
2026-10-06 13:40:33,65.80444110276666,0.0856895712362608,0,normal,0,0.09368120101250421
2026-10-06 13:40:34,68.3446811192992,0.0823116010767462,0,normal,0,0.12739587116623913
2026-10-06 13:40:35,66.61393618902326,0.066729617067145,0,normal,0,0.11630495446725414
2026-10-06 13:40:36,65.86792238505572,0.0936149507481282,0,normal,0,0.08849879992991655
2026-10-06 13:40:37,69.90481301020296,0.0172779359314367,0,normal,1,-0.0006561154028839056
2026-10-06 13:40:38,68.91272685445948,0.1598862211090398,0,normal,1,-0.03541712037843703
2026-10-06 13:40:39,70.21436021676365,0.1495049510825485,0,normal,1,-0.028326834252909938
2026-10-06 13:40:40,66.84944990706971,0.0454174976619083,0,normal,0,0.08970890045780233
2026-10-06 13:40:41,67.02499041291081,0.113219731920443,0,normal,0,0.0666690529673053
2026-10-06 13:40:42,66.2368244848381,0.1354308487451786,0,normal,1,-0.015533475753414017
2026-10-06 13:40:43,67.83024471904412,0.1003613833936921,0,normal,0,0.10007229412642799
2026-10-06 13:40:44,67.34005245773473,0.1237080678334367,0,normal,0,0.039477987211385734
2026-10-06 13:40:45,66.995153070125,0.074525087547038,0,normal,0,0.11624349486050306
2026-10-06 13:40:46,65.00539866451061,0.0637687001178192,0,normal,0,0.08285005879766938
2026-10-06 13:40:47,68.00997034485785,0.089829986672291,0,normal,0,0.11382928347528881
2026-10-06 13:40:48,66.86189621544715,0.0769269609824745,0,normal,0,0.11137737933566955
2026-10-06 13:40:49,69.04766055689798,0.1130742531828985,0,normal,0,0.0788669557526207
2026-10-06 13:40:50,66.60386566750428,0.0763236306168967,0,normal,0,0.11273876292246765
2026-10-06 13:40:51,67.48849965956198,0.084657150207808,0,normal,0,0.11579905150994718
2026-10-06 13:40:52,68.29270279171514,0.0804089357908222,0,normal,0,0.12705407513427713
2026-10-06 13:40:53,67.83715762921516,0.0974915424195168,0,normal,0,0.1041298777303708
2026-10-06 13:40:54,67.45026339078306,0.0912943847257753,0,normal,0,0.10787862618702793
2026-10-06 13:40:55,62.90856091733494,0.0670455472226616,0,normal,0,0.036250085215090655
2026-10-06 13:40:56,64.13304453260453,0.0705683974228649,0,normal,0,0.05915541569779059
2026-10-06 13:40:57,63.62172088049823,0.1061083276733137,0,normal,0,0.009892958065959245
2026-10-06 13:40:58,66.07627318538634,0.0648049257786733,0,normal,0,0.1078628005355246
2026-10-06 13:40:59,67.8666186590739,0.0933750378750637,0,normal,0,0.11032528929281621
2026-10-06 13:41:00,66.89925757515975,0.0852112515509322,0,normal,0,0.11008433983191346
2026-10-06 13:41:01,72.68345285357618,0.0910473525180821,0,normal,0,0.08436055926931024
2026-10-06 13:41:02,67.40573716434061,0.0688478567594219,0,normal,0,0.12264329367029769
2026-10-06 13:41:03,70.8825186940783,0.1121163823089788,0,normal,0,0.07539600773300947
2026-10-06 13:41:04,66.99521391586407,0.0858312186276707,0,normal,0,0.10962497933494925
2026-10-06 13:41:05,71.38384297869895,0.0612283525057151,0,normal,0,0.1298429266575713
2026-10-06 13:41:06,66.9909170310869,0.1479528304092168,0,normal,1,-0.03463928282490181
2026-10-06 13:41:07,66.03657035906944,0.0602925267588017,0,normal,0,0.10245504484099088
2026-10-06 13:41:08,68.77352066861772,0.0786088074833376,0,normal,0,0.1292977389361531
2026-10-06 13:41:09,67.55375906152948,0.0571574639630994,0,normal,0,0.12072360117487968
2026-10-06 13:41:10,68.27275648262162,0.1425775959010711,0,normal,1,-0.016875538793550082
2026-10-06 13:41:11,66.37167714389626,0.0200612551378285,0,normal,1,-0.03020468633018447
2026-10-06 13:41:12,67.9870602300536,0.0697509941632622,0,normal,0,0.12852774339113465
2026-10-06 13:41:13,69.09944952044908,0.1087640825654695,0,normal,0,0.09190766353665814
2026-10-06 13:41:14,68.54900365614633,0.1095324249842187,0,normal,0,0.08849856490552988
2026-10-06 13:41:15,69.00177326280424,0.1083610456166322,0,normal,0,0.09365152674800103
2026-10-06 13:41:16,69.36909297154,0.0780904223560782,0,normal,0,0.12849586393979895
2026-10-06 13:41:17,65.98055429145897,0.0671436252431335,0,normal,0,0.10813549771280029
2026-10-06 13:41:18,66.54596362379627,0.0856454575755561,0,normal,0,0.10813347733985362
2026-10-06 13:41:19,61.14523942952376,0.1147069877985193,0,normal,1,-0.03985366731151929
2026-10-06 13:41:20,65.10963924083485,0.0801404290923575,0,normal,0,0.0831533349337269
2026-10-06 13:41:21,65.92161588788328,0.0625436041776407,0,normal,0,0.10515282140270305
2026-10-06 13:41:22,66.24425919605969,0.0616897793322381,0,normal,0,0.10967054913473356
2026-10-06 13:41:23,67.60989203251583,0.0689617582042572,0,normal,0,0.12581453074934185
2026-10-06 13:41:24,67.30538743243498,0.0135614268783859,0,normal,1,-0.03530491638506983
2026-10-06 13:41:25,66.52836347604001,0.0818811717971804,0,normal,0,0.10893383771696374
2026-10-06 13:41:26,68.3014612676362,0.083499803094481,0,normal,0,0.12621658845542982
2026-10-06 13:41:27,68.13640311341105,0.0709025228995723,0,normal,0,0.13239699081249295
2026-10-06 13:41:28,67.85404246264073,0.0418661662460223,0,normal,0,0.09358831535873302
2026-10-06 13:41:29,69.61317162314049,0.0604988214391539,0,normal,0,0.13498937273660278
2026-10-06 13:41:30,65.16218313507726,0.0967746462507952,0,normal,0,0.061635957425177745
2026-10-06 13:41:31,67.2692277213402,0.0560930220677974,0,normal,0,0.11753979117261881
2026-10-06 13:41:32,67.06819927421026,0.1251090367894609,0,normal,0,0.03376454047412197
2026-10-06 13:41:33,65.60521192249146,0.081821699741853,0,normal,0,0.0952014259424917
2026-10-06 13:41:34,65.94918373928625,0.0555336182554704,0,normal,0,0.09800550625251397
2026-10-06 13:41:35,66.82283457577773,0.051965225526028,0,normal,0,0.10500580670145854
2026-10-06 13:41:36,69.44341886223052,0.0698624922920213,0,normal,0,0.13364625799374524
2026-10-06 13:41:37,68.66156215921657,0.0511007951172216,0,normal,0,0.12271160728052255
2026-10-06 13:41:38,71.0881550031125,0.0747883459566378,0,normal,0,0.1287588248349565
2026-10-06 13:41:39,67.43193772044975,0.0292590608479035,0,normal,0,0.035062555415500685
2026-10-06 13:41:40,0.0,0.0445720351343619,1,dropout,1,-0.2352917322718383
2026-10-06 13:41:41,0.0,0.0519173872502299,1,dropout,1,-0.22746056381101865
2026-10-06 13:41:42,0.0,0.0533775692190153,1,dropout,1,-0.2282183911921728
2026-10-06 13:41:43,0.0,0.0643624830829322,1,dropout,1,-0.22908508845393638
2026-10-06 13:41:44,0.0,0.0434264042217954,1,dropout,1,-0.23843072518091268
2026-10-06 13:41:45,0.0,0.0454456247994955,1,dropout,1,-0.23102161187572356
2026-10-06 13:41:46,0.0,0.0320392121353468,1,dropout,1,-0.25590125254843965
2026-10-06 13:41:47,0.0,0.052345592542402,1,dropout,1,-0.22609944966513384
2026-10-06 13:41:48,0.0,0.0530419107505393,1,dropout,1,-0.2282183911921728
2026-10-06 13:41:49,0.0,0.0537081121356024,1,dropout,1,-0.2294611688989262
2026-10-06 13:41:50,0.0,0.0650356078066091,1,dropout,1,-0.22904360040633787
2026-10-06 13:41:51,0.0,0.0435975409655352,1,dropout,1,-0.23843072518091268
2026-10-06 13:41:52,0.0,0.0554133740837887,1,dropout,1,-0.23345127291824275
2026-10-06 13:41:53,0.0,0.0525429311445255,1,dropout,1,-0.22772585523464184
2026-10-06 13:41:54,0.0,0.0569476035290333,1,dropout,1,-0.23370381601539636
2026-10-06 13:41:55,0.0,0.0578841500902167,1,dropout,1,-0.2344488149353554
2026-10-06 13:41:56,0.0,0.0431121053876693,1,dropout,1,-0.24018017898032418
2026-10-06 13:41:57,0.0,0.0646480520177126,1,dropout,1,-0.22904360040633787
2026-10-06 13:41:58,0.0,0.0536399109799751,1,dropout,1,-0.2297079823663527
2026-10-06 13:41:59,0.0,0.0492898263072469,1,dropout,1,-0.2281679984873518
2026-10-06 13:42:00,0.0,0.0463689388114785,1,dropout,1,-0.23077435409158154
2026-10-06 13:42:01,0.0,0.0478076286461065,1,dropout,1,-0.2303114170982079
2026-10-06 13:42:02,0.0,0.0360235954453671,1,dropout,1,-0.24996332267214683
2026-10-06 13:42:03,0.0,0.0408958800914046,1,dropout,1,-0.24187208107311964
2026-10-06 13:42:04,0.0,0.0285230982185116,1,dropout,1,-0.25869656403133123
2026-10-06 13:42:05,0.0,0.0473632014288283,1,dropout,1,-0.23006439952746593
2026-10-06 13:42:06,0.0,0.067776614334758,1,dropout,1,-0.22890405068551778
2026-10-06 13:42:07,0.0,0.0578614960523776,1,dropout,1,-0.2344488149353554
2026-10-06 13:42:08,0.0,0.0453184087125991,1,dropout,1,-0.23333365022097396
2026-10-06 13:42:09,0.0,0.0622118824848018,1,dropout,1,-0.23038248609788559
2026-10-06 13:42:10,67.39386439377681,0.0601866250877875,0,normal,0,0.11959888454083628
2026-10-06 13:42:11,65.74950547165483,0.0433653116157345,0,normal,0,0.06620396823099867
2026-10-06 13:42:12,66.94887036091279,0.0889648089111279,0,normal,0,0.10622426396108331
2026-10-06 13:42:13,68.88847633971375,0.0790527329819165,0,normal,0,0.1298290304090456
2026-10-06 13:42:14,68.66650806564213,0.0483968673435085,0,normal,0,0.11792061003176679
2026-10-06 13:42:15,69.85719778765034,0.1028755165557056,0,normal,0,0.09722541352067687
2026-10-06 13:42:16,69.04583883224022,0.0782902866403685,0,normal,0,0.12932209971390402
2026-10-06 13:42:17,67.38723098861779,0.027190172682987,0,normal,0,0.02149508326667038
2026-10-06 13:42:18,68.56003995339931,0.0839039002591235,0,normal,0,0.125722599901676
2026-10-06 13:42:19,68.21461051376973,0.1154231476743065,0,normal,0,0.07105692750757048
2026-10-06 13:42:20,64.98799718060084,0.0787825141787967,0,normal,0,0.07631792203254073
2026-10-06 13:42:21,64.95732474507663,0.0380398804385568,0,normal,0,0.028441261156897157
2026-10-06 13:42:22,65.1481068160382,0.0852023555790253,0,normal,0,0.0790534307714939
2026-10-06 13:42:23,68.08733766985907,0.078687853500754,0,normal,0,0.12653663786945546
2026-10-06 13:42:24,70.62584225007905,0.1104493842785537,0,normal,0,0.08343476756935059
2026-10-06 13:42:25,64.86996197903515,0.0677308450316829,0,normal,0,0.07689554522239311
2026-10-06 13:42:26,67.63081969454738,0.0864095118165901,0,normal,0,0.11661875823597895
2026-10-06 13:42:27,69.86393125916891,0.1160805521699454,0,normal,0,0.06631382400314245
2026-10-06 13:42:28,69.07178044732491,0.069784981964072,0,normal,0,0.1331106965958216
2026-10-06 13:42:29,69.10608810292521,0.0834668585385766,0,normal,0,0.12617327706965037
2026-10-06 13:42:30,67.05929819949408,0.0971255706558975,0,normal,0,0.09662059450784427
2026-10-06 13:42:31,68.88785543326144,0.0217988890041925,0,normal,0,0.011174926016975506
2026-10-06 13:42:32,67.29976115483225,0.0782315461716686,0,normal,0,0.11673635045687902
2026-10-06 13:42:33,66.70132488213474,0.1286524465403691,0,normal,0,0.01633295319858763
2026-10-06 13:42:34,67.25229662871156,0.0700457945107509,0,normal,0,0.12204049041571785
2026-10-06 13:42:35,68.12725790214668,0.0866117122892462,0,normal,0,0.12251469184169489
2026-10-06 13:42:36,65.88233641788841,0.0304960551555944,0,normal,0,0.017701455498970786
2026-10-06 13:42:37,68.09739255178914,0.1202438845196127,0,normal,0,0.05887982107503009
2026-10-06 13:42:38,68.66330009866988,0.0883693003634278,0,normal,0,0.12490512641693813
2026-10-06 13:42:39,67.80634108278481,0.0693780795026844,0,normal,0,0.1276953053533862
2026-10-06 13:42:40,72.18688570666312,0.0811812223350827,0,normal,0,0.10636664180914646
2026-10-06 13:42:41,65.65910894317476,0.0480738515410269,0,normal,0,0.07749186865907903
2026-10-06 13:42:42,70.39469978716951,0.0532252746514091,0,normal,0,0.12597728130021923
2026-10-06 13:42:43,65.31708469454465,0.0648647059435822,0,normal,0,0.093319891680335
2026-10-06 13:42:44,68.52482578385451,0.0809256518227759,0,normal,0,0.1258187120720673
2026-10-06 13:42:45,66.07364291644765,0.1154853799297226,0,normal,0,0.0483604519652161
2026-10-06 13:42:46,65.9715608470483,0.0990080975006329,0,normal,0,0.07824080354928242
2026-10-06 13:42:47,65.13600206001149,0.0751419624837347,0,normal,0,0.08793883307133582
2026-10-06 13:42:48,67.3204622677643,0.0657850126439925,0,normal,0,0.12218379470232416
2026-10-06 13:42:49,67.5281562625571,0.1155871681633634,0,normal,0,0.06742036344604252
2026-10-06 13:42:50,69.44323579105645,0.0630713660010161,0,normal,0,0.13448470490110892
2026-10-06 13:42:51,67.32742383166816,0.0728777918288545,0,normal,0,0.1213794593532928
2026-10-06 13:42:52,67.81386139669478,0.0791835728676894,0,normal,0,0.12322077461889702
2026-10-06 13:42:53,64.0409156371025,0.0917344462534029,0,normal,0,0.04063912245935286
2026-10-06 13:42:54,67.1037002808063,0.0996712348100968,0,normal,0,0.0936883937165865
2026-10-06 13:42:55,67.83177830474862,0.0970747526033867,0,normal,0,0.10483861447125842
2026-10-06 13:42:56,64.5746490206148,0.1142933511550799,0,normal,0,0.005566408744991147
2026-10-06 13:42:57,67.43891339090457,0.1186286807294609,0,normal,0,0.0618098890698115
2026-10-06 13:42:58,68.2607128943589,0.0814213535858278,0,normal,0,0.12693895154100288
2026-10-06 13:42:59,66.33651839677034,0.0675468264943292,0,normal,0,0.11333299219237891
2026-10-06 13:43:00,67.68581857291632,0.0777677108679817,0,normal,0,0.12211430104441517
2026-10-06 13:43:01,70.49492641600557,0.0926372358637895,0,normal,0,0.11096339419386497
2026-10-06 13:43:02,66.71068385250788,0.0517661426524225,0,normal,0,0.10469973108248215
2026-10-06 13:43:03,69.98781671236544,0.0757556168976649,0,normal,0,0.12824425161538766
2026-10-06 13:43:04,68.77545157588686,0.0436133155419407,0,normal,0,0.10592763490461027
2026-10-06 13:43:05,67.54072687851853,0.068424301548581,0,normal,0,0.12567759762986674
2026-10-06 13:43:06,64.38911471400036,0.0754737910678316,0,normal,0,0.06406876439091358
2026-10-06 13:43:07,67.97413938552909,0.0886719941245457,0,normal,0,0.11787752127588108
2026-10-06 13:43:08,66.40594009675847,0.0451920352964942,0,normal,0,0.0837234067407715
2026-10-06 13:43:09,66.25552643396934,0.1006776722606914,0,normal,0,0.08299998029529504
2026-10-06 13:43:10,66.1162692828687,0.1195831870842067,0,normal,0,0.04191266593953269
2026-10-06 13:43:11,66.77515471275916,0.0578472466394354,0,normal,0,0.1138216548349944
2026-10-06 13:43:12,65.7090126301905,0.0693852049046809,0,normal,0,0.103956300693409
2026-10-06 13:43:13,67.1172505966257,0.0550595109245642,0,normal,0,0.11349257183434147
2026-10-06 13:43:14,69.68484714538823,0.0883416019659289,0,normal,0,0.12386385591705806
2026-10-06 13:43:15,68.4565165997703,0.0568644973416785,0,normal,0,0.12891382338218332
2026-10-06 13:43:16,68.53162682138583,0.0371141721281541,0,normal,0,0.0837281959308454
2026-10-06 13:43:17,67.998677532769,0.0846039139361189,0,normal,0,0.12164773777094307
2026-10-06 13:43:18,68.56188524153826,0.129051028302934,0,normal,0,0.02624883874420031
2026-10-06 13:43:19,68.37212320123933,0.0602901658230823,0,normal,0,0.12944473431662273
2026-10-06 13:43:20,66.0182510381118,0.1013292269749261,0,normal,0,0.07541851765282304
2026-10-06 13:43:21,69.54863510427454,0.0738756134267946,0,normal,0,0.13181549685735505
2026-10-06 13:43:22,68.08815384905951,0.0713306469356801,0,normal,0,0.13124882109498892
2026-10-06 13:43:23,66.50923979789323,0.0908498718389706,0,normal,0,0.09966911811382101
2026-10-06 13:43:24,68.25977799165787,0.1041555013508774,0,normal,0,0.09609043063489636
2026-10-06 13:43:25,67.79389863847479,0.0532707206044077,0,normal,0,0.12122435306325174
2026-10-06 13:43:26,68.68091028323916,0.0835303989229976,0,normal,0,0.12759329720641704
2026-10-06 13:43:27,71.00810213902912,0.0990554051468821,0,normal,0,0.09781257813073685
2026-10-06 13:43:28,69.6045658910957,0.0805992790881438,0,normal,0,0.12646276181912824
2026-10-06 13:43:29,68.47945317165612,0.1186549106061067,0,normal,0,0.06331852182163356
2026-10-06 13:43:30,69.49438449882561,0.0855448073444697,0,normal,0,0.12480918274820646
2026-10-06 13:43:31,65.63680179118815,0.0665185567921921,0,normal,0,0.10313719686893547
2026-10-06 13:43:32,66.34693867770771,0.0879501632304756,0,normal,0,0.1035634417491822
2026-10-06 13:43:33,68.95441761162098,0.0842708568260111,0,normal,0,0.12747960078133075
2026-10-06 13:43:34,65.54515670839955,0.1171589075191751,0,normal,0,0.033104612464920746
2026-10-06 13:43:35,64.73832583879178,0.0870678565935796,0,normal,0,0.06493375672750407
2026-10-06 13:43:36,69.47014888334664,0.0817550555055176,0,normal,0,0.125606261797085
2026-10-06 13:43:37,66.63217248668013,0.0638267146667602,0,normal,0,0.11598465992050344
2026-10-06 13:43:38,69.84592118902329,0.0811326857360111,0,normal,0,0.12571347381318526
2026-10-06 13:43:39,67.44638081954896,0.0920407181023567,0,normal,0,0.10811055002821257
2026-10-06 13:43:40,68.65474713593409,0.1182727486042896,0,normal,0,0.06557834442352595
2026-10-06 13:43:41,67.13992129397938,0.1034620779198291,0,normal,0,0.08689382616988789
2026-10-06 13:43:42,67.97268890720953,0.0581946159094675,0,normal,0,0.12614223687494708
2026-10-06 13:43:43,70.30278525232632,0.0792054232843,0,normal,0,0.12551469104306973
2026-10-06 13:43:44,65.90062911848824,0.0640867241335493,0,normal,0,0.10532759673124897
2026-10-06 13:43:45,65.56358894159447,0.0843902235133783,0,normal,0,0.09382217805206344
2026-10-06 13:43:46,65.97276378579569,0.0900245249016218,0,normal,0,0.09005287262241218
2026-10-06 13:43:47,67.51087611575007,0.0572542140214656,0,normal,0,0.12059417067334538
2026-10-06 13:43:48,70.26335757407575,0.1123135650527941,0,normal,0,0.07577490967922196
2026-10-06 13:43:49,68.76583801273365,0.0615223875935529,0,normal,0,0.13287477754293037
2026-10-06 13:43:50,67.43892865942699,0.0519912814595794,0,normal,0,0.11429191801786082
2026-10-06 13:43:51,70.85111943490125,0.0957549984078616,0,normal,0,0.10512625948089865
2026-10-06 13:43:52,66.16656822334151,0.0874189181435852,0,normal,0,0.10014327666781109
2026-10-06 13:43:53,66.99151857869549,0.0540822162052398,0,normal,0,0.10829140779669033
2026-10-06 13:43:54,66.75848948454272,0.0725303132809337,0,normal,0,0.11718891798242165
2026-10-06 13:43:55,68.20617558478271,0.0717230514705477,0,normal,0,0.13233763477203442
2026-10-06 13:43:56,65.38760711925993,0.0927666532313217,0,normal,0,0.08042627520910561
2026-10-06 13:43:57,65.67225511384012,0.1141013087711663,0,normal,0,0.04309311858778009
2026-10-06 13:43:58,67.19587488872773,0.0512637220729533,0,normal,0,0.10762105442033376
2026-10-06 13:43:59,67.52706520306093,0.0776569212332089,0,normal,0,0.1187446184074929
2026-10-06 13:44:00,66.10511310422616,0.0865764430690494,0,normal,0,0.09957818474281732
2026-10-06 13:44:01,69.90577061366614,0.0959197227540522,0,normal,0,0.11131338107891009
2026-10-06 13:44:02,67.67735100695958,0.0739372038021709,0,normal,0,0.1256364647453052
2026-10-06 13:44:03,66.7903994347485,0.0616853964905339,0,normal,0,0.1155275103376247
2026-10-06 13:44:04,68.7530998361844,0.0850381831024108,0,normal,0,0.12557942940208122
2026-10-06 13:44:05,70.1541481665299,0.0883249563772194,0,normal,0,0.11813164278784355
2026-10-06 13:44:06,69.972525414145,0.1344320649550668,0,normal,0,0.0079656732595908
2026-10-06 13:44:07,69.99262362104425,0.1017761634794314,0,normal,0,0.10024987903637789
2026-10-06 13:44:08,66.16227160954142,0.1060548803065329,0,normal,0,0.07157778969735307
2026-10-06 13:44:09,65.75424185212316,0.0669144652059579,0,normal,0,0.10337068314822367
2026-10-06 13:44:10,66.45809221288685,0.0943709260475811,0,normal,0,0.09567797145861595
2026-10-06 13:44:11,66.01073998479478,0.0938341211028379,0,normal,0,0.0900678301577505
2026-10-06 13:44:12,66.61332663417126,0.0417306371755449,0,normal,0,0.0750186537135823
2026-10-06 13:44:13,65.89892983263896,0.0594906535687804,0,normal,0,0.10184057996050572
2026-10-06 13:44:14,70.37698394713735,0.0948973785717181,0,normal,0,0.11075253386886313
2026-10-06 13:44:15,70.04732944672539,0.0798364576884551,0,normal,0,0.12516439961344555
2026-10-06 13:44:16,69.30452499529784,0.0931028509072857,0,normal,0,0.11713551483310458
2026-10-06 13:44:17,67.12053869493786,0.0973925874061519,0,normal,0,0.0977990160503932
2026-10-06 13:44:18,67.57870829064692,0.1190641365551339,0,normal,0,0.060887639012823846
2026-10-06 13:44:19,66.42846769074485,0.0436012505703325,0,normal,0,0.07728860038911395
2026-10-06 13:44:20,66.88852497848248,0.1068646227832678,0,normal,0,0.0754389555466563
2026-10-06 13:44:21,66.41898581437415,0.1136708239669158,0,normal,0,0.06004591915370194
2026-10-06 13:44:22,68.8017806955846,0.0707221333582874,0,normal,0,0.13444670468352443
2026-10-06 13:44:23,65.67167997835858,0.0713587610535763,0,normal,0,0.1040090547385264
2026-10-06 13:44:24,68.25259738630668,0.0897549827014187,0,normal,0,0.11813361182232984
2026-10-06 13:44:25,69.4120085732083,0.085549494680893,0,normal,0,0.12473394224345363
2026-10-06 13:44:26,67.96590537093205,0.0840230049483795,0,normal,0,0.12180902547571926
2026-10-06 13:44:27,70.8750449975677,0.0331295417611557,0,normal,0,0.07532685981226767
2026-10-06 13:44:28,70.26959650899498,0.0531266329074365,0,normal,0,0.12698684700991508
2026-10-06 13:44:29,68.8204119934999,0.0193456564374048,0,normal,1,-0.00362534977638318
2026-10-06 13:44:30,67.9771547687122,0.0802803837741388,0,normal,0,0.12281919848111511
2026-10-06 13:44:31,66.2207026848967,0.0621107176439982,0,normal,0,0.10904661692801298
2026-10-06 13:44:32,66.29523966728568,0.0862466289174266,0,normal,0,0.10305710737828638
2026-10-06 13:44:33,69.19154927856962,0.0194595039614651,0,normal,0,0.002279525586285691
2026-10-06 13:44:34,66.54505227808767,0.0738265976934589,0,normal,0,0.11464425914834098
2026-10-06 13:44:35,66.96287149418855,0.0686929186818699,0,normal,0,0.11627194530570373
2026-10-06 13:44:36,68.25053201604305,0.0756132628116415,0,normal,0,0.13068869368745678
2026-10-06 13:44:37,69.97017424699618,0.0801133055116772,0,normal,0,0.12274606479236733
2026-10-06 13:44:38,69.09377025081082,0.0823938337758172,0,normal,0,0.12673849094858153
2026-10-06 13:44:39,68.55398562070329,0.1034461435167106,0,normal,0,0.09743578524276497
2026-10-06 13:44:40,69.97068257059318,0.0976598757605228,0,normal,0,0.10535285404839029
2026-10-06 13:44:41,66.2533314048328,0.0636222054516171,0,normal,0,0.11082751779828642
2026-10-06 13:44:42,66.17083834028233,0.0779710701109337,0,normal,0,0.10646926896439568
2026-10-06 13:44:43,68.62559642409867,0.0648585705489809,0,normal,0,0.1325010425139409
2026-10-06 13:44:44,66.54156595910366,0.0893725109274168,0,normal,0,0.10232970502719352
2026-10-06 13:44:45,66.8729518773978,0.074461735312694,0,normal,0,0.11528851287128022
2026-10-06 13:44:46,66.79717308565999,0.1010340401543625,0,normal,0,0.08630003308883866
2026-10-06 13:44:47,67.26078403165569,0.0753529049337827,0,normal,0,0.12093237755500563
2026-10-06 13:44:48,64.53103667504092,0.08242380213576,0,normal,0,0.05777170696976097
2026-10-06 13:44:49,67.17394441056418,0.0759877771616382,0,normal,0,0.11841160523611333
2026-10-06 13:44:50,67.60487546650434,0.0941340112648386,0,normal,0,0.10711215355351628
2026-10-06 13:44:51,66.94479380793955,0.0664935956546167,0,normal,0,0.1172181346412674
2026-10-06 13:44:52,70.7020985698557,0.0855877764353936,0,normal,0,0.12077679271325675
2026-10-06 13:44:53,68.51532293892471,0.1059577567218626,0,normal,0,0.09414782180326964
2026-10-06 13:44:54,67.35633928472555,0.0675535510200956,0,normal,0,0.12267129428551338
2026-10-06 13:44:55,65.58788584088778,0.1075716284077086,0,normal,0,0.05290864066629514
2026-10-06 13:44:56,62.82611701781271,0.0452048031209955,0,normal,0,0.009568654015386702
2026-10-06 13:44:57,64.67638418468479,0.0809957895736315,0,normal,0,0.06567400084887598
2026-10-06 13:44:58,63.60913723016555,0.0440975480721689,0,normal,0,0.026708382964017896
2026-10-06 13:44:59,67.04311870839351,0.0976671786709841,0,normal,0,0.09461772003970587
2026-10-06 13:45:00,65.70372080320855,0.1276225438928812,0,normal,1,-0.0013338250589494116
2026-10-06 13:45:01,71.31771675254869,0.0436985486416259,0,normal,0,0.11081372297612141
2026-10-06 13:45:02,68.89889564353385,0.1109107277809171,0,normal,0,0.08807747823795004
2026-10-06 13:45:03,68.91454172303742,0.056819548048913,0,normal,0,0.13216802813189815
2026-10-06 13:45:04,67.32192261013402,0.072870366921398,0,normal,0,0.1213794593532928
2026-10-06 13:45:05,65.90624160359133,0.1224932316911844,0,normal,0,0.02880703783120142
2026-10-06 13:45:06,68.38257471270052,0.0492735406969807,0,normal,0,0.11917059519424716
2026-10-06 13:45:07,64.72182638536552,0.0714953829609198,0,normal,0,0.07341133558732504
2026-10-06 13:45:08,63.79780429479119,0.0758684705852863,0,normal,0,0.05113533642464951
2026-10-06 13:45:09,63.53592567397357,0.0631518653404818,0,normal,0,0.04687796521539889
2026-10-06 13:45:10,68.46151930948007,0.1099606239615318,0,normal,0,0.08843576926587654
2026-10-06 13:45:11,67.65166004613837,0.1251446421543516,0,normal,0,0.03807389753442869
2026-10-06 13:45:12,65.54130495126047,0.0817854061363562,0,normal,0,0.09586904346821251
2026-10-06 13:45:13,69.2199778644727,0.1166863225208403,0,normal,0,0.06685270243748037
2026-10-06 13:45:14,68.7508849792783,0.0676452808473967,0,normal,0,0.13301750806365853
2026-10-06 13:45:15,71.24853509712176,0.1462736460163619,0,normal,1,-0.025564049542345924
2026-10-06 13:45:16,66.60088599003859,0.0748019674276036,0,normal,0,0.11564459989117726
2026-10-06 13:45:17,68.20263395010622,0.0641980675546747,0,normal,0,0.1314955302616299
2026-10-06 13:45:18,66.13742269762136,0.0913755895745084,0,normal,0,0.09395547436016033
2026-10-06 13:45:19,65.84272394191704,0.100050395564822,0,normal,0,0.07318687869777962
2026-10-06 13:45:20,68.35343062138342,0.0574876055841771,0,normal,0,0.1299899723385432
2026-10-06 13:45:21,69.18548186092717,0.1303854947516118,0,normal,0,0.02359034047341735
2026-10-06 13:45:22,65.99338352923483,0.0450108347250135,0,normal,0,0.07659102568132359
2026-10-06 13:45:23,64.81266163035146,0.0844369768697657,0,normal,0,0.06761640087287935
2026-10-06 13:45:24,67.51196886677731,0.1237127464687311,0,normal,0,0.04149125383719282
2026-10-06 13:45:25,67.87971033820119,0.0737675617222356,0,normal,0,0.12543880431464854
2026-10-06 13:45:26,66.34093988908884,0.0589238582194867,0,normal,0,0.10675079105675728
2026-10-06 13:45:27,66.26604089447636,0.1228355420867295,0,normal,0,0.034476590121884476
2026-10-06 13:45:28,67.16834909558546,0.0850041699479054,0,normal,0,0.11398244280065356
2026-10-06 13:45:29,71.18635629890511,0.1233795431521638,0,normal,0,0.03910966935759386
2026-10-06 13:45:30,65.86202218395951,0.1198644027436688,0,normal,0,0.03388930399912693
2026-10-06 13:45:31,65.6262094747549,0.0888432387235785,0,normal,0,0.08885742477664227
2026-10-06 13:45:32,66.75596431040225,0.1270538584597859,0,normal,0,0.02352577567946823
2026-10-06 13:45:33,63.76171339191641,0.0578221212590939,0,normal,0,0.049291116316243555
2026-10-06 13:45:34,66.17488999438027,0.0644993331308971,0,normal,0,0.1104514010685434
2026-10-06 13:45:35,66.71378367357698,0.0616255082911617,0,normal,0,0.11513725493176985
2026-10-06 13:45:36,70.32760982382098,0.0729558971551114,0,normal,0,0.13141008211265603
2026-10-06 13:45:37,72.72570580577931,0.1105614325711565,0,normal,0,0.05066203377726164
2026-10-06 13:45:38,68.6443500927571,0.0793082676622345,0,normal,0,0.12799712798195995
2026-10-06 13:45:39,69.1658208638347,0.0591814427747079,0,normal,0,0.1312568344199747
2026-10-06 13:45:40,70.51639888234808,0.0646291095138569,0,normal,0,0.13254669261996094
2026-10-06 13:45:41,67.53557612283765,0.0278592474176674,0,normal,0,0.028178323280786177
2026-10-06 13:45:42,68.23921855423283,0.0757959409873206,0,normal,0,0.13068869368745678
2026-10-06 13:45:43,66.0784886614752,0.0709923900641043,0,normal,0,0.11208127724314748
2026-10-06 13:45:44,65.73714000733416,0.0746309562047625,0,normal,0,0.10352005734410169
2026-10-06 13:45:45,64.37802152125704,0.0661642515899785,0,normal,0,0.06448331572929633
2026-10-06 13:45:46,63.68641834335712,0.0763387601327608,0,normal,0,0.04909577335826015
2026-10-06 13:45:47,65.5607371919831,0.1035950146735218,0,normal,0,0.0609683848349899
2026-10-06 13:45:48,62.92099178254996,0.0772527458084471,0,normal,0,0.03021850480297006
2026-10-06 13:45:49,68.48408643964943,0.0638496721949088,0,normal,0,0.13166035695172124
2026-10-06 13:45:50,69.26102085000436,0.0925853693703776,0,normal,0,0.1166567724598056
2026-10-06 13:45:51,69.33201137901659,0.0610109534039106,0,normal,0,0.13464744142791107
2026-10-06 13:45:52,70.47073147036055,0.0874947240484379,0,normal,0,0.1167350786020851
2026-10-06 13:45:53,65.84545713075693,0.0735055696622866,0,normal,0,0.10532359752485537
2026-10-06 13:45:54,68.30285096456663,0.1181078150585898,0,normal,0,0.06497244705262495
2026-10-06 13:45:55,70.28127443880844,0.0427305683716467,0,normal,0,0.10762209452806909
2026-10-06 13:45:56,67.6686748108655,0.0828605464492049,0,normal,0,0.12010041662043136
2026-10-06 13:45:57,67.65059235201181,0.0463734788429743,0,normal,0,0.10483498185782342
2026-10-06 13:45:58,64.73918560715974,0.08713695979844,0,normal,0,0.06495407599275926
2026-10-06 13:45:59,68.72351339273192,0.0500382108914885,0,normal,0,0.12164467571251225
2026-10-06 13:46:00,69.53238927178073,0.0868739777365898,0,normal,0,0.1237831493405715
2026-10-06 13:46:01,69.07716907012451,0.0736498204440243,0,normal,0,0.13069887495693916
2026-10-06 13:46:02,66.75714892885307,0.0731383654252987,0,normal,0,0.11713069351475452
2026-10-06 13:46:03,68.45193618028256,0.0705996288737745,0,normal,0,0.13374639290138196
2026-10-06 13:46:04,67.84115306914437,0.0655417897325852,0,normal,0,0.12800285742277429
2026-10-06 13:46:05,69.37507062687583,0.072859285312294,0,normal,0,0.13411358825828568
2026-10-06 13:46:06,67.36842217081266,0.0394595764947661,0,normal,0,0.07587105608602757
2026-10-06 13:46:07,67.59754080097004,0.0966905144375077,0,normal,0,0.10343489349956203
2026-10-06 13:46:08,65.43714609084415,0.0718819983102753,0,normal,0,0.0994515082097237
2026-10-06 13:46:09,64.0544625600936,0.0387369310752677,0,normal,0,0.009056841241183555
2026-10-06 13:46:10,68.31576536095434,0.0769759153003042,0,normal,0,0.12876646632055172
2026-10-06 13:46:11,64.4718967436154,0.0995779884107306,0,normal,0,0.03581586516385449
2026-10-06 13:46:12,70.14403519294186,0.0272217911640244,0,normal,0,0.04480110632556722
2026-10-06 13:46:13,69.26260019079706,0.0472967899659071,0,normal,0,0.11616926827428825
2026-10-06 13:46:14,71.64584734027056,0.045515977680677,0,normal,0,0.1169257257416006
2026-10-06 13:46:15,70.10064018408362,0.1215112217898966,0,normal,0,0.04928003428796501
2026-10-06 13:46:16,70.1536173245306,0.0260801632099522,0,normal,0,0.04006782613043336
2026-10-06 13:46:17,70.57216503011021,0.0555266010836626,0,normal,0,0.12988748093721847
2026-10-06 13:46:18,68.4981825704144,0.0783846495390265,0,normal,0,0.1280880280256526
2026-10-06 13:46:19,64.79179017364446,0.1170249883273554,0,normal,0,0.004398177063844377
2026-10-06 13:46:20,65.51952833634353,0.1003757368507414,0,normal,0,0.06663295610178527
2026-10-06 13:46:21,64.65437554399975,0.0773924324752225,0,normal,0,0.06653552141249747
2026-10-06 13:46:22,64.10181967080945,0.0889066338409654,0,normal,0,0.04210543576332881
2026-10-06 13:46:23,68.33482344043652,0.0553601142794753,0,normal,0,0.1277511473209046
2026-10-06 13:46:24,68.22886309562965,0.0809320766148138,0,normal,0,0.12653870870447825
2026-10-06 13:46:25,67.79658081506186,0.03324181399658,0,normal,0,0.060069333937133595
2026-10-06 13:46:26,70.14294025473335,0.1011066399836664,0,normal,0,0.09884689812539865
2026-10-06 13:46:27,66.77784520136069,0.0820961702557979,0,normal,0,0.11241071911170009
2026-10-06 13:46:28,70.69903732361944,0.0672765577512451,0,normal,0,0.13314044159307803
2026-10-06 13:46:29,68.66667707435076,0.1153532078458688,0,normal,0,0.0718203143397192
2026-10-06 13:46:30,66.15439626685665,0.0857176707448078,0,normal,0,0.1016132302373699
2026-10-06 13:46:31,70.02074067837722,0.0818880013165126,0,normal,0,0.1214946555693161
2026-10-06 13:46:32,66.24867179252406,0.0688388834781228,0,normal,0,0.11261756228588482
2026-10-06 13:46:33,64.38226414821096,0.0922296397915895,0,normal,0,0.047894767144041894
2026-10-06 13:46:34,65.18772622063115,0.0693191701877499,0,normal,0,0.0894268780518474
2026-10-06 13:46:35,65.93888408709918,0.1134048758679196,0,normal,0,0.050196779122630486
2026-10-06 13:46:36,67.81230356725085,0.0536629671080555,0,normal,0,0.12193008865813071
2026-10-06 13:46:37,70.18512351650244,0.0594481516393605,0,normal,0,0.1307788681589666
2026-10-06 13:46:38,70.8697335714528,0.0899438570507212,0,normal,0,0.10904140437075222
2026-10-06 13:46:39,67.93987784220647,0.0684338572233138,0,normal,0,0.12867914903559147
2026-10-06 13:46:40,69.16567892731375,0.1105443337949416,0,normal,0,0.08925507478852945
2026-10-06 13:46:41,67.52031578691779,0.0414464059626894,0,normal,0,0.08878613986680123
2026-10-06 13:46:42,66.31950085862115,0.0787788878876603,0,normal,0,0.10971578085551098
2026-10-06 13:46:43,67.2754937365717,0.0578524635477383,0,normal,0,0.11976441602045218
2026-10-06 13:46:44,67.08074907848321,0.0936656670580767,0,normal,0,0.10110454686627135
2026-10-06 13:46:45,66.8242799321848,0.0090252807803472,0,normal,1,-0.04970817169792918
2026-10-06 13:46:46,67.92838150126953,0.105225187722807,0,normal,0,0.090586705223486
2026-10-06 13:46:47,68.5871932412547,0.1218998651721068,0,normal,0,0.05766070328313483
2026-10-06 13:46:48,67.761530385459,0.0765884113404195,0,normal,0,0.1226006538574938
2026-10-06 13:46:49,69.19286762244441,0.0627308065084094,0,normal,0,0.13435974917972826
2026-10-06 13:46:50,71.2634373407202,0.108755004616356,0,normal,0,0.07959084389976556
2026-10-06 13:46:51,71.13814580125972,0.062371538841486,0,normal,0,0.13352087862708528
2026-10-06 13:46:52,70.17744155097492,0.0779235274445818,0,normal,0,0.1249857662021141
2026-10-06 13:46:53,69.54282859901136,0.0782779727226785,0,normal,0,0.1293135477515726
2026-10-06 13:46:54,68.34696323878647,0.0932969443229546,0,normal,0,0.11613936227146288
2026-10-06 13:46:55,68.56438727287681,0.1058994687089412,0,normal,0,0.09447995597294695
2026-10-06 13:46:56,66.90091092001235,0.0600206251582851,0,normal,0,0.11348120467446471
2026-10-06 13:46:57,66.97633766315744,0.044037329770967,0,normal,0,0.08529778962178491
2026-10-06 13:46:58,64.83667075799129,0.0643895205438375,0,normal,0,0.07519775565133452
2026-10-06 13:46:59,65.41493959415862,0.0742283212970212,0,normal,0,0.09776823678840896
2026-10-06 13:47:00,68.02992236467144,0.0865585905205872,0,normal,0,0.12012387476773573
2026-10-06 13:47:01,68.25980691364197,0.0869018266193726,0,normal,0,0.12339256962876427
2026-10-06 13:47:02,70.41995102824346,0.0909939317456923,0,normal,0,0.11213823541070544
2026-10-06 13:47:03,70.36962521718907,0.0624062958552156,0,normal,0,0.13202499559327668
2026-10-06 13:47:04,70.29674037320156,0.0656931898153957,0,normal,0,0.1325133057254636
2026-10-06 13:47:05,68.34915748231029,0.0921686477970097,0,normal,0,0.11719670537933458
2026-10-06 13:47:06,63.93433250410145,0.0869393654656291,0,normal,0,0.045411958931487806
2026-10-06 13:47:07,68.56054331203853,0.0559534398676141,0,normal,0,0.1269171821278034
2026-10-06 13:47:08,67.68902085265324,0.0742272059587985,0,normal,0,0.1259149519793954
2026-10-06 13:47:09,68.45991377290008,0.1073784435596204,0,normal,0,0.09127789007360188
2026-10-06 13:47:10,67.30704469033074,0.0588835820389282,0,normal,0,0.11682737477863742
2026-10-06 13:47:11,66.78233736704877,0.0744568028689,0,normal,0,0.11713655420636304
2026-10-06 13:47:12,65.60792631313986,0.0810448043189749,0,normal,0,0.0964558326501746
2026-10-06 13:47:13,70.29159164456104,0.0650143222894655,0,normal,0,0.13273656123836203
2026-10-06 13:47:14,71.9788079650991,0.0647408220504548,0,normal,0,0.12672343495504024
2026-10-06 13:47:15,68.26036690660946,0.0869829691924505,0,normal,0,0.12339256962876427
2026-10-06 13:47:16,71.07619077890783,0.0874239326490358,0,normal,0,0.11382583167475285
2026-10-06 13:47:17,70.46827944834055,0.0955243657096601,0,normal,0,0.10798375162285578
2026-10-06 13:47:18,67.44643701627176,0.1180202823060594,0,normal,0,0.06298610176637243
2026-10-06 13:47:19,67.9458374731755,0.0534417953106648,0,normal,0,0.12273334082122728
2026-10-06 13:47:20,67.3791172912003,0.0686160006843148,0,normal,0,0.12228047709659495
2026-10-06 13:47:21,66.68220295043068,0.1048832758592043,0,normal,0,0.07787220123533095
2026-10-06 13:47:22,66.20401628577375,0.0433265606229803,0,normal,0,0.07441601929697628
2026-10-06 13:47:23,65.39768567262395,0.1262733862457217,0,normal,0,0.003480556021001391
2026-10-06 13:47:24,67.24004465691307,0.0980163827441915,0,normal,0,0.0969400828862158
2026-10-06 13:47:25,66.4283202682807,0.1029894738886118,0,normal,0,0.0779081203133537
2026-10-06 13:47:26,66.17038523459848,0.0778116451075721,0,normal,0,0.10646926896439568
2026-10-06 13:47:27,66.74889224217088,0.0609015175901964,0,normal,0,0.1152614259672517
2026-10-06 13:47:28,66.88351962004234,0.1043945469458894,0,normal,0,0.08038256958786627
2026-10-06 13:47:29,68.11079233327621,0.1339316969807003,0,normal,0,0.005884309906602547
2026-10-06 13:47:30,63.71076408081977,0.0575015912918772,0,normal,0,0.04722284454502851
2026-10-06 13:47:31,66.74773623853538,0.0501733596923631,0,normal,0,0.10181255858477495
2026-10-06 13:47:32,67.8949663309141,0.1190250513794368,0,normal,0,0.06102164939975391
2026-10-06 13:47:33,66.56585698883329,0.0810349972723769,0,normal,0,0.11108845581961968
2026-10-06 13:47:34,67.86698703233377,0.0361030019992438,0,normal,0,0.07075351080460368
2026-10-06 13:47:35,65.81437748377026,0.0974436659079837,0,normal,0,0.07593022049219228
2026-10-06 13:47:36,66.7926133595329,0.0187874368472873,0,normal,1,-0.027224804737606245
2026-10-06 13:47:37,65.73362670945501,0.10742002461961,0,normal,0,0.054950122026076575
2026-10-06 13:47:38,70.99317759054783,0.1299144825425418,0,normal,0,0.01728908134033047
2026-10-06 13:47:39,70.7581338607088,0.0745083108818666,0,normal,0,0.12976833522973774
2026-10-06 13:47:40,70.59201292180494,0.0628766675251491,0,normal,0,0.13283678537351484
2026-10-06 13:47:41,65.74040421828444,0.036608065249656,0,normal,0,0.039964317615365175
2026-10-06 13:47:42,68.14067871721839,0.0481970373560326,0,normal,0,0.11386848035087654
2026-10-06 13:47:43,67.79259188511617,0.0836716613617612,0,normal,0,0.12092919940469382
2026-10-06 13:47:44,64.54281455805825,0.0511938164990083,0,normal,0,0.04941413475653278
2026-10-06 13:47:45,66.82292399465388,0.0562362971315046,0,normal,0,0.11058082905166366
2026-10-06 13:47:46,66.58177752673477,0.0977595402483521,0,normal,0,0.09066286065310969
2026-10-06 13:47:47,66.6849508249034,0.1478036657807052,0,normal,1,-0.03504648506378116
2026-10-06 13:47:48,67.84649280780724,0.046444891310333,0,normal,0,0.10704066091995973
2026-10-06 13:47:49,71.2724466480957,0.0828487008481898,0,normal,0,0.1162730962372725
2026-10-06 13:47:50,70.15957730107483,0.0998934215345837,0,normal,0,0.10092934105455043
2026-10-06 13:47:51,68.63803375350744,0.1032685900124814,0,normal,0,0.09708097061027837
2026-10-06 13:47:52,70.01355088673407,0.0624717067930866,0,normal,0,0.1329881151020138
2026-10-06 13:47:53,68.6428305011559,0.0481623571453674,0,normal,0,0.11534800937094675
2026-10-06 13:47:54,68.92409706236295,0.1052574565130654,0,normal,0,0.09818030012946927
2026-10-06 13:47:55,67.11117293169505,0.111963294920956,0,normal,0,0.07168802337847935
2026-10-06 13:47:56,66.3777350369241,0.050316634662327,0,normal,0,0.09680792873503746
2026-10-06 13:47:57,68.16511950918273,0.0676120319735331,0,normal,0,0.13232784318763952
2026-10-06 13:47:58,65.94921347165356,0.066830155923972,0,normal,0,0.10777375862768773
2026-10-06 13:47:59,68.566109548234,0.0262642910617048,0,normal,0,0.027184091827141654
2026-10-06 13:48:00,69.62578443236436,0.0775328348558912,0,normal,0,0.12808861212638056
2026-10-06 13:48:01,68.64945861859138,0.1000599172501127,0,normal,0,0.10481650115121677
2026-10-06 13:48:02,69.16793502959284,0.0350300618380096,0,normal,0,0.07956397001161514
2026-10-06 13:48:03,69.3890906024377,0.1496686123739202,0,normal,1,-0.028125415638931006
2026-10-06 13:48:04,68.8436825707685,0.1177015698686868,0,normal,0,0.06535341455833876
2026-10-06 13:48:05,70.79894921661156,0.0712257662154933,0,normal,0,0.13147676962304639
2026-10-06 13:48:06,68.03029048784232,0.1251028157975581,0,normal,0,0.036452068307586016
2026-10-06 13:48:07,66.61740776011625,0.0826969311093529,0,normal,0,0.11084199944985496
2026-10-06 13:48:08,67.2524012280895,0.0935712765196025,0,normal,0,0.10431983636442921
2026-10-06 13:48:09,66.00269058161638,0.0396032747808462,0,normal,0,0.05392407529658311
2026-10-06 13:48:10,67.16170745402233,0.0802975080889255,0,normal,0,0.11472529786674285
2026-10-06 13:48:11,67.92483064819433,0.0803485199247788,0,normal,0,0.12233858798777586
2026-10-06 13:48:12,68.4712933348272,0.0797558341150838,0,normal,0,0.1271813639561128
2026-10-06 13:48:13,69.37583870739365,0.1042313601297455,0,normal,0,0.09843510432901292
2026-10-06 13:48:14,68.19613308473696,0.0830503893144338,0,normal,0,0.12682032197014342
2026-10-06 13:48:15,68.95780646704873,0.0892027077731416,0,normal,0,0.12263867526947869
2026-10-06 13:48:16,70.84187916008014,0.0923377387667198,0,normal,0,0.10866695437918245
2026-10-06 13:48:17,68.62001936114905,0.0740703035770124,0,normal,0,0.1304243482886105
2026-10-06 13:48:18,67.95841364953681,0.0990332956522669,0,normal,0,0.10239711922706701
2026-10-06 13:48:19,67.01312181647859,0.0909496058017449,0,normal,0,0.10273588868024514
2026-10-06 13:48:20,113.80063071683742,0.0581732308463909,1,spike,1,-0.17489320482744097
2026-10-06 13:48:21,111.349021206025,0.0547174796238663,1,spike,1,-0.17150643287151712
2026-10-06 13:48:22,112.78479464766885,0.033098710428099,1,spike,1,-0.19180740609029234
2026-10-06 13:48:23,112.6641296777463,0.0398156185419955,1,spike,1,-0.18610545640755627
2026-10-06 13:48:24,116.22013452549632,0.0602225182064777,1,spike,1,-0.18793230737770716
2026-10-06 13:48:25,70.07299540741619,0.0761657564474128,0,normal,0,0.12742491933749595
2026-10-06 13:48:26,70.27201880943765,0.071380428131031,0,normal,0,0.1304830316136668
2026-10-06 13:48:27,67.01968873532888,0.140024129841023,0,normal,1,-0.022172667910196786
2026-10-06 13:48:28,67.50666373666937,0.0447310776935324,0,normal,0,0.10076537109694989
2026-10-06 13:48:29,69.01070164544022,0.0680748722642452,0,normal,0,0.1340803717678799
2026-10-06 13:48:30,69.28942658277731,0.08999077025047,0,normal,0,0.11862908695672564
2026-10-06 13:48:31,66.66813731732968,0.0896599187664085,0,normal,0,0.1020042176253515
2026-10-06 13:48:32,68.17959987249714,0.052526473329517,0,normal,0,0.1248115016521733
2026-10-06 13:48:33,65.57910414666036,0.0615554467637601,0,normal,0,0.09910071556713645
2026-10-06 13:48:34,68.06524269674969,0.0614223566922981,0,normal,0,0.12761312069152692
2026-10-06 13:48:35,67.05205722319637,0.0987584996958202,0,normal,0,0.09405689535202688
2026-10-06 13:48:36,68.93829020952009,0.0884616663466211,0,normal,0,0.1269639919496071
2026-10-06 13:48:37,69.7396744000202,0.1254118882552046,0,normal,0,0.03796455081746153
2026-10-06 13:48:38,69.53175812297698,0.1382264794849902,0,normal,1,-0.0030745913361500676
2026-10-06 13:48:39,70.33252401397189,0.1217974239651732,0,normal,0,0.047433585717521654
2026-10-06 13:48:40,72.91917541380299,0.1016592749067373,0,normal,0,0.06186030805488557
2026-10-06 13:48:41,69.33683636052017,0.1048154837126387,0,normal,0,0.09614329054759302
2026-10-06 13:48:42,68.13469707567785,0.0728026443782857,0,normal,0,0.13214605479592056
2026-10-06 13:48:43,68.11113455344093,0.0652096074333593,0,normal,0,0.1323824873379007
2026-10-06 13:48:44,65.55729502143392,0.094136137701913,0,normal,0,0.08208144363243314
2026-10-06 13:48:45,65.52349429940672,0.0983524518660298,0,normal,0,0.07025481499479436
2026-10-06 13:48:46,67.185262719569,0.0732184955762695,0,normal,0,0.1201075888609428
2026-10-06 13:48:47,66.58513448595059,0.0664410601799032,0,normal,0,0.1156780426501392
2026-10-06 13:48:48,69.00434780210733,0.0470416270951559,0,normal,0,0.11572756351592772
2026-10-06 13:48:49,69.82233463581119,0.044957741810576,0,normal,0,0.11606824260863569
2026-10-06 13:48:50,68.65947150963054,0.0546608572594283,0,normal,0,0.129585661424912
2026-10-06 13:48:51,68.25279400389009,0.0949610442874035,0,normal,0,0.11336251517587931
2026-10-06 13:48:52,69.71585197735189,0.0674603379147464,0,normal,0,0.1345504921004147
2026-10-06 13:48:53,66.77110984568266,0.067398399189282,0,normal,0,0.11688077040482736
2026-10-06 13:48:54,66.58742162842599,0.08854429196109,0,normal,0,0.1053066781186538
2026-10-06 13:48:55,67.6956620272574,0.1297519282900834,0,normal,0,0.019843220535852635
2026-10-06 13:48:56,65.98388704314337,0.0600876703157413,0,normal,0,0.10227995022406183
2026-10-06 13:48:57,66.88684621393203,0.1021655032234453,0,normal,0,0.08593120980137064
2026-10-06 13:48:58,64.17296874248889,0.0889982675423865,0,normal,0,0.0461385260702622
2026-10-06 13:48:59,66.91003475869839,0.1100412219915852,0,normal,0,0.0728722183292963
2026-10-06 13:49:00,68.25584067402123,0.0777400981424365,0,normal,0,0.12841804839304793
2026-10-06 13:49:01,67.49929006524518,0.1099345408897758,0,normal,0,0.08193728733682398
2026-10-06 13:49:02,67.86123170338996,0.0807097510350793,0,normal,0,0.12117447554687227
2026-10-06 13:49:03,68.65121367657801,0.115745830595636,0,normal,0,0.06963738194146751
2026-10-06 13:49:04,69.89634256570243,0.0813386340215566,0,normal,0,0.12462910601247706
2026-10-06 13:49:05,67.9549256501764,0.0623011250414536,0,normal,0,0.12865529847559254
2026-10-06 13:49:06,69.49761893360133,0.0724310424928208,0,normal,0,0.13407123475010396
2026-10-06 13:49:07,68.22021718671371,0.0738944876676854,0,normal,0,0.13024673762137484
2026-10-06 13:49:08,67.33018007835554,0.0581333458330135,0,normal,0,0.11839521113141821
2026-10-06 13:49:09,67.12681621144145,0.1740897288159184,0,normal,1,-0.054618901935755915
2026-10-06 13:49:10,67.7891679863434,0.0537537752548032,0,normal,0,0.12193008865813071
2026-10-06 13:49:11,66.77472243379674,0.0894941357504537,0,normal,0,0.10483780896290995
2026-10-06 13:49:12,68.73784588805015,0.0828442184053402,0,normal,0,0.12800343094163458
2026-10-06 13:49:13,67.73020541148978,0.0655963712531334,0,normal,0,0.1279155007698864
2026-10-06 13:49:14,69.54297812718399,0.0683185942170034,0,normal,0,0.13470391754247257
2026-10-06 13:49:15,69.17292967874714,0.0957888693008097,0,normal,0,0.11165766853460307
2026-10-06 13:49:16,69.54823064119385,0.1176277345417718,0,normal,0,0.06517664331622791
2026-10-06 13:49:17,70.54745914593127,0.1142491057310182,0,normal,0,0.06970645985001817
2026-10-06 13:49:18,67.86800741566282,0.0759919683486729,0,normal,0,0.12470497211205295
2026-10-06 13:49:19,67.53866473870728,0.0549708850919437,0,normal,0,0.11742308232883386
2026-10-06 13:49:20,68.08443077701483,0.0660922297627271,0,normal,0,0.13173795424264123
2026-10-06 13:49:21,64.41824484624662,0.0531072742232239,0,normal,0,0.05559323059237775
2026-10-06 13:49:22,67.12988026374529,0.1025867805184502,0,normal,0,0.08825778514014126
2026-10-06 13:49:23,66.66363665650775,0.0593069100191065,0,normal,0,0.11287079812441575
2026-10-06 13:49:24,66.04397607475055,0.0471564734360541,0,normal,0,0.08142635545368399
2026-10-06 13:49:25,70.24963555067417,0.0310827940366408,0,normal,0,0.06740780337955343
2026-10-06 13:49:26,70.03725057027492,0.0992467401009939,0,normal,0,0.10340380192238058
2026-10-06 13:49:27,71.03599936272465,0.0810103360558891,0,normal,0,0.12107852558839355
2026-10-06 13:49:28,69.68813391305518,0.0756767876523979,0,normal,0,0.13081223230410038
2026-10-06 13:49:29,69.30584103844365,0.0781597621134649,0,normal,0,0.12885407956302874
2026-10-06 13:49:30,69.42690825639112,0.0619386692584039,0,normal,0,0.13479830579139007
2026-10-06 13:49:31,66.7923069178102,0.1145694352707044,0,normal,0,0.06266347255915561
2026-10-06 13:49:32,65.45035915632569,0.1050561471777278,0,normal,0,0.05776879371952981
2026-10-06 13:49:33,66.64418489196251,0.1266292783931941,0,normal,0,0.02481772860209952
2026-10-06 13:49:34,65.12062993401943,0.0899784351700696,0,normal,0,0.0704942039292441
2026-10-06 13:49:35,67.69033420648857,0.0305233664645785,0,normal,0,0.04812011792739512
2026-10-06 13:49:36,65.86758501220302,0.0658397569627833,0,normal,0,0.10568483479408103
2026-10-06 13:49:37,70.47970332849162,0.0557471664558448,0,normal,0,0.12777593238816254
2026-10-06 13:49:38,69.29672103406072,0.0944094112473357,0,normal,0,0.11355283156175361
2026-10-06 13:49:39,69.0077490786753,0.0938568748041842,0,normal,0,0.11629353726926667
2026-10-06 13:49:40,69.7401302880202,0.0522397119255675,0,normal,0,0.12982796490025694
2026-10-06 13:49:41,68.97151388321586,0.0813259700777596,0,normal,0,0.1281504820047596
2026-10-06 13:49:42,70.87983896534085,0.1012717678632693,0,normal,0,0.09629173507387806
2026-10-06 13:49:43,69.34010122272974,0.0815476656167531,0,normal,0,0.12686990138141097
2026-10-06 13:49:44,66.30216719710847,0.0688501122902224,0,normal,0,0.11319730573276215
2026-10-06 13:49:45,66.22914467519466,0.0237163929216622,0,normal,1,-0.015087522027204536
2026-10-06 13:49:46,62.91824154759748,0.0621543084476675,0,normal,0,0.03223707216925453
2026-10-06 13:49:47,67.6339918826499,0.1023543585335631,0,normal,0,0.09446269099971044
2026-10-06 13:49:48,68.24862680472188,0.0891417100776698,0,normal,0,0.12030426070469524
2026-10-06 13:49:49,66.36778500050448,0.086212036717418,0,normal,0,0.10332558267370223
2026-10-06 13:49:50,68.40345903745623,0.1039011326996268,0,normal,0,0.09540352922117251
2026-10-06 13:49:51,68.9885743825047,0.0620244378231367,0,normal,0,0.13356541338998928
2026-10-06 13:49:52,68.31473425817879,0.0773461961313398,0,normal,0,0.12886721387513028
2026-10-06 13:49:53,69.09220034413653,0.0829439213823546,0,normal,0,0.12668564065790155
2026-10-06 13:49:54,71.65450454786648,0.0932354733272281,0,normal,0,0.09576273977526867
2026-10-06 13:49:55,67.59210122686858,0.0399940282012366,0,normal,0,0.08138697820852042
2026-10-06 13:49:56,66.6249642833326,0.0948853589377154,0,normal,0,0.0979332382179719
2026-10-06 13:49:57,68.7257097261957,0.0748427571367736,0,normal,0,0.13235630880722488
2026-10-06 13:49:58,64.50967740670843,0.0788486378772217,0,normal,0,0.06033989693668096
2026-10-06 13:49:59,68.2131328249664,0.0592121477606293,0,normal,0,0.1293825417120124
2026-10-06 13:50:00,70.07031674051402,0.1044401190756582,0,normal,0,0.0934845448197209
2026-10-06 13:50:01,69.66048864933109,0.1045481554311013,0,normal,0,0.09621328244706001
2026-10-06 13:50:02,69.17576304968829,0.0965967377968962,0,normal,0,0.1104664023744894
2026-10-06 13:50:03,71.93091324407716,0.0823736954407914,0,normal,0,0.10871085590407042
2026-10-06 13:50:04,69.12044511952993,0.1391149403305155,0,normal,1,-0.009032777644480294
2026-10-06 13:50:05,69.0,0.0525539665935554,1,dropout,0,0.1282564746478142
2026-10-06 13:50:06,69.0,0.0575916215141307,1,dropout,0,0.13299996115184282
2026-10-06 13:50:07,69.0,0.0299572115701683,1,dropout,0,0.055175404436093145
2026-10-06 13:50:08,69.0,0.0374049237886109,1,dropout,0,0.09026573889141143
2026-10-06 13:50:09,69.0,0.0470208215213752,1,dropout,0,0.11572756351592772
2026-10-06 13:50:10,69.0,0.0545699837797319,1,dropout,0,0.13083757244916566
2026-10-06 13:50:11,69.0,0.0559197062561792,1,dropout,0,0.1310545581460098
2026-10-06 13:50:12,69.0,0.0525522689491771,1,dropout,0,0.1282564746478142
2026-10-06 13:50:13,69.0,0.0433170955117015,1,dropout,0,0.10753000644219834
2026-10-06 13:50:14,69.0,0.0492653962759784,1,dropout,0,0.12196699232442704
2026-10-06 13:50:15,69.0,0.0325250664014999,1,dropout,0,0.06949851194609336
2026-10-06 13:50:16,69.0,0.0310899347442592,1,dropout,0,0.06374702970231433
2026-10-06 13:50:17,69.0,0.0493747436516568,1,dropout,0,0.12219929473571606
2026-10-06 13:50:18,69.0,0.0429552479454054,1,dropout,0,0.10643777162185708
2026-10-06 13:50:19,69.0,0.053978307154682,1,dropout,0,0.12944247554342364
2026-10-06 13:50:20,69.0,0.0499930683960884,1,dropout,0,0.12225988386079029
2026-10-06 13:50:21,69.0,0.0513518906722322,1,dropout,0,0.12319161043163673
2026-10-06 13:50:22,69.0,0.0443874246522266,1,dropout,0,0.11077347815676214
2026-10-06 13:50:23,69.0,0.0480247814224679,1,dropout,0,0.11724641073729475
2026-10-06 13:50:24,69.0,0.0647231313359358,1,dropout,0,0.13462626080993406
2026-10-06 13:50:25,69.0,0.0576245395221906,1,dropout,0,0.13299996115184282
2026-10-06 13:50:26,69.0,0.0369702530860909,1,dropout,0,0.0897312577395667
2026-10-06 13:50:27,70.01988457556796,0.0272013885527883,0,normal,0,0.04398619475740845
2026-10-06 13:50:28,66.99626910064785,0.0474636020540529,0,normal,0,0.09476524473310927
2026-10-06 13:50:29,67.79290806857631,0.1009212141954261,0,normal,0,0.09915602069596502
2026-10-06 13:50:30,66.2143810866602,0.0979130792926819,0,normal,0,0.08505161005978368
2026-10-06 13:50:31,68.46072878711765,0.0971304973606616,0,normal,0,0.10931067044998488
2026-10-06 13:50:32,67.13425760215608,0.0947730646826498,0,normal,0,0.10347663939816659
2026-10-06 13:50:33,66.36976895929259,0.0714363902592741,0,normal,0,0.11388995667978707
2026-10-06 13:50:34,65.46599274919666,0.0977308685046523,0,normal,0,0.07016066397474141
2026-10-06 13:50:35,65.66133203277928,0.0844050897766993,0,normal,0,0.09349220446085621
2026-10-06 13:50:36,67.8286408221823,0.1072012051374203,0,normal,0,0.08786733450172801
2026-10-06 13:50:37,68.77561660534904,0.0858104297428831,0,normal,0,0.12598639706294668
2026-10-06 13:50:38,70.06725617113064,0.1168154738030412,0,normal,0,0.06124108370480397
2026-10-06 13:50:39,68.4072958308999,0.050447542721957,0,normal,0,0.11994684738496675
2026-10-06 13:50:40,67.64337715644939,0.0975583748970557,0,normal,0,0.10259737800656832
2026-10-06 13:50:41,69.62176838082954,0.0642876975153614,0,normal,0,0.13548536671354372
2026-10-06 13:50:42,66.40649028818919,0.0552623906629913,0,normal,0,0.10491301201370162
2026-10-06 13:50:43,69.50842136818537,0.0578813963836885,0,normal,0,0.1345429956880259
2026-10-06 13:50:44,65.81334898908011,0.0493520652265804,0,normal,0,0.08585135146040362
2026-10-06 13:50:45,65.23933269596799,0.0269807302115747,0,normal,1,-0.01470758341242473
2026-10-06 13:50:46,69.35696121825485,0.0491260132706455,0,normal,0,0.12339682863241347
2026-10-06 13:50:47,66.22226400695074,0.1185836741307926,0,normal,0,0.046908689061063324
2026-10-06 13:50:48,68.49234232565553,0.080265637241782,0,normal,0,0.12613078583144438
2026-10-06 13:50:49,67.66751210405006,0.0646033992405835,0,normal,0,0.1273070607278471
2026-10-06 13:50:50,69.08976684073245,0.0783860746512368,0,normal,0,0.12856549215077812
2026-10-06 13:50:51,68.40107703526262,0.1021515844771187,0,normal,0,0.10120723257491715
2026-10-06 13:50:52,67.23605443600152,0.0857505585696662,0,normal,0,0.11274413252973481
2026-10-06 13:50:53,66.76027993234916,0.1300133018752561,0,normal,0,0.011458307655211608
2026-10-06 13:50:54,68.12507349045043,0.0878180104021423,0,normal,0,0.12331431830901163
2026-10-06 13:50:55,65.66331730877909,0.0853204606689476,0,normal,0,0.0916674540380264
2026-10-06 13:50:56,67.10192977278898,0.0856211135239338,0,normal,0,0.1106645528262577
2026-10-06 13:50:57,67.86079754296935,0.0990475214666635,0,normal,0,0.1014551653864948
2026-10-06 13:50:58,65.69294391695045,0.0652139490247178,0,normal,0,0.10054449346455852
2026-10-06 13:50:59,68.25730458642298,0.0727892103696814,0,normal,0,0.13322978083608483
2026-10-06 13:51:00,68.8848758250042,0.0425007734731579,0,normal,0,0.10486131478393207
2026-10-06 13:51:01,67.61857970414921,0.0743387353440992,0,normal,0,0.12467835864285232
2026-10-06 13:51:02,70.9493621537311,0.0446539691793491,0,normal,0,0.1167808102028306
2026-10-06 13:51:03,68.91605860239639,0.0289805460409031,0,normal,0,0.051415888258975695
2026-10-06 13:51:04,68.63877984656197,0.0698290497745373,0,normal,0,0.13260501161287408
2026-10-06 13:51:05,67.46530532700565,0.0944148978617351,0,normal,0,0.10516800365465356
2026-10-06 13:51:06,69.06636515480392,0.0775824159775647,0,normal,0,0.1280433966463571
2026-10-06 13:51:07,67.58185184498721,0.1268974959842454,0,normal,0,0.03296886919034714
2026-10-06 13:51:08,64.57698607071492,0.0414894337100447,0,normal,0,0.027776798202780284
2026-10-06 13:51:09,67.80062427436181,0.117958878238534,0,normal,0,0.0623606315790009
2026-10-06 13:51:10,65.4243595955728,0.1288727242782211,0,normal,1,-0.007486110902437337
2026-10-06 13:51:11,67.64132091608234,0.0638806321616655,0,normal,0,0.1267699124041367
2026-10-06 13:51:12,67.22809838586464,0.0889927199580576,0,normal,0,0.10913064888097845
2026-10-06 13:51:13,70.40537099594094,0.0662632735729834,0,normal,0,0.13230956118671428
2026-10-06 13:51:14,70.16836050691795,0.0823284293072885,0,normal,0,0.12153926474114402
2026-10-06 13:51:15,67.63482852192517,0.0857912376555642,0,normal,0,0.11715266527708496
2026-10-06 13:51:16,68.2671399664135,0.0800684400954456,0,normal,0,0.1263004864266401
2026-10-06 13:51:17,69.19922182158004,0.0704886504400932,0,normal,0,0.1338793857147606
2026-10-06 13:51:18,69.57297464062096,0.0974166922630223,0,normal,0,0.10838065440364325
2026-10-06 13:51:19,66.52359359213528,0.0752315920546072,0,normal,0,0.11505143487432301
2026-10-06 13:51:20,66.56030935862213,0.1050168774010352,0,normal,0,0.07766540369745129
2026-10-06 13:51:21,69.01975894244964,0.0932711792478191,0,normal,0,0.11766026659458961
2026-10-06 13:51:22,68.93668868349467,0.0664715297446109,0,normal,0,0.13550822334629375
2026-10-06 13:51:23,67.1813670388393,0.0298428578905405,0,normal,0,0.031300692697476484
2026-10-06 13:51:24,65.7256990792757,0.1186761535483622,0,normal,0,0.03262679598082607
2026-10-06 13:51:25,68.84509642885746,0.0805393861289467,0,normal,0,0.12775036397880057
2026-10-06 13:51:26,68.07897344180698,0.057893373206837,0,normal,0,0.1286701526704241
2026-10-06 13:51:27,70.6681921173543,0.0611149502567463,0,normal,0,0.13219499874183366
2026-10-06 13:51:28,67.97744087287084,0.1104849314190467,0,normal,0,0.08464098071661014
2026-10-06 13:51:29,68.2423234130685,0.1164089012634588,0,normal,0,0.06865681147858133
2026-10-06 13:51:30,66.6236620328828,0.0950788405854162,0,normal,0,0.09811369424545285
2026-10-06 13:51:31,67.03217950784266,0.0969886238423164,0,normal,0,0.09614910024307527
2026-10-06 13:51:32,69.79630445980007,0.0748299672805435,0,normal,0,0.1307485302917114
2026-10-06 13:51:33,65.65073153414615,0.1012919736725591,0,normal,0,0.06673484340878238
2026-10-06 13:51:34,66.75734507232968,0.0472711046955801,0,normal,0,0.09330382192849934
2026-10-06 13:51:35,65.4912580599779,0.0608452787917811,0,normal,0,0.09635885025219426
2026-10-06 13:51:36,67.9560188852074,0.0750234635012691,0,normal,0,0.12732226232047528
2026-10-06 13:51:37,70.55158431145043,0.1218547688021968,0,normal,0,0.046596868491959764
2026-10-06 13:51:38,71.56347429993615,0.1263951546537103,0,normal,0,0.02176878474462135
2026-10-06 13:51:39,70.79762208862397,0.0820701044420589,0,normal,0,0.12234053132227246
2026-10-06 13:51:40,71.16626779143797,0.0606436004263375,0,normal,0,0.13178693076452153
2026-10-06 13:51:41,70.04041916896642,0.1272176787138336,0,normal,0,0.031448154168744746
2026-10-06 13:51:42,69.05124456933144,0.0451517134821536,0,normal,0,0.11262101988667705
2026-10-06 13:51:43,65.96870625215013,0.0515978089582672,0,normal,0,0.09312847720745004
2026-10-06 13:51:44,67.06609083344529,0.084161526786097,0,normal,0,0.11249284645796326
2026-10-06 13:51:45,67.63673069633836,0.0973935690434622,0,normal,0,0.10259737800656832
2026-10-06 13:51:46,66.41084818650633,0.0736570461646001,0,normal,0,0.11364176225540251
2026-10-06 13:51:47,65.50763722925957,0.0465514903592142,0,normal,0,0.07198793113000512
2026-10-06 13:51:48,67.6343093830492,0.0901236455424787,0,normal,0,0.11048794425440406
2026-10-06 13:51:49,66.7804806071558,0.0605378858533137,0,normal,0,0.11494461538772793
2026-10-06 13:51:50,70.60979583141089,0.0961911153972304,0,normal,0,0.10482990018906257
2026-10-06 13:51:51,70.31407030188244,0.108876050604457,0,normal,0,0.0842559224091527
2026-10-06 13:51:52,72.6028525663497,0.0743254156831584,0,normal,0,0.11289380715220887
2026-10-06 13:51:53,69.94218272621339,0.097609944283707,0,normal,0,0.10676993862958212
2026-10-06 13:51:54,67.46297354012553,0.0750648959173587,0,normal,0,0.12241538627729426
2026-10-06 13:51:55,68.85626163504647,0.0950763821829152,0,normal,0,0.11469595737075383
2026-10-06 13:51:56,64.49849470541952,0.0622949546724293,0,normal,0,0.06121718110934077
2026-10-06 13:51:57,64.56718466343715,0.0881838294644779,0,normal,0,0.057813248459788025
2026-10-06 13:51:58,66.39713135727581,0.1096724696704191,0,normal,0,0.06705134406505431
2026-10-06 13:51:59,67.14775758661521,0.0881042844199452,0,normal,0,0.11285516916674254
2026-10-06 13:52:00,68.40966970059274,0.0541288209271972,0,normal,0,0.12639928117550847
2026-10-06 13:52:01,70.88948787545115,0.0820041669000099,0,normal,0,0.12148104692829731
2026-10-06 13:52:02,68.31486611855462,0.0689827475643417,0,normal,0,0.1326971302538944
2026-10-06 13:52:03,71.36713074674546,0.0865858290331953,0,normal,0,0.10977786016502705
2026-10-06 13:52:04,70.02103077346764,0.0942105598097647,0,normal,0,0.11138097327858526
2026-10-06 13:52:05,73.21276699021155,0.0588504312329115,0,normal,0,0.12397068222153818
2026-10-06 13:52:06,68.96886058764483,0.0824081606769382,0,normal,0,0.12833058647930118
2026-10-06 13:52:07,65.20762075254294,0.0769679423754834,0,normal,0,0.08741750011560473
2026-10-06 13:52:08,66.66810865519679,0.0661605557665726,0,normal,0,0.11662240139978752
2026-10-06 13:52:09,66.9820126386509,0.060055978807497,0,normal,0,0.11377766207717038
2026-10-06 13:52:10,64.83708422715283,0.0432198602467971,0,normal,0,0.04191316043391524
2026-10-06 13:52:11,67.45004451381136,0.0775612931389597,0,normal,0,0.11747843974302158
2026-10-06 13:52:12,63.76553076012889,0.0260922575474468,0,normal,1,-0.04039435331923613
2026-10-06 13:52:13,71.49717247048615,0.0998466927743213,0,normal,0,0.08807281752751794
2026-10-06 13:52:14,68.44901452172614,0.055155570188599,0,normal,0,0.12728277620007256
2026-10-06 13:52:15,68.36109187495006,0.0877531176401155,0,normal,0,0.12431375494329355
2026-10-06 13:52:16,68.5972064636676,0.0848262379659365,0,normal,0,0.12439052763730674
2026-10-06 13:52:17,69.24983470694804,0.0474580274593547,0,normal,0,0.1175567295760298
2026-10-06 13:52:18,65.96089834254774,0.0593142939768653,0,normal,0,0.10220498298235303
2026-10-06 13:52:19,68.52356921947691,0.0505688663764647,0,normal,0,0.11935149967103059
2026-10-06 13:52:20,65.78150671229344,0.0954985040152778,0,normal,0,0.08211874987111395
2026-10-06 13:52:21,64.36886899802903,0.1198688478333332,0,normal,1,-0.009468184842333804
2026-10-06 13:52:22,66.2398898909641,0.1070329042804939,0,normal,0,0.06955383132341414
2026-10-06 13:52:23,67.60669340844267,0.0662041113969802,0,normal,0,0.12710242120883747
2026-10-06 13:52:24,68.15132606478853,0.0756393803239752,0,normal,0,0.13002717864088187
2026-10-06 13:52:25,69.06692041390085,0.0892019823342865,0,normal,0,0.12129559169451065
2026-10-06 13:52:26,67.28342611398128,0.1130600620130508,0,normal,0,0.07052894437247903
2026-10-06 13:52:27,70.06147290091572,0.1011688220105676,0,normal,0,0.09988056848993915
2026-10-06 13:52:28,68.83048086875125,0.0562239928457228,0,normal,0,0.130883603698351
2026-10-06 13:52:29,69.78091234371718,0.0975282005197752,0,normal,0,0.10869549626918362
2026-10-06 13:52:30,70.64547065049341,0.1069500460221214,0,normal,0,0.08746599060648469
2026-10-06 13:52:31,66.80008792730473,0.0795037592096824,0,normal,0,0.11286172743790213
2026-10-06 13:52:32,66.62437560391564,0.0869675307511481,0,normal,0,0.10811380748596494
2026-10-06 13:52:33,66.14905698465945,0.1103773878036982,0,normal,0,0.06285732013906947
2026-10-06 13:52:34,64.28745248394094,0.1299105853814065,0,normal,1,-0.04307693690965886
2026-10-06 13:52:35,66.96637337277774,0.1089847258398575,0,normal,0,0.07468767148970756
2026-10-06 13:52:36,66.62102508161108,0.0743373624289309,0,normal,0,0.11564647821555807
2026-10-06 13:52:37,72.81283619737174,0.134226669431186,0,normal,1,-0.019893208932460715
2026-10-06 13:52:38,69.27493023594572,0.0912991388905036,0,normal,0,0.11790722606852777
2026-10-06 13:52:39,70.7558518842157,0.0754738950241123,0,normal,0,0.12825207584985598
2026-10-06 13:52:40,69.74800381498017,0.0926774800491725,0,normal,0,0.11589681646309802
2026-10-06 13:52:41,67.10104080963471,0.1199191446350433,0,normal,0,0.05294749243299124
2026-10-06 13:52:42,68.75447760097225,0.0701448981353073,0,normal,0,0.13388041147231533
2026-10-06 13:52:43,66.64737719092173,0.1023842122701507,0,normal,0,0.08228739127558171
2026-10-06 13:52:44,67.127712824037,0.0734577813120551,0,normal,0,0.11932127174715795
2026-10-06 13:52:45,66.5752238673159,0.0878319631363209,0,normal,0,0.10797836906156616
2026-10-06 13:52:46,67.33970719790685,0.0876214978171848,0,normal,0,0.11091070384018914
2026-10-06 13:52:47,66.96476577194508,0.0702192710588605,0,normal,0,0.1162363921311868
2026-10-06 13:52:48,67.1790271148129,0.1094904525597019,0,normal,0,0.07789150352421703
2026-10-06 13:52:49,69.23487785765114,0.0474485192479582,0,normal,0,0.1175567295760298
2026-10-06 13:52:50,69.13182407925791,0.0801433590711467,0,normal,0,0.12699804629935008
2026-10-06 13:52:51,70.73273618273548,0.0917243988115585,0,normal,0,0.10999486999635139
2026-10-06 13:52:52,69.9250081940723,0.0617176219631329,0,normal,0,0.13274137712345968
2026-10-06 13:52:53,67.51022597604175,0.0796570437591028,0,normal,0,0.11802682746554949
2026-10-06 13:52:54,65.69299517292839,0.0310104459036979,0,normal,0,0.016868633631385077
2026-10-06 13:52:55,67.94263376807709,0.0723349756432705,0,normal,0,0.12869477329544443
2026-10-06 13:52:56,64.15199716392722,0.0550615568843647,0,normal,0,0.05039924951850061
2026-10-06 13:52:57,67.00554449542021,0.073708813260248,0,normal,0,0.11570013512468141
2026-10-06 13:52:58,64.99048593785737,0.0997957125652573,0,normal,0,0.04997038094311251
2026-10-06 13:52:59,65.65282815322718,0.0828500214929802,0,normal,0,0.0942893947022091
2026-10-06 13:53:00,72.05462733654969,0.0727671028905968,0,normal,0,0.12303687285139153
2026-10-06 13:53:01,68.65497021439744,0.0420035996162315,0,normal,0,0.10116698058281165
2026-10-06 13:53:02,71.01568268618784,0.1204526350444349,0,normal,0,0.047232299970275726
2026-10-06 13:53:03,68.8109555200218,0.0800242868181497,0,normal,0,0.12797246261807088
2026-10-06 13:53:04,68.98639706617718,0.0821192899579173,0,normal,0,0.12845596652400526
2026-10-06 13:53:05,68.91001019291255,0.0912059767282108,0,normal,0,0.12003858801774397
2026-10-06 13:53:06,67.15717852489954,0.0914691559495118,0,normal,0,0.10532688402510121
2026-10-06 13:53:07,69.71871436561273,0.0966498411129292,0,normal,0,0.11079138361978796
2026-10-06 13:53:08,66.1604639866439,0.0610768624132673,0,normal,0,0.10619265577114567
2026-10-06 13:53:09,66.71553628987017,0.0684667486193649,0,normal,0,0.11527989837108771
2026-10-06 13:53:10,68.6635220130572,0.0429605256585971,0,normal,0,0.10432189648025414
2026-10-06 13:53:11,66.19114193926023,0.0684508745798591,0,normal,0,0.11160999297197605
2026-10-06 13:53:12,69.59163022313105,0.1013227066674191,0,normal,0,0.1020429482223662
2026-10-06 13:53:13,67.67378459209348,0.0396428820540155,0,normal,0,0.08218303866078264
2026-10-06 13:53:14,70.61999176245214,0.0830456758841193,0,normal,0,0.12272875448596987
2026-10-06 13:53:15,67.90960979136243,0.0893998822632183,0,normal,0,0.11511343002216795
2026-10-06 13:53:16,69.2641768471709,0.0836615921681957,0,normal,0,0.12573729078331397
2026-10-06 13:53:17,67.00402817031707,0.1140699806330784,0,normal,0,0.06588081759505865
2026-10-06 13:53:18,68.04143376078011,0.0824955982235252,0,normal,0,0.12477703018134084
2026-10-06 13:53:19,68.68836742925045,0.0785986075993764,0,normal,0,0.12916280936659186
2026-10-06 13:53:20,66.74402810621339,0.106841601538089,0,normal,0,0.07656008211194126
2026-10-06 13:53:21,67.38941537848905,0.0775030358940026,0,normal,0,0.11674492182631019
2026-10-06 13:53:22,68.32835166184913,0.0517049443731458,0,normal,0,0.12396935840423673
2026-10-06 13:53:23,68.06159229487719,0.0893139813463436,0,normal,0,0.11776772937335278
2026-10-06 13:53:24,67.51274737601398,0.0885216457535997,0,normal,0,0.11455497847668511
2026-10-06 13:53:25,68.98902558195071,0.1066453460970154,0,normal,0,0.09707412277068717
2026-10-06 13:53:26,68.29581474726372,0.12327615527529,0,normal,0,0.04990670466476693
2026-10-06 13:53:27,70.23382573816704,0.0691384665364101,0,normal,0,0.13134539900075176
2026-10-06 13:53:28,68.35392864996635,0.0700805749473508,0,normal,0,0.13303741972974298
2026-10-06 13:53:29,71.15942143335185,0.0392350522711647,0,normal,0,0.09875922953975391
2026-10-06 13:53:30,67.17777056040431,0.1014960790125043,0,normal,0,0.09188417683494415
2026-10-06 13:53:31,64.55395584410532,0.0957910743306763,0,normal,0,0.04693307611946129
2026-10-06 13:53:32,67.57396419461726,0.0907766698762105,0,normal,0,0.10909281979555846
2026-10-06 13:53:33,65.97881278972883,0.0996145277184153,0,normal,0,0.07747764737446666
2026-10-06 13:53:34,68.39446965605357,0.0944386108757342,0,normal,0,0.11315686811496489
2026-10-06 13:53:35,68.8688445594523,0.064889362235639,0,normal,0,0.1332763678949142
2026-10-06 13:53:36,67.32101067444212,0.103568326406345,0,normal,0,0.08657368349606853
2026-10-06 13:53:37,67.6820840141977,0.0595353751244147,0,normal,0,0.12544129354971795
2026-10-06 13:53:38,70.52546034684691,0.0825801253627052,0,normal,0,0.12391089344107098
2026-10-06 13:53:39,72.22668667453078,0.0947881994918198,0,normal,0,0.08534667809498137
2026-10-06 13:53:40,69.53600373611091,0.0741823839145366,0,normal,0,0.13181549685735505
2026-10-06 13:53:41,69.05613523503061,0.0734557170715929,0,normal,0,0.13205108637164137
2026-10-06 13:53:42,67.27196884010388,0.0811694420054112,0,normal,0,0.11599796491376374
2026-10-06 13:53:43,69.76212686959458,0.0902662812677631,0,normal,0,0.11612335279473057
2026-10-06 13:53:44,66.50231080174979,0.0923476651761016,0,normal,0,0.09935421320875415
2026-10-06 13:53:45,67.09114527855232,0.076942225218773,0,normal,0,0.1144092564894384
2026-10-06 13:53:46,67.39339558280072,0.0523444365837497,0,normal,0,0.11442228900719364
2026-10-06 13:53:47,69.73331591852089,0.109682245466646,0,normal,0,0.08924527430215667
2026-10-06 13:53:48,67.96964773925069,0.0690733125197158,0,normal,0,0.1281388976986242
2026-10-06 13:53:49,70.14294645441822,0.1138619387156746,0,normal,0,0.07259977442485144
2026-10-06 13:53:50,70.55147489978815,0.0545738438580643,0,normal,0,0.12891234124973927
2026-10-06 13:53:51,72.27432522261563,0.0591794067429346,0,normal,0,0.12673657510070802
2026-10-06 13:53:52,70.35840555283121,0.0665230499035338,0,normal,0,0.13262068163573465
2026-10-06 13:53:53,71.64391689721025,0.0966543186174317,0,normal,0,0.09320766912916811
2026-10-06 13:53:54,69.64184682726406,0.0612889294563504,0,normal,0,0.1344324494628099
2026-10-06 13:53:55,66.97671595038781,0.1016495293256938,0,normal,0,0.08688313401962472
2026-10-06 13:53:56,67.70320809343906,0.1058962449655199,0,normal,0,0.08939236043234061
2026-10-06 13:53:57,67.5155269979711,0.076860302870168,0,normal,0,0.11911760097440416
2026-10-06 13:53:58,66.46134044515088,0.1042062889233851,0,normal,0,0.07863726768640872
2026-10-06 13:53:59,70.15404777069315,0.0538955874631768,0,normal,0,0.1284301535895918
2026-10-06 13:54:00,69.05255444783054,0.1009479389208934,0,normal,0,0.10617629001604101
2026-10-06 13:54:01,68.7324399700573,0.061227752918515,0,normal,0,0.13288004918445606
2026-10-06 13:54:02,68.99823488492494,0.07983838630596,0,normal,0,0.13023097252167393
2026-10-06 13:54:03,69.11743586302,0.0624339505095741,0,normal,0,0.13410770873959083
2026-10-06 13:54:04,69.42985791896203,0.1010174557857094,0,normal,0,0.10400286634064893
2026-10-06 13:54:05,65.60571621627125,0.1019861004739139,0,normal,0,0.06378773532677856
2026-10-06 13:54:06,66.81290069291168,0.060362507713846,0,normal,0,0.11291158702413556
2026-10-06 13:54:07,67.5767310622305,0.0928719320731559,0,normal,0,0.10860706568038275
2026-10-06 13:54:08,62.92105951791944,0.122559481537539,0,normal,1,-0.040929754460466095
2026-10-06 13:54:09,69.39130161991868,0.1042887765343508,0,normal,0,0.0974383908686482
2026-10-06 13:54:10,66.12637116494022,0.0650836066757596,0,normal,0,0.10814326182465928
2026-10-06 13:54:11,68.17252033731603,0.113256086830181,0,normal,0,0.07854625176793983
2026-10-06 13:54:12,68.3666366549166,0.1023044616055158,0,normal,0,0.10014433717051441
2026-10-06 13:54:13,69.80406959301074,0.1018011159376173,0,normal,0,0.1017344436080142
2026-10-06 13:54:14,70.21442276395116,0.0939659042048143,0,normal,0,0.10989309855487828
2026-10-06 13:54:15,69.40516112351155,0.0582020512284549,0,normal,0,0.1326839050321848
2026-10-06 13:54:16,69.91208733850198,0.0937379720457418,0,normal,0,0.11272855906928059
2026-10-06 13:54:17,69.08223892391689,0.0768570057090289,0,normal,0,0.12786378316305852
2026-10-06 13:54:18,68.67486045757595,0.0805272905014559,0,normal,0,0.1275440061505373
2026-10-06 13:54:19,68.26774360469068,0.0663662936688722,0,normal,0,0.13425733440563675
2026-10-06 13:54:20,67.60650586913286,0.0691371558530193,0,normal,0,0.12581453074934185
2026-10-06 13:54:21,69.36768968118976,0.1194454823112086,0,normal,0,0.06150682703127014
2026-10-06 13:54:22,68.36780815865845,0.0948977187138157,0,normal,0,0.11329021648381787
2026-10-06 13:54:23,66.79355413718372,0.0788925435469351,0,normal,0,0.11319431400995561
2026-10-06 13:54:24,67.98223503031764,0.0717225929155065,0,normal,0,0.12838578048160132
2026-10-06 13:54:25,67.32468702086712,0.0971703693570215,0,normal,0,0.09903943606098531
2026-10-06 13:54:26,68.32072578659387,0.1050934865420939,0,normal,0,0.09436423534342758
2026-10-06 13:54:27,69.83131709656456,0.0348304428519703,0,normal,0,0.07997738223002732
2026-10-06 13:54:28,70.76264934293133,0.0767394806406809,0,normal,0,0.12676689386173362
2026-10-06 13:54:29,68.47256232079695,0.0705274003852622,0,normal,0,0.13303187879975703
2026-10-06 13:54:30,69.8487009759384,0.0864017900374142,0,normal,0,0.12294276529822507
2026-10-06 13:54:31,67.41225520367496,0.0603705355034277,0,normal,0,0.11980749974578564
2026-10-06 13:54:32,63.98482573165561,0.1028378954009505,0,normal,0,0.018692784098028326
2026-10-06 13:54:33,63.00628162062315,0.0852482470613274,0,normal,0,0.027306264893306453
2026-10-06 13:54:34,67.47039070593763,0.1198613883677441,0,normal,0,0.05786598949152327
2026-10-06 13:54:35,69.51681476829921,0.0578632182105363,0,normal,0,0.1345429956880259
2026-10-06 13:54:36,71.01066319431987,0.0803648941515244,0,normal,0,0.12183737749519025
2026-10-06 13:54:37,69.01363009867565,0.1189299943494723,0,normal,0,0.06437723244543642
2026-10-06 13:54:38,69.70607050871409,0.0915875310260954,0,normal,0,0.11748925892636525
2026-10-06 13:54:39,69.29718840352923,0.0821767357708263,0,normal,0,0.12693512706322818
2026-10-06 13:54:40,68.56480840092625,0.0930357515290128,0,normal,0,0.11567416924239843
2026-10-06 13:54:41,68.88349221201614,0.0732071614475805,0,normal,0,0.13333290257285946
2026-10-06 13:54:42,66.64639799428163,0.0735605997775379,0,normal,0,0.11415394596033812
2026-10-06 13:54:43,68.7296627711452,0.0556243339126787,0,normal,0,0.13024310317571952
2026-10-06 13:54:44,68.54335098246527,0.0681147806991969,0,normal,0,0.13216667601090765
2026-10-06 13:54:45,64.36430347663983,0.1225974339595824,0,normal,1,-0.01430178977865304
2026-10-06 13:54:46,68.76414458206872,0.0614961075494044,0,normal,0,0.13287477754293037
2026-10-06 13:54:47,67.69576206867555,0.0671830711969972,0,normal,0,0.1291971480534726
2026-10-06 13:54:48,68.63054744436747,0.0691547861104652,0,normal,0,0.13222043387889082
2026-10-06 13:54:49,69.19999550061749,0.0928123702668318,0,normal,0,0.11728634970429258
2026-10-06 13:54:50,70.89901314875391,0.060343883615669,0,normal,0,0.13116454376380365
2026-10-06 13:54:51,70.55675367331791,0.1267575662701461,0,normal,0,0.02954865621259284
2026-10-06 13:54:52,67.92001996161765,0.0988985836304187,0,normal,0,0.10266352072300478
2026-10-06 13:54:53,69.1573878691719,0.0835038381126354,0,normal,0,0.12601385053800257
2026-10-06 13:54:54,68.70919344030307,0.1351866712216572,0,normal,0,0.004419525812911496
2026-10-06 13:54:55,65.35637624615073,0.0626264048295532,0,normal,0,0.0933894426525701
2026-10-06 13:54:56,66.4645684306315,0.0451029281303336,0,normal,0,0.0861786245911646
2026-10-06 13:54:57,64.62257142395241,0.0971651194988857,0,normal,0,0.04338426130028966
2026-10-06 13:54:58,66.35315906894024,0.1156054385781326,0,normal,0,0.05400821751700119
2026-10-06 13:54:59,68.76997709884563,0.120405752058398,0,normal,0,0.06074388394473257
2026-10-06 13:55:00,69.59812322825587,0.0776836333192225,1,silent_drift,0,0.12842695150058991
2026-10-06 13:55:01,68.54162512868842,0.0332302099453289,1,silent_drift,0,0.06400244015193413
2026-10-06 13:55:02,68.90279767220291,0.0415563771333858,1,silent_drift,0,0.1032337269615265
2026-10-06 13:55:03,68.96831156755107,0.0527728864506909,1,silent_drift,0,0.12799488922299446
2026-10-06 13:55:04,69.51978274888536,0.0490915928026411,1,silent_drift,0,0.12443201787357155
2026-10-06 13:55:05,69.62373515816235,0.0298586693977327,1,silent_drift,0,0.05984612359029895
2026-10-06 13:55:06,69.49500154364596,0.0451298958876153,1,silent_drift,0,0.11641662606022352
2026-10-06 13:55:07,69.82685714968136,0.0638566888926655,1,silent_drift,0,0.13419104609741878
2026-10-06 13:55:08,69.08102393512118,0.046658600318074,1,silent_drift,0,0.11521898737039965
2026-10-06 13:55:09,69.44144991164741,0.0610539254452365,1,silent_drift,0,0.13506448562440898
2026-10-06 13:55:10,70.21282080091454,0.043248719661673,1,silent_drift,0,0.10914819067054687
2026-10-06 13:55:11,70.08645959542508,0.0518395686495603,1,silent_drift,0,0.1271919442699861
2026-10-06 13:55:12,70.63562758209534,0.0605594616146082,1,silent_drift,0,0.13164162731946827
2026-10-06 13:55:13,70.23473523232234,0.0676655182121397,1,silent_drift,0,0.13106514817151443
2026-10-06 13:55:14,69.5338401107635,0.043569496040218,1,silent_drift,0,0.11064933245792091
2026-10-06 13:55:15,69.3493580506692,0.059203824683145,1,silent_drift,0,0.1328479237043403
2026-10-06 13:55:16,70.12360166682248,0.0441228706813253,1,silent_drift,0,0.1120033896105046
2026-10-06 13:55:17,70.30491287649079,0.0614272877067425,1,silent_drift,0,0.13213141270489265
2026-10-06 13:55:18,70.3879155836234,0.0572729921045504,1,silent_drift,0,0.13022923151385835
2026-10-06 13:55:19,70.01564801654962,0.0660362376359169,1,silent_drift,0,0.13305732578071627
2026-10-06 13:55:20,70.5122052643189,0.0478637494191467,1,silent_drift,0,0.12002471166657941
2026-10-06 13:55:21,70.3602558189566,0.0548077343086178,1,silent_drift,0,0.1275269133340543
2026-10-06 13:55:22,70.29491257687108,0.054283043353446,1,silent_drift,0,0.12811109824554584
2026-10-06 13:55:23,70.49576988025187,0.0490225164755321,1,silent_drift,0,0.12340782070177925
2026-10-06 13:55:24,70.4928260440237,0.0501006106713207,1,silent_drift,0,0.12280632938572411
2026-10-06 13:55:25,70.43131033068357,0.0506472982606094,1,silent_drift,0,0.12226033730196156
2026-10-06 13:55:26,70.17488073307652,0.043577970792594,1,silent_drift,0,0.10957732798890868
2026-10-06 13:55:27,69.49861373579377,0.0498792793075529,1,silent_drift,0,0.1255477019456307
2026-10-06 13:55:28,69.87524736600463,0.0413821500182978,1,silent_drift,0,0.10635174526141045
2026-10-06 13:55:29,69.9434038612389,0.0508236808079791,1,silent_drift,0,0.1239051388608916
2026-10-06 13:55:30,70.608041898257,0.0371384142517916,1,silent_drift,0,0.09445073132970466
2026-10-06 13:55:31,70.5103857041318,0.0525440084667806,1,silent_drift,0,0.1268107232107073
2026-10-06 13:55:32,71.01330942723389,0.0314954006577003,1,silent_drift,0,0.06766394324847019
2026-10-06 13:55:33,70.41796269807648,0.0664878241769053,1,silent_drift,0,0.1326352799531461
2026-10-06 13:55:34,70.08390538483502,0.0436858376966841,1,silent_drift,0,0.11063852841850919
2026-10-06 13:55:35,70.31098199334265,0.0306605618706873,1,silent_drift,0,0.0673507998119442
2026-10-06 13:55:36,70.93903624243033,0.0526282544383717,1,silent_drift,0,0.1270406352686222
2026-10-06 13:55:37,71.67353446015309,0.071476979878418,1,silent_drift,0,0.12301976231451273
2026-10-06 13:55:38,71.28372899206205,0.0339276440929711,1,silent_drift,0,0.07892315493887214
2026-10-06 13:55:39,71.77675617590663,0.0532185872591817,1,silent_drift,0,0.1257385160187502
2026-10-06 13:55:40,71.01479605919391,0.036947974507114,1,silent_drift,0,0.09159668038810431
2026-10-06 13:55:41,71.13353714296068,0.0759827714770064,1,silent_drift,0,0.12785387834886658
2026-10-06 13:55:42,71.09479659201455,0.053702017671238,1,silent_drift,0,0.1291362823157151
2026-10-06 13:55:43,71.1242376654071,0.0456916693589963,1,silent_drift,0,0.11963107991778354
2026-10-06 13:55:44,71.5031191805926,0.0668625294262046,1,silent_drift,0,0.12781004783023364
2026-10-06 13:55:45,71.54881934562121,0.041393842732128,1,silent_drift,0,0.10571455233743382
2026-10-06 13:55:46,71.53247092989466,0.0633013932818508,1,silent_drift,0,0.12733803024013718
2026-10-06 13:55:47,71.30367208789107,0.0465962208996311,1,silent_drift,0,0.11886050632611106
2026-10-06 13:55:48,71.69307577959829,0.0439398942775999,1,silent_drift,0,0.1109712214033175
2026-10-06 13:55:49,71.39565531410402,0.0384951683827065,1,silent_drift,0,0.09870673699399157
2026-10-06 13:55:50,71.38967467955838,0.0662854602369115,1,silent_drift,0,0.1280040049214789
2026-10-06 13:55:51,71.44774787746631,0.0410489032179964,1,silent_drift,0,0.10362509896231781
2026-10-06 13:55:52,71.11526825570648,0.0633836464113427,1,silent_drift,0,0.13258916911106605
2026-10-06 13:55:53,71.62584794142785,0.0340748800537054,1,silent_drift,0,0.07746921977942223
2026-10-06 13:55:54,72.09169438226495,0.0510557040395431,1,silent_drift,0,0.1220018332454037
2026-10-06 13:55:55,72.38924861908781,0.067412510484439,1,silent_drift,0,0.1219400082293936
2026-10-06 13:55:56,71.76482043539269,0.0417601131030264,1,silent_drift,0,0.10699466017388898
2026-10-06 13:55:57,72.30772931608062,0.050390946981353,1,silent_drift,0,0.12063924702103196
2026-10-06 13:55:58,71.99593785170978,0.0330114789801688,1,silent_drift,0,0.07313173929559791
2026-10-06 13:55:59,71.86477238980288,0.0287381848448858,1,silent_drift,0,0.049924996278470524
2026-10-06 13:56:00,71.6207578406591,0.0746853006686863,1,silent_drift,0,0.12303703075418027
2026-10-06 13:56:01,71.69871610973192,0.0560088390885595,1,silent_drift,0,0.12751630967304295
2026-10-06 13:56:02,71.45693570736874,0.0452926191378768,1,silent_drift,0,0.11647570019172648
2026-10-06 13:56:03,72.49413519350745,0.0599006507420317,1,silent_drift,0,0.12684075058501432
2026-10-06 13:56:04,71.60257565430365,0.0563622397863117,1,silent_drift,0,0.1283007126356155
2026-10-06 13:56:05,72.22045337794022,0.0406549820092537,1,silent_drift,0,0.1012598938279285
2026-10-06 13:56:06,73.00637629354446,0.0495649608466755,1,silent_drift,0,0.12086128684697273
2026-10-06 13:56:07,71.80402063974273,0.0523268783169331,1,silent_drift,0,0.12535914719729752
2026-10-06 13:56:08,72.41123687997025,0.0574704125743748,1,silent_drift,0,0.12816064347315864
2026-10-06 13:56:09,72.55636553370232,0.0465428865251932,1,silent_drift,0,0.11437338031449068
2026-10-06 13:56:10,72.88001798487339,0.0710995480277224,1,silent_drift,0,0.11649990162773138
2026-10-06 13:56:11,72.5704623489763,0.0533701578083078,1,silent_drift,0,0.1221802532256806
2026-10-06 13:56:12,72.78975002829951,0.0667656322340597,1,silent_drift,0,0.12130818482695926
2026-10-06 13:56:13,72.69216696934211,0.0574946389107625,1,silent_drift,0,0.1292159640254707
2026-10-06 13:56:14,73.12458560304465,0.0560947786926558,1,silent_drift,0,0.12363087486202817
2026-10-06 13:56:15,72.9648764279694,0.0487750864818236,1,silent_drift,0,0.12109270648552667
2026-10-06 13:56:16,73.51648673645855,0.0804396090232424,1,silent_drift,0,0.0940942710723146
2026-10-06 13:56:17,73.64201075144352,0.0428169936579701,1,silent_drift,0,0.10310125581892315
2026-10-06 13:56:18,72.26705602401006,0.0513064652874988,1,silent_drift,0,0.12163790467776048
2026-10-06 13:56:19,72.38467747646186,0.0700799090293762,1,silent_drift,0,0.11949896262434578
2026-10-06 13:56:20,73.18628040099249,0.0279735230073928,1,silent_drift,0,0.03881228258244046
2026-10-06 13:56:21,73.18864832241938,0.0578800597295911,1,silent_drift,0,0.1252345753063518
2026-10-06 13:56:22,73.53791133545641,0.0464660068194707,1,silent_drift,0,0.11030608985969315
2026-10-06 13:56:23,72.54493095518642,0.046334220494529,1,silent_drift,0,0.11459436810597257
2026-10-06 13:56:24,72.70461796039329,0.0723152983388337,1,silent_drift,0,0.11832930229791855
2026-10-06 13:56:25,73.31218385285933,0.0465772801103007,1,silent_drift,0,0.11196903001894148
2026-10-06 13:56:26,73.59412666552674,0.0395161140813706,1,silent_drift,0,0.0896427355079441
2026-10-06 13:56:27,73.58246930288679,0.0579273901463516,1,silent_drift,0,0.12063805747822187
2026-10-06 13:56:28,73.98031760072925,0.0398478070918506,1,silent_drift,0,0.08931854303415276
2026-10-06 13:56:29,72.83205803883848,0.061510566324891,1,silent_drift,0,0.1253242866504356
2026-10-06 13:56:30,74.5238591886597,0.0503229993737039,1,silent_drift,0,0.11249509660711271
2026-10-06 13:56:31,73.99838808417515,0.0491155378855316,1,silent_drift,0,0.11425924261749798
2026-10-06 13:56:32,74.20791758900712,0.0531041196552166,1,silent_drift,0,0.11484087812420724
2026-10-06 13:56:33,73.6875787150502,0.0387856244667586,1,silent_drift,0,0.08947389745858975
2026-10-06 13:56:34,73.89187833334526,0.0489753527402807,1,silent_drift,0,0.11538181635637673
2026-10-06 13:56:35,73.68919525194535,0.0533220277026809,1,silent_drift,0,0.117938690010914
2026-10-06 13:56:36,73.76566728669638,0.0688090208131271,1,silent_drift,0,0.1113178607895523
2026-10-06 13:56:37,74.03363770442233,0.0427080833114429,1,silent_drift,0,0.1007076472961127
2026-10-06 13:56:38,73.9184502768313,0.066529382918825,1,silent_drift,0,0.11440749704956016
2026-10-06 13:56:39,73.86665189103897,0.0590726740391097,1,silent_drift,0,0.11919238650623165
2026-10-06 13:56:40,74.26485725735435,0.0384081095759721,1,silent_drift,0,0.08802221946334293
2026-10-06 13:56:41,74.03582480346743,0.0588810159249526,1,silent_drift,0,0.11800562781880014
2026-10-06 13:56:42,74.49302913897714,0.0536425482217658,1,silent_drift,0,0.11321987509869358
2026-10-06 13:56:43,74.003366644568,0.0391438531048896,1,silent_drift,0,0.08931813185688436
2026-10-06 13:56:44,75.01357705758306,0.0528855814684145,1,silent_drift,0,0.10883280459386424
2026-10-06 13:56:45,74.73927980946821,0.0627913584699701,1,silent_drift,0,0.10825097647512993
2026-10-06 13:56:46,74.8580073785723,0.0594022007472682,1,silent_drift,0,0.11099443495913114
2026-10-06 13:56:47,74.78254242003014,0.0765594535462366,1,silent_drift,0,0.09432527815054742
2026-10-06 13:56:48,74.31016653887461,0.0496467683163656,1,silent_drift,0,0.11127148520783264
2026-10-06 13:56:49,74.24114233548792,0.0366467549178206,1,silent_drift,0,0.08019736437710184
2026-10-06 13:56:50,75.1067289825148,0.0382178325137987,1,silent_drift,0,0.07775282425275831
2026-10-06 13:56:51,74.45351732403748,0.0587580360918891,1,silent_drift,0,0.11578740292556289
2026-10-06 13:56:52,74.01632847206994,0.0367718106281063,1,silent_drift,0,0.08218844706521033
2026-10-06 13:56:53,74.8978477292233,0.0496960133041314,1,silent_drift,0,0.10802653468178414
2026-10-06 13:56:54,74.75367993699098,0.0425742052500939,1,silent_drift,0,0.09589631639627505
2026-10-06 13:56:55,74.73975110235882,0.047159473179001,1,silent_drift,0,0.10620577388840652
2026-10-06 13:56:56,75.51107869317117,0.0551779095114065,1,silent_drift,0,0.10515996321755494
2026-10-06 13:56:57,74.9601453679888,0.0426490132518311,1,silent_drift,0,0.09436478728950481
2026-10-06 13:56:58,75.62558656473038,0.0526327565243215,1,silent_drift,0,0.10390157195357719
2026-10-06 13:56:59,75.32341522139906,0.0418845589882435,1,silent_drift,0,0.08926410746287505
2026-10-06 13:57:00,74.05444335830819,0.0428975868496551,1,silent_drift,0,0.10235093663264827
2026-10-06 13:57:01,75.08011822477627,0.0623087730365258,1,silent_drift,0,0.10793196596469479
2026-10-06 13:57:02,74.49042830910652,0.041042947667691,1,silent_drift,0,0.09097012673993454
2026-10-06 13:57:03,75.36220110382328,0.0504739801567013,1,silent_drift,0,0.10472642079265765
2026-10-06 13:57:04,74.87642781027712,0.0513732787240237,1,silent_drift,0,0.10881340619419533
2026-10-06 13:57:05,75.74347265342524,0.0503691133020589,1,silent_drift,0,0.10179011561337137
2026-10-06 13:57:06,75.79260409468476,0.0602490946497126,1,silent_drift,0,0.10210036760760699
2026-10-06 13:57:07,76.27407396690411,0.05269423482602,1,silent_drift,0,0.10240838067828317
2026-10-06 13:57:08,75.58407456243442,0.0334130543784347,1,silent_drift,0,0.053427508147563696
2026-10-06 13:57:09,75.09698850762928,0.0604216044402459,1,silent_drift,0,0.11022897970142037
2026-10-06 13:57:10,75.75287933682749,0.0557074424275191,1,silent_drift,0,0.10251964178419448
2026-10-06 13:57:11,76.3979445557929,0.0486395409111947,1,silent_drift,0,0.10121814940081897
2026-10-06 13:57:12,76.38634903419003,0.0673351656030192,1,silent_drift,0,0.08928145530639264
2026-10-06 13:57:13,75.99549165613944,0.026164102859879,1,silent_drift,0,0.01275596546488511
2026-10-06 13:57:14,75.32164971628035,0.0401490931564647,1,silent_drift,0,0.08052721995124601
2026-10-06 13:57:15,76.08446840578975,0.0614972528278146,1,silent_drift,0,0.10129806588967238
2026-10-06 13:57:16,75.87571424707416,0.0574791563372664,1,silent_drift,0,0.1052608656733327
2026-10-06 13:57:17,75.6782068001989,0.0238191083105044,1,silent_drift,0,0.002799315357836618
2026-10-06 13:57:18,75.9297284682513,0.0413654510202226,1,silent_drift,0,0.08264518946485355
2026-10-06 13:57:19,75.8698445372898,0.0468979272576066,1,silent_drift,0,0.09916357323238112
2026-10-06 13:57:20,75.97939245650556,0.0562019942656738,1,silent_drift,0,0.10528387318972066
2026-10-06 13:57:21,76.58330037361254,0.0671680257022564,1,silent_drift,0,0.08795340582101568
2026-10-06 13:57:22,76.72994659799937,0.0539523143520629,1,silent_drift,0,0.10101991208825739
2026-10-06 13:57:23,75.9067846480729,0.0520833700541955,1,silent_drift,0,0.10389801341060434
2026-10-06 13:57:24,76.83400504958188,0.0334693095981821,1,silent_drift,0,0.051511568696491095
2026-10-06 13:57:25,76.98284975854403,0.0382285162449696,1,silent_drift,0,0.06791764918495996
2026-10-06 13:57:26,77.25462327766732,0.0528441396062949,1,silent_drift,0,0.09870563540316579
2026-10-06 13:57:27,76.06380086160132,0.0404622304463119,1,silent_drift,0,0.08084357418786114
2026-10-06 13:57:28,75.97608447423582,0.0450091206394368,1,silent_drift,0,0.09870817958763117
2026-10-06 13:57:29,76.85967271901985,0.034253702957994,1,silent_drift,0,0.053231867409028855
2026-10-06 13:57:30,76.81370955210558,0.0514832572448991,1,silent_drift,0,0.10124118202851123
2026-10-06 13:57:31,75.86723254914222,0.0489870743816382,1,silent_drift,0,0.10402669931837949
2026-10-06 13:57:32,76.25799396830152,0.0587273485473319,1,silent_drift,0,0.10161607360593916
2026-10-06 13:57:33,77.70008555254782,0.0639881283119026,1,silent_drift,0,0.08635443907713208
2026-10-06 13:57:34,76.42170628481593,0.038341889047447,1,silent_drift,0,0.07209544971723597
2026-10-06 13:57:35,77.63846631483182,0.0645853697564727,1,silent_drift,0,0.08597279399320279
2026-10-06 13:57:36,76.99616741476831,0.0362506189626414,1,silent_drift,0,0.06085664717008926
2026-10-06 13:57:37,76.84574076073609,0.0552509295205596,1,silent_drift,0,0.1003258735492552
2026-10-06 13:57:38,77.49253454997418,0.0544412457730401,1,silent_drift,0,0.09691840113088562
2026-10-06 13:57:39,77.09264311910687,0.0582754361410774,1,silent_drift,0,0.09851604763290744
2026-10-06 13:57:40,77.15854815521696,0.0556700349838607,1,silent_drift,0,0.09986821308455973
2026-10-06 13:57:41,76.47040016981971,0.0766781450784153,1,silent_drift,0,0.07723349925771023
2026-10-06 13:57:42,76.89682358145667,0.0549401728778116,1,silent_drift,0,0.09895170203789683
2026-10-06 13:57:43,77.90015087005348,0.0586300848826315,1,silent_drift,0,0.09324483623326463
2026-10-06 13:57:44,77.54711017751107,0.038783748908241,1,silent_drift,0,0.0674832741836624
2026-10-06 13:57:45,77.7733851453712,0.0549940503605789,1,silent_drift,0,0.09386080588023743
2026-10-06 13:57:46,76.89643655680213,0.0609616931308854,1,silent_drift,0,0.09625744013944998
2026-10-06 13:57:47,77.16508003164229,0.0661855442889567,1,silent_drift,0,0.08730179769981206
2026-10-06 13:57:48,77.98793265446706,0.0474169016375646,1,silent_drift,0,0.0924500979571225
2026-10-06 13:57:49,77.89588883562577,0.0657672632368374,1,silent_drift,0,0.08248146420916036
2026-10-06 13:57:50,76.91991335481453,0.0442411383207625,1,silent_drift,0,0.09131921808240157
2026-10-06 13:57:51,77.6060256291788,0.0446829123311004,1,silent_drift,0,0.08952946333882167
2026-10-06 13:57:52,77.85941289646193,0.0572094117503816,1,silent_drift,0,0.09623467468891439
2026-10-06 13:57:53,78.63431495237036,0.0571591857946172,1,silent_drift,0,0.09383758014318327
2026-10-06 13:57:54,78.2308271106291,0.0692492840858513,1,silent_drift,0,0.07298030446018539
2026-10-06 13:57:55,78.04962961641785,0.0677246652132318,1,silent_drift,0,0.07609775714721034
2026-10-06 13:57:56,77.32964074375755,0.0519370259784145,1,silent_drift,0,0.09703310794145636
2026-10-06 13:57:57,77.70200752348698,0.0340995000360373,1,silent_drift,0,0.05007706566952613
2026-10-06 13:57:58,78.07245540137586,0.0553079636690657,1,silent_drift,0,0.09057075031429879
2026-10-06 13:57:59,78.22479022431483,0.053356740098409,1,silent_drift,0,0.08983456175152732
2026-10-06 13:58:00,78.19407626247174,0.0458198680054084,1,silent_drift,0,0.0871876966258961
2026-10-06 13:58:01,78.3355665006475,0.0451559847894838,1,silent_drift,0,0.08708360154552924
2026-10-06 13:58:02,78.55230915788903,0.0506502235758817,1,silent_drift,0,0.09372746016636879
2026-10-06 13:58:03,77.0487010827001,0.0498091458351782,1,silent_drift,0,0.09821708470559026
2026-10-06 13:58:04,78.12713738668845,0.0402407197544941,1,silent_drift,0,0.06842742040889643
2026-10-06 13:58:05,78.26497122822215,0.0530722548137378,1,silent_drift,0,0.08944139017941144
2026-10-06 13:58:06,78.41829791430872,0.045047512075188,1,silent_drift,0,0.08761909882094654
2026-10-06 13:58:07,78.41346092611373,0.0567403503307296,1,silent_drift,0,0.09402197914307842
2026-10-06 13:58:08,78.3810838015503,0.0383496183567257,1,silent_drift,0,0.06372777257443446
2026-10-06 13:58:09,78.42416657188912,0.0216145711704841,1,silent_drift,1,-0.008404110777439633
2026-10-06 13:58:10,78.74603772411511,0.066150655971853,1,silent_drift,0,0.07970509894869926
2026-10-06 13:58:11,78.86203640921875,0.0513152356788202,1,silent_drift,0,0.09178397319048653
2026-10-06 13:58:12,79.09135740185003,0.0372510739652479,1,silent_drift,0,0.060793832214718124
2026-10-06 13:58:13,79.50801341468406,0.0539673902573644,1,silent_drift,0,0.0869368921692969
2026-10-06 13:58:14,78.50005409726236,0.0580231855909944,1,silent_drift,0,0.093157136244504
2026-10-06 13:58:15,79.09832589724701,0.0403499206471737,1,silent_drift,0,0.07483165307892281
2026-10-06 13:58:16,78.293524696088,0.0442872015465227,1,silent_drift,0,0.08478437060024124
2026-10-06 13:58:17,78.792117283001,0.0448284100879709,1,silent_drift,0,0.08962465091731509
2026-10-06 13:58:18,78.39020100780162,0.0478510742807434,1,silent_drift,0,0.09336391947783329
2026-10-06 13:58:19,79.43212429700493,0.0494979905057551,1,silent_drift,0,0.08951770120449243
2026-10-06 13:58:20,78.96363162567386,0.0541162315177016,1,silent_drift,0,0.09346029738335693
2026-10-06 13:58:21,78.67268186526432,0.048043162420223,1,silent_drift,0,0.09540034221439664
2026-10-06 13:58:22,79.36042341013713,0.0704237241489069,1,silent_drift,0,0.06583032008709211
2026-10-06 13:58:23,79.89886124082841,0.0621344808249149,1,silent_drift,0,0.07400934153843525
2026-10-06 13:58:24,79.25488955301127,0.0694961166006503,1,silent_drift,0,0.06947547564578122
2026-10-06 13:58:25,79.33617918845535,0.0645483417047524,1,silent_drift,0,0.07726957170172899
2026-10-06 13:58:26,78.46989969196304,0.0630554721697284,1,silent_drift,0,0.0853167311828506
2026-10-06 13:58:27,79.07123901399243,0.0651813897290415,1,silent_drift,0,0.07896788538436295
2026-10-06 13:58:28,79.306978519133,0.0432661297334505,1,silent_drift,0,0.07926538999010574
2026-10-06 13:58:29,80.09621457615621,0.0286725407831921,1,silent_drift,0,0.00481080893938346
2026-10-06 13:58:30,79.58128244594734,0.0487158930960141,1,silent_drift,0,0.08692546655583128
2026-10-06 13:58:31,79.87785286382984,0.0659877437801566,1,silent_drift,0,0.0670815159332232
2026-10-06 13:58:32,79.5076734468232,0.0458410260561447,1,silent_drift,0,0.08594733451987735
2026-10-06 13:58:33,79.11419975329349,0.0450789333250028,1,silent_drift,0,0.08883895624914934
2026-10-06 13:58:34,79.31318276629196,0.0325645657591087,1,silent_drift,0,0.04026852001645809
2026-10-06 13:58:35,80.21193966441324,0.0596070245141547,1,silent_drift,0,0.07605107340961514
2026-10-06 13:58:36,79.66609302412711,0.0611764118133932,1,silent_drift,0,0.07869047902876375
2026-10-06 13:58:37,79.73851833778319,0.0654224744719633,1,silent_drift,0,0.07050240495089893
2026-10-06 13:58:38,79.28048427981388,0.0379162493140269,1,silent_drift,0,0.06036117534884855
2026-10-06 13:58:39,80.68753689149,0.0558193544518661,1,silent_drift,0,0.0782411677625589
2026-10-06 13:58:40,80.24691413883045,0.0583179414677732,1,silent_drift,0,0.07890258041461301
2026-10-06 13:58:41,80.38256466503408,0.0551460383862264,1,silent_drift,0,0.0803319868195918
2026-10-06 13:58:42,80.65629283053148,0.050614520016071,1,silent_drift,0,0.07659814069630361
2026-10-06 13:58:43,79.55576198077095,0.0331938929322337,1,silent_drift,0,0.04112058787377143
2026-10-06 13:58:44,80.01934136317998,0.0471205273528045,1,silent_drift,0,0.0837855214037812
2026-10-06 13:58:45,80.29791545937034,0.065178739755637,1,silent_drift,0,0.06533805993098518
2026-10-06 13:58:46,80.14580901315483,0.0432289808949585,1,silent_drift,0,0.07275628736002121
2026-10-06 13:58:47,80.15988475080657,0.054658279592888,1,silent_drift,0,0.08173382226045262
2026-10-06 13:58:48,80.88720552947919,0.044728643110575,1,silent_drift,0,0.07553840388338501
2026-10-06 13:58:49,81.1066281528923,0.0517594577148046,1,silent_drift,0,0.07486013807927189
2026-10-06 13:58:50,81.04843278541126,0.0498016623749552,1,silent_drift,0,0.0779546644576884
2026-10-06 13:58:51,80.53308705221674,0.0528720163340864,1,silent_drift,0,0.07982529162314589
2026-10-06 13:58:52,80.92985256107669,0.0596597494672616,1,silent_drift,0,0.07382541394956255
2026-10-06 13:58:53,79.53038794399365,0.0454202258475779,1,silent_drift,0,0.08392147814826162
2026-10-06 13:58:54,81.03080729253884,0.0565358340822682,1,silent_drift,0,0.08023485302781347
2026-10-06 13:58:55,80.84683353849832,0.0359391000307099,1,silent_drift,0,0.043133213526360625
2026-10-06 13:58:56,80.59097012714001,0.0598556796079557,1,silent_drift,0,0.07647503728183797
2026-10-06 13:58:57,80.3719210087731,0.0505045878784133,1,silent_drift,0,0.07863775647711674
2026-10-06 13:58:58,81.4381730999553,0.0465852222416193,1,silent_drift,0,0.07558828866201833
2026-10-06 13:58:59,80.4636645145465,0.0293910364722884,1,silent_drift,0,0.013883627990429193
2026-10-06 13:59:00,80.85499208424821,0.0463658784335002,1,silent_drift,0,0.07879677716381811
2026-10-06 13:59:01,82.18498426031806,0.0420672947178969,1,silent_drift,0,0.06117782983486847
2026-10-06 13:59:02,81.00848249909461,0.0569807922333363,1,silent_drift,0,0.078679833306114
2026-10-06 13:59:03,81.71432842486834,0.0730785460437039,1,silent_drift,0,0.04709579709574707
2026-10-06 13:59:04,81.26563129482282,0.0676826537044833,1,silent_drift,0,0.054772690005693736
2026-10-06 13:59:05,81.52155567530978,0.0382899991263635,1,silent_drift,0,0.0464418136586664
2026-10-06 13:59:06,81.76563802110468,0.0504157133719084,1,silent_drift,0,0.06943267328984004
2026-10-06 13:59:07,82.18585611372048,0.0447947481496405,1,silent_drift,0,0.06674584925500865
2026-10-06 13:59:08,81.72115962876416,0.0524011319482915,1,silent_drift,0,0.07145320220953244
2026-10-06 13:59:09,82.1554043423972,0.0264142722529173,1,silent_drift,1,-0.011766737849038922
2026-10-06 13:59:10,81.55944300319949,0.0628161248821047,1,silent_drift,0,0.06388187064253581
2026-10-06 13:59:11,80.9571288067832,0.0495893608306054,1,silent_drift,0,0.07848294003693157
2026-10-06 13:59:12,82.42208194786367,0.0525960254285311,1,silent_drift,0,0.06737396071719981
2026-10-06 13:59:13,81.9443759323032,0.0330055420781416,1,silent_drift,0,0.022632044692473874
2026-10-06 13:59:14,81.59014283070019,0.0536967741316267,1,silent_drift,0,0.07255236401233606
2026-10-06 13:59:15,81.52711692143774,0.0539932691667073,1,silent_drift,0,0.072871609032925
2026-10-06 13:59:16,81.94562812434721,0.0388261392443928,1,silent_drift,0,0.04620944644622815
2026-10-06 13:59:17,81.96156754481734,0.0387594773288192,1,silent_drift,0,0.046669755545256264
2026-10-06 13:59:18,82.17451766612832,0.0558760147535823,1,silent_drift,0,0.07117878756203166
2026-10-06 13:59:19,81.67147743740676,0.0533812283695002,1,silent_drift,0,0.07210187754976144
2026-10-06 13:59:20,82.18757743097457,0.0294311131783975,1,silent_drift,0,0.0022610614569889553
2026-10-06 13:59:21,81.80161847955989,0.0624946394627827,1,silent_drift,0,0.06282394278812797
2026-10-06 13:59:22,82.61899460099326,0.0479962110382889,1,silent_drift,0,0.06734965318293828
2026-10-06 13:59:23,82.6073352455363,0.0513582161284533,1,silent_drift,0,0.06662567748858306
2026-10-06 13:59:24,82.99145944814634,0.0345090827426991,1,silent_drift,0,0.02057547433216711
2026-10-06 13:59:25,82.56083121892573,0.0538838296777089,1,silent_drift,0,0.06954158490178891
2026-10-06 13:59:26,82.43910759665437,0.046702102500979,1,silent_drift,0,0.06804790924864002
2026-10-06 13:59:27,82.55050441783166,0.0558335020023132,1,silent_drift,0,0.06756291455003716
2026-10-06 13:59:28,82.09362436197917,0.036860712134556,1,silent_drift,0,0.03934128946392368
2026-10-06 13:59:29,82.21025262867057,0.0564674329853262,1,silent_drift,0,0.07270280615149372
2026-10-06 13:59:30,82.55889998013126,0.0417959094446922,1,silent_drift,0,0.057413098218745406
2026-10-06 13:59:31,82.57150725259048,0.0335108469602172,1,silent_drift,0,0.016826156502608547
2026-10-06 13:59:32,83.37434769517314,0.0395811883239644,1,silent_drift,0,0.03574248781726219
2026-10-06 13:59:33,82.76519867425061,0.0465098210293821,1,silent_drift,0,0.06492761478844228
2026-10-06 13:59:34,83.09437248082004,0.0372904744909892,1,silent_drift,0,0.031676487473137394
2026-10-06 13:59:35,82.98988065890623,0.0459964070383483,1,silent_drift,0,0.06538619852145827
2026-10-06 13:59:36,82.96579464235077,0.0605640778991777,1,silent_drift,0,0.052924604792565555
2026-10-06 13:59:37,82.91725185710837,0.0508811426261797,1,silent_drift,0,0.06452892731021131
2026-10-06 13:59:38,82.8429920082115,0.0464051890327268,1,silent_drift,0,0.06526300866672774
2026-10-06 13:59:39,82.96425480992768,0.0495147787722045,1,silent_drift,0,0.06473616969721357
2026-10-06 13:59:40,82.4751584822685,0.0509826061405136,1,silent_drift,0,0.0671914796176773
2026-10-06 13:59:41,82.71234405135611,0.0339193314420571,1,silent_drift,0,0.019513066339878038
2026-10-06 13:59:42,83.35311842645059,0.0466161856317731,1,silent_drift,0,0.06309864639649043
2026-10-06 13:59:43,84.1024291175716,0.0437802057274977,1,silent_drift,0,0.0432371521461698
2026-10-06 13:59:44,84.0015256415221,0.0451646660160691,1,silent_drift,0,0.04743388592406411
2026-10-06 13:59:45,83.25522905947238,0.0836143568532712,1,silent_drift,0,0.018865053499258988
2026-10-06 13:59:46,83.5169975047246,0.061883475571821,1,silent_drift,0,0.04655739772512085
2026-10-06 13:59:47,82.73842204921883,0.0439378274138439,1,silent_drift,0,0.059513505131342015
2026-10-06 13:59:48,82.68929433132507,0.0515347079103304,1,silent_drift,0,0.06652519361580989
2026-10-06 13:59:49,83.57139615341798,0.0447846591732474,1,silent_drift,0,0.05577836810433079
2026-10-06 13:59:50,84.34007727928935,0.0503176173876419,1,silent_drift,0,0.047542998373677314
2026-10-06 13:59:51,84.02715547262855,0.0378007045706543,1,silent_drift,0,0.021454572820755857
2026-10-06 13:59:52,83.72696470602511,0.033362501398965,1,silent_drift,0,0.004625332326463283
2026-10-06 13:59:53,83.71650317102711,0.0396132944528144,1,silent_drift,0,0.030299737442024577
2026-10-06 13:59:54,83.61003312672722,0.058758718881464,1,silent_drift,0,0.05129718822766721
2026-10-06 13:59:55,83.45732769519093,0.0490741319317029,1,silent_drift,0,0.061296709769782576
2026-10-06 13:59:56,83.96078812149256,0.0534460620452369,1,silent_drift,0,0.05100526948159512
2026-10-06 13:59:57,83.94259770639268,0.0497397289561311,1,silent_drift,0,0.05279374146337906
2026-10-06 13:59:58,83.84508813446153,0.0485811584939334,1,silent_drift,0,0.05444261351116381
2026-10-06 13:59:59,84.02818939813997,0.0656250946148124,1,silent_drift,0,0.03112405973219201
