timestamp,hr,acc,label,anomaly_type
2026-10-06 12:00:00,69.00166283206832,0.06467197029405777,0,normal
2026-10-06 12:00:01,69.31742922515517,0.06851335104671065,0,normal
2026-10-06 12:00:02,68.62842930781184,0.13125811697250453,0,normal
2026-10-06 12:00:03,70.48591184665614,0.0709754270394383,0,normal
2026-10-06 12:00:04,69.73847721219524,0.08266348217682101,0,normal
2026-10-06 12:00:05,69.03702357425414,0.055864579308736756,0,normal
2026-10-06 12:00:06,66.73447515946933,0.05725614525330505,0,normal
2026-10-06 12:00:07,67.52590925694874,0.10335033712795341,0,normal
2026-10-06 12:00:08,67.35390354716526,0.07791135177315522,0,normal
2026-10-06 12:00:09,66.54378661144501,0.07417447199001072,0,normal
2026-10-06 12:00:10,68.67225158569035,0.09575706533647774,0,normal
2026-10-06 12:00:11,70.87937428485256,0.10189382338185925,0,normal
2026-10-06 12:00:12,69.4659668947996,0.09676350071654286,0,normal
2026-10-06 12:00:13,70.83394428636858,0.06243904263396451,0,normal
2026-10-06 12:00:14,73.05769575202451,0.12255749499625408,0,normal
2026-10-06 12:00:15,71.17233273539102,0.10789733009392773,0,normal
2026-10-06 12:00:16,72.64105690458707,0.061676496214566015,0,normal
2026-10-06 12:00:17,68.42858775182324,0.09191882739277034,0,normal
2026-10-06 12:00:18,68.82572711905664,0.06910541274841718,0,normal
2026-10-06 12:00:19,70.22952825449548,0.09635737886479898,0,normal
2026-10-06 12:00:20,68.7487734583462,0.11087436315257405,0,normal
2026-10-06 12:00:21,67.58458703824225,0.05796807340872941,0,normal
2026-10-06 12:00:22,69.11657562356893,0.09297870499902339,0,normal
2026-10-06 12:00:23,68.86090407722754,0.09734054010054459,0,normal
2026-10-06 12:00:24,69.81643607062357,0.08453037301106224,0,normal
2026-10-06 12:00:25,69.26077058254997,0.069302305966678,0,normal
2026-10-06 12:00:26,70.65757827466305,0.07915365387421691,0,normal
2026-10-06 12:00:27,71.03973614361988,0.08049696510590412,0,normal
2026-10-06 12:00:28,69.60056531226272,0.0906792353491804,0,normal
2026-10-06 12:00:29,66.66294398542036,0.05684207730281664,0,normal
2026-10-06 12:00:30,68.92847228568344,0.06881155219583295,0,normal
2026-10-06 12:00:31,71.98687258608068,0.08760386615006907,0,normal
2026-10-06 12:00:32,63.74864016551257,0.06509050606314884,0,normal
2026-10-06 12:00:33,66.1876689838564,0.059675527076243476,0,normal
2026-10-06 12:00:34,67.4193228466267,0.06606640631601582,0,normal
2026-10-06 12:00:35,68.71505009186117,0.0714081014504351,0,normal
2026-10-06 12:00:36,70.75851340332127,0.0714872949828241,0,normal
2026-10-06 12:00:37,71.37816213324749,0.04296003023817855,0,normal
2026-10-06 12:00:38,72.32106412707452,0.0708747104987559,0,normal
2026-10-06 12:00:39,72.65215579954709,0.04798361260916757,0,normal
2026-10-06 12:00:40,69.38415823279371,0.09660959175500283,0,normal
2026-10-06 12:00:41,69.73715728883455,0.09627248701047986,0,normal
2026-10-06 12:00:42,68.32343348800319,0.05185584685115907,0,normal
2026-10-06 12:00:43,68.97966061780517,0.07426128345189534,0,normal
2026-10-06 12:00:44,67.21401794216196,0.08902136135179002,0,normal
2026-10-06 12:00:45,66.19392725724121,0.07201628641766222,0,normal
2026-10-06 12:00:46,70.65710084262201,0.0659812559096617,0,normal
2026-10-06 12:00:47,68.10655321478247,0.07673456925962632,0,normal
2026-10-06 12:00:48,68.12565667361217,0.08428088603276844,0,normal
2026-10-06 12:00:49,71.07265056940186,0.077581283181917,0,normal
2026-10-06 12:00:50,68.57001876447572,0.08953130072356189,0,normal
2026-10-06 12:00:51,69.83387434398625,0.09453640778788738,0,normal
2026-10-06 12:00:52,69.33689054199577,0.06675357884419932,0,normal
2026-10-06 12:00:53,66.88106293636335,0.10067532489112802,0,normal
2026-10-06 12:00:54,65.11061465387472,0.08893994485709236,0,normal
2026-10-06 12:00:55,68.25943288387539,0.07226865663650266,0,normal
2026-10-06 12:00:56,66.81438155474675,0.1091173953924591,0,normal
2026-10-06 12:00:57,66.60688267860725,0.0995204446930221,0,normal
2026-10-06 12:00:58,68.95617043241334,0.08484858315138565,0,normal
2026-10-06 12:00:59,67.00442159715993,0.07880141817695287,0,normal
2026-10-06 12:01:00,71.64512879468924,0.05899047919803896,0,normal
2026-10-06 12:01:01,67.31041195123521,0.08902750197684246,0,normal
2026-10-06 12:01:02,66.21714042409342,0.107351178250137,0,normal
2026-10-06 12:01:03,70.2706743838399,0.07264578014397463,0,normal
2026-10-06 12:01:04,71.0068243765871,0.13413621632756778,0,normal
2026-10-06 12:01:05,72.35294100057136,0.05465358682071263,0,normal
2026-10-06 12:01:06,68.37450783306036,0.06498137582529802,0,normal
2026-10-06 12:01:07,67.80272391850473,0.06619716019582995,0,normal
2026-10-06 12:01:08,67.56496498701728,0.06991019911059934,0,normal
2026-10-06 12:01:09,71.24601444414998,0.12780290771024244,0,normal
2026-10-06 12:01:10,65.10979823810834,0.0867794324755587,0,normal
2026-10-06 12:01:11,68.88346583479377,0.07249647336342,0,normal
2026-10-06 12:01:12,69.09148639843934,0.11014865846716311,0,normal
2026-10-06 12:01:13,68.43732725798428,0.08143309816298988,0,normal
2026-10-06 12:01:14,69.85343109105995,0.08653714989926409,0,normal
2026-10-06 12:01:15,70.79510125070745,0.06811560874537163,0,normal
2026-10-06 12:01:16,69.14884164925174,0.06049527855154582,0,normal
2026-10-06 12:01:17,69.88462165219508,0.06452163984286183,0,normal
2026-10-06 12:01:18,70.13181317312774,0.10472698273401862,0,normal
2026-10-06 12:01:19,69.51199323873584,0.0663068629387866,0,normal
2026-10-06 12:01:20,67.14174728337524,0.12363161528191235,0,normal
2026-10-06 12:01:21,67.22509506607936,0.1152486563408671,0,normal
2026-10-06 12:01:22,67.89720608380506,0.06460553669521789,0,normal
2026-10-06 12:01:23,69.66706744333946,0.08816516712484522,0,normal
2026-10-06 12:01:24,69.39097423010016,0.04452690670669159,0,normal
2026-10-06 12:01:25,71.71115239170145,0.02581590122393041,0,normal
2026-10-06 12:01:26,71.20277672010347,0.08769241179963792,0,normal
2026-10-06 12:01:27,68.27596464873244,0.06812455472790026,0,normal
2026-10-06 12:01:28,71.98702639358356,0.06481542280580263,0,normal
2026-10-06 12:01:29,68.92565206916579,0.031471765512542486,0,normal
2026-10-06 12:01:30,69.96248584232113,0.08115985295793843,0,normal
2026-10-06 12:01:31,68.39669248695027,0.08901457590945447,0,normal
2026-10-06 12:01:32,69.24853599765147,0.08892004921400491,0,normal
2026-10-06 12:01:33,67.73204999419366,0.1148365437585196,0,normal
2026-10-06 12:01:34,68.07786871394872,0.09362955739854781,0,normal
2026-10-06 12:01:35,65.93512435181275,0.11000141877384424,0,normal
2026-10-06 12:01:36,71.21934384247942,0.10988337264130545,0,normal
2026-10-06 12:01:37,69.95675419936823,0.11568883673052453,0,normal
2026-10-06 12:01:38,69.87664857594673,0.10186509085138719,0,normal
2026-10-06 12:01:39,72.59915406295947,0.022589645014101038,0,normal
2026-10-06 12:01:40,71.31526516091434,0.08566111465555723,0,normal
2026-10-06 12:01:41,70.28563835765176,0.0984300998541654,0,normal
2026-10-06 12:01:42,69.89763726493398,0.08427380714444851,0,normal
2026-10-06 12:01:43,68.5221563745677,0.05790150243087101,0,normal
2026-10-06 12:01:44,66.27645859331818,0.040016489903639506,0,normal
2026-10-06 12:01:45,65.7731881976639,0.07057278966430222,0,normal
2026-10-06 12:01:46,69.26581724740808,0.0451101511509036,0,normal
2026-10-06 12:01:47,70.01885673564831,0.07936692295133668,0,normal
2026-10-06 12:01:48,69.99864870365091,0.093435674617286,0,normal
2026-10-06 12:01:49,70.4035494132465,0.08253561503329819,0,normal
2026-10-06 12:01:50,71.9470214126319,0.07652674246698915,0,normal
2026-10-06 12:01:51,72.42551487299676,0.07530108432415812,0,normal
2026-10-06 12:01:52,71.12811711817821,0.12287842376019159,0,normal
2026-10-06 12:01:53,71.44571612609562,0.06860413049785583,0,normal
2026-10-06 12:01:54,70.52391984694944,0.036843947100455306,0,normal
2026-10-06 12:01:55,67.65507735216819,0.09368607134717954,0,normal
2026-10-06 12:01:56,69.12427671514095,0.06075296027051051,0,normal
2026-10-06 12:01:57,66.17402264508138,0.10664415769293885,0,normal
2026-10-06 12:01:58,64.5191915763619,0.05534960527004526,0,normal
2026-10-06 12:01:59,69.47725341619366,0.0470864757665326,0,normal
2026-10-06 12:02:00,68.60640978569236,0.07687107319398172,0,normal
2026-10-06 12:02:01,72.87127346212971,0.12204391663478689,0,normal
2026-10-06 12:02:02,68.64495921733572,0.09441216982217115,0,normal
2026-10-06 12:02:03,72.12322834616619,0.09311178681627451,0,normal
2026-10-06 12:02:04,70.15382495227695,0.10654442868334565,0,normal
2026-10-06 12:02:05,70.37394461783812,0.0688342801963644,0,normal
2026-10-06 12:02:06,67.5761591780919,0.03207815536916524,0,normal
2026-10-06 12:02:07,72.07321778736969,0.13605780692541664,0,normal
2026-10-06 12:02:08,67.50403514446047,0.06967628902616912,0,normal
2026-10-06 12:02:09,70.77087342467557,0.07747381516148505,0,normal
2026-10-06 12:02:10,67.80445912066425,0.017458112068819254,0,normal
2026-10-06 12:02:11,66.65020082900088,0.060635834712204725,0,normal
2026-10-06 12:02:12,68.01956855650931,0.06426235061600019,0,normal
2026-10-06 12:02:13,71.95867081363507,0.0995472090345613,0,normal
2026-10-06 12:02:14,69.66442159183694,0.05090217739816218,0,normal
2026-10-06 12:02:15,70.85815354345547,0.09970957952460316,0,normal
2026-10-06 12:02:16,72.62971177855968,0.10736660074141693,0,normal
2026-10-06 12:02:17,71.61136033976491,0.07178425493460708,0,normal
2026-10-06 12:02:18,67.715432289023,0.08591314914055011,0,normal
2026-10-06 12:02:19,68.05400881781873,0.12346261374956667,0,normal
2026-10-06 12:02:20,70.28373790211967,0.03206169285005034,0,normal
2026-10-06 12:02:21,66.92602063630311,0.046825744090136755,0,normal
2026-10-06 12:02:22,69.38905090869095,0.0690253267097062,0,normal
2026-10-06 12:02:23,68.81575058662668,0.04861408876864511,0,normal
2026-10-06 12:02:24,67.38260929852034,0.06853959060253424,0,normal
2026-10-06 12:02:25,70.45921558327991,0.08938891644440207,0,normal
2026-10-06 12:02:26,69.65559663472247,0.07478451422257498,0,normal
2026-10-06 12:02:27,70.94045909613791,0.1035720869945284,0,normal
2026-10-06 12:02:28,69.37037377378395,0.08531250811407454,0,normal
2026-10-06 12:02:29,70.97516318772837,0.08377186953682432,0,normal
2026-10-06 12:02:30,69.17157679652867,0.057051008815055204,0,normal
2026-10-06 12:02:31,69.88265254206091,0.0680732586294302,0,normal
2026-10-06 12:02:32,66.32960844588324,0.11999641929502264,0,normal
2026-10-06 12:02:33,67.50396660685193,0.07072298630191268,0,normal
2026-10-06 12:02:34,69.56685290473311,0.04817630251410616,0,normal
2026-10-06 12:02:35,70.37554705231481,0.04879858149690701,0,normal
2026-10-06 12:02:36,70.80112509945339,0.06324118332263973,0,normal
2026-10-06 12:02:37,71.31419121174355,0.07983881377965721,0,normal
2026-10-06 12:02:38,69.47527641362352,0.07241224465915001,0,normal
2026-10-06 12:02:39,71.43695498762516,0.0443602195951671,0,normal
2026-10-06 12:02:40,71.5464804242504,0.05198326772510849,0,normal
2026-10-06 12:02:41,70.42294378687725,0.08699658045809747,0,normal
2026-10-06 12:02:42,70.34262547637317,0.10095371392643132,0,normal
2026-10-06 12:02:43,67.87855216302204,0.0779486821420575,0,normal
2026-10-06 12:02:44,69.17694851984236,0.06301752604389921,0,normal
2026-10-06 12:02:45,67.39615562563617,0.10194466102273442,0,normal
2026-10-06 12:02:46,66.7301835433243,0.13107537615409293,0,normal
2026-10-06 12:02:47,66.32087836517604,0.09089083058175863,0,normal
2026-10-06 12:02:48,70.95325845774346,0.08525646816634307,0,normal
2026-10-06 12:02:49,68.24876165501661,0.04166847766108898,0,normal
2026-10-06 12:02:50,69.05381077159832,0.04175732683595525,0,normal
2026-10-06 12:02:51,68.44065148642093,0.024153719228589207,0,normal
2026-10-06 12:02:52,73.66257272341254,0.06655170600576539,0,normal
2026-10-06 12:02:53,72.88577339890065,0.10700226417363401,0,normal
2026-10-06 12:02:54,68.10452922910665,0.09300149424212097,0,normal
2026-10-06 12:02:55,65.81706626082628,0.14803226784970558,0,normal
2026-10-06 12:02:56,66.84285353058804,0.08137622357746015,0,normal
2026-10-06 12:02:57,66.83630224475459,0.0670022335836386,0,normal
2026-10-06 12:02:58,67.27938075495264,0.1532286310258443,0,normal
2026-10-06 12:02:59,69.12404079590704,0.06198562140095158,0,normal
2026-10-06 12:03:00,67.7588593673794,0.07817089441432044,0,normal
2026-10-06 12:03:01,69.86370668535041,0.07695221172455875,0,normal
2026-10-06 12:03:02,71.19267259566026,0.07134245532452842,0,normal
2026-10-06 12:03:03,71.34963474820434,0.07919155095272698,0,normal
2026-10-06 12:03:04,71.13275691765052,0.09569271388483026,0,normal
2026-10-06 12:03:05,69.17553388000324,0.09261971136793899,0,normal
2026-10-06 12:03:06,69.04038529932049,0.11909908264427738,0,normal
2026-10-06 12:03:07,69.625417365257,0.07532785144780073,0,normal
2026-10-06 12:03:08,66.03917867230277,0.06192343691403107,0,normal
2026-10-06 12:03:09,69.23391636461244,0.08004893898956446,0,normal
2026-10-06 12:03:10,67.35502256730537,0.06936415241162783,0,normal
2026-10-06 12:03:11,69.97851017628089,0.039311190193686875,0,normal
2026-10-06 12:03:12,66.62539057265691,0.09034126026387694,0,normal
2026-10-06 12:03:13,70.730856415908,0.06690537465578839,0,normal
2026-10-06 12:03:14,69.7850759955919,0.05147981949302807,0,normal
2026-10-06 12:03:15,72.44363260270093,0.06173821072280641,0,normal
2026-10-06 12:03:16,70.45794273152836,0.07585295645961354,0,normal
2026-10-06 12:03:17,68.54293166054765,0.05337511206333828,0,normal
2026-10-06 12:03:18,70.5967794922291,0.08153270252574253,0,normal
2026-10-06 12:03:19,67.31769697767578,0.10040038315800069,0,normal
2026-10-06 12:03:20,66.2708460204288,0.0877828525706249,0,normal
2026-10-06 12:03:21,66.30288716434913,0.07202628361102661,0,normal
2026-10-06 12:03:22,66.67936748095113,0.11839381246097044,0,normal
2026-10-06 12:03:23,67.36613998495223,0.10249126666606598,0,normal
2026-10-06 12:03:24,68.24817388854322,0.10862208352825187,0,normal
2026-10-06 12:03:25,71.39223313223654,0.07415201603774413,0,normal
2026-10-06 12:03:26,72.07742336277187,0.0914652199746598,0,normal
2026-10-06 12:03:27,72.65477934504514,0.11233371584194946,0,normal
2026-10-06 12:03:28,73.50720247837234,0.03198292290748851,0,normal
2026-10-06 12:03:29,70.89993926553576,0.029723153561096713,0,normal
2026-10-06 12:03:30,69.15360182614985,0.09525305373776145,0,normal
2026-10-06 12:03:31,66.6789636543653,0.10255665206956224,0,normal
2026-10-06 12:03:32,67.35708854324118,0.10794961579394086,0,normal
2026-10-06 12:03:33,67.86051949256841,0.03051051649546062,0,normal
2026-10-06 12:03:34,70.03459243461765,0.12048671316431808,0,normal
2026-10-06 12:03:35,67.64570772730988,0.0746138774497849,0,normal
2026-10-06 12:03:36,71.77870776125961,0.06033173670479347,0,normal
2026-10-06 12:03:37,72.47326855591766,0.06756307875819757,0,normal
2026-10-06 12:03:38,70.29013304961212,0.008797288562224073,0,normal
2026-10-06 12:03:39,70.34107281185487,0.054659633010078965,0,normal
2026-10-06 12:03:40,70.69534565179302,0.10700348344210919,0,normal
2026-10-06 12:03:41,68.94843498437396,0.07112629032662267,0,normal
2026-10-06 12:03:42,67.72934259682238,0.09612343939615617,0,normal
2026-10-06 12:03:43,67.79110239171665,0.08508791139815441,0,normal
2026-10-06 12:03:44,68.81145325825045,0.10376795430393355,0,normal
2026-10-06 12:03:45,64.46410290724806,0.03796868987051642,0,normal
2026-10-06 12:03:46,69.13275660918323,0.07094112097295667,0,normal
2026-10-06 12:03:47,71.08037354399985,0.1207359626288681,0,normal
2026-10-06 12:03:48,71.24066346421787,0.05349436764495147,0,normal
2026-10-06 12:03:49,72.62068258802643,0.03569890181574776,0,normal
2026-10-06 12:03:50,68.46887460201,0.03275569807251914,0,normal
2026-10-06 12:03:51,69.2851076503223,0.12348689883675168,0,normal
2026-10-06 12:03:52,73.07806438141071,0.06952473753392753,0,normal
2026-10-06 12:03:53,70.73595617485935,0.08284472527929942,0,normal
2026-10-06 12:03:54,71.31878481350354,0.0534230761269976,0,normal
2026-10-06 12:03:55,68.97373917187872,0.09073374426466402,0,normal
2026-10-06 12:03:56,69.03970760770521,0.0982710674366356,0,normal
2026-10-06 12:03:57,66.40725647031373,0.07212191210756703,0,normal
2026-10-06 12:03:58,67.31445368573463,0.07468383522738871,0,normal
2026-10-06 12:03:59,70.06815739462284,0.06823530240009426,0,normal
2026-10-06 12:04:00,69.68470500274309,0.061809265497567996,0,normal
2026-10-06 12:04:01,70.11201826902743,0.0567768327913406,0,normal
2026-10-06 12:04:02,71.9822652713205,0.06141656362238444,0,normal
2026-10-06 12:04:03,69.70103045782236,0.1593011258432912,0,normal
2026-10-06 12:04:04,68.21228050305837,0.038513846106097545,0,normal
2026-10-06 12:04:05,68.89852758469203,0.06888276577782927,0,normal
2026-10-06 12:04:06,69.00348776303565,0.12688141543562187,0,normal
2026-10-06 12:04:07,70.95766301161295,0.04094717581380818,0,normal
2026-10-06 12:04:08,66.69164158894348,0.1090875973406773,0,normal
2026-10-06 12:04:09,69.01926101925915,0.0947083224795261,0,normal
2026-10-06 12:04:10,68.96698406805655,0.08908217064105428,0,normal
2026-10-06 12:04:11,69.92920780277063,0.08482838719864827,0,normal
2026-10-06 12:04:12,71.63957373221747,0.08376937144354171,0,normal
2026-10-06 12:04:13,70.1822561936995,0.11420004733836481,0,normal
2026-10-06 12:04:14,72.32496077008479,0.04390531212838088,0,normal
2026-10-06 12:04:15,69.46589743722821,0.12341364443090108,0,normal
2026-10-06 12:04:16,72.37017619595532,0.14659287271023197,0,normal
2026-10-06 12:04:17,70.74359620590656,0.04311356347267659,0,normal
2026-10-06 12:04:18,67.80701885255706,0.0972859318997771,0,normal
2026-10-06 12:04:19,65.34349378208994,0.04571114211445861,0,normal
2026-10-06 12:04:20,67.96563068842845,0.10323860878721947,0,normal
2026-10-06 12:04:21,67.68415403304417,0.065373034528498,0,normal
2026-10-06 12:04:22,71.47889532091328,0.06702850128806584,0,normal
2026-10-06 12:04:23,72.08447454517108,0.02927254361476042,0,normal
2026-10-06 12:04:24,67.94714012925354,0.07665535937349245,0,normal
2026-10-06 12:04:25,71.71420965335969,0.05490679682665337,0,normal
2026-10-06 12:04:26,70.57283645345929,0.07913517597290856,0,normal
2026-10-06 12:04:27,70.73309559473843,0.09262718002559611,0,normal
2026-10-06 12:04:28,68.81086941440465,0.05832125810987748,0,normal
2026-10-06 12:04:29,69.80382462530379,0.11536226321292682,0,normal
2026-10-06 12:04:30,70.02370635197677,0.0766059573815024,0,normal
2026-10-06 12:04:31,67.78687010444588,0.0588848962766524,0,normal
2026-10-06 12:04:32,69.17458016002368,0.06744124226036295,0,normal
2026-10-06 12:04:33,68.15431247556955,0.12735579192278076,0,normal
2026-10-06 12:04:34,70.8064089803978,0.11011241061415676,0,normal
2026-10-06 12:04:35,69.91979527956273,0.07629148145339114,0,normal
2026-10-06 12:04:36,70.18342896364027,0.0803409743671498,0,normal
2026-10-06 12:04:37,70.466557869879,0.08358061003535064,0,normal
2026-10-06 12:04:38,70.21667319815091,0.11451396218176779,0,normal
2026-10-06 12:04:39,72.42657157015621,0.08867610464355134,0,normal
2026-10-06 12:04:40,69.9438517926517,0.07931051564749036,0,normal
2026-10-06 12:04:41,71.36757986343103,0.06849081456088772,0,normal
2026-10-06 12:04:42,69.43472642092212,0.05968871501401973,0,normal
2026-10-06 12:04:43,68.99358249265129,0.09313258129537234,0,normal
2026-10-06 12:04:44,71.21718228935482,0.09958617901347885,0,normal
2026-10-06 12:04:45,69.10709812843217,0.06437040768291497,0,normal
2026-10-06 12:04:46,69.3574157845435,0.09196544237129939,0,normal
2026-10-06 12:04:47,68.16161636626234,0.05819128385094376,0,normal
2026-10-06 12:04:48,69.5408944049792,0.04423207741587874,0,normal
2026-10-06 12:04:49,70.55569629278547,0.0549236145394142,0,normal
2026-10-06 12:04:50,69.70584938139257,0.07167014465001321,0,normal
2026-10-06 12:04:51,69.58658524234977,0.08065969195581436,0,normal
2026-10-06 12:04:52,71.17555527485307,0.08586647829187939,0,normal
2026-10-06 12:04:53,72.19702594802567,0.10647114724272605,0,normal
2026-10-06 12:04:54,67.75018430280758,0.0825641348839287,0,normal
2026-10-06 12:04:55,68.97178743583325,0.12171575949588931,0,normal
2026-10-06 12:04:56,67.17951146490427,0.10125894937841978,0,normal
2026-10-06 12:04:57,68.73463416847741,0.04137438554478805,0,normal
2026-10-06 12:04:58,68.7373932384231,0.05788322188983512,0,normal
2026-10-06 12:04:59,66.86650467600495,0.05187473175527868,0,normal
2026-10-06 12:05:00,67.72761006808909,0.0673794861432916,0,normal
2026-10-06 12:05:01,70.95683730484492,0.07348048913098343,0,normal
2026-10-06 12:05:02,71.0653658191692,0.06989955126167338,0,normal
2026-10-06 12:05:03,71.53562409425577,0.08594131823784974,0,normal
2026-10-06 12:05:04,71.72182185787352,0.09194557401507233,0,normal
2026-10-06 12:05:05,71.24154281205263,0.050254707429131754,0,normal
2026-10-06 12:05:06,72.91941109162343,0.07931942045094356,0,normal
2026-10-06 12:05:07,69.37928378255059,0.07837798839009452,0,normal
2026-10-06 12:05:08,68.31031432662249,0.0428031367103295,0,normal
2026-10-06 12:05:09,67.57920609407968,0.09882240113541527,0,normal
2026-10-06 12:05:10,70.63558314271297,0.03517090788304434,0,normal
2026-10-06 12:05:11,70.3558046193697,0.06967021742949248,0,normal
2026-10-06 12:05:12,68.5972586641803,0.05985994148064831,0,normal
2026-10-06 12:05:13,68.73394448838238,0.12058285747714663,0,normal
2026-10-06 12:05:14,69.25261528165983,0.04330217458592317,0,normal
2026-10-06 12:05:15,72.39568085796004,0.05782471875561515,0,normal
2026-10-06 12:05:16,72.39212992228549,0.10483075374069872,0,normal
2026-10-06 12:05:17,70.59874303153909,0.0750662837089261,0,normal
2026-10-06 12:05:18,66.71446884283507,0.09894382511182058,0,normal
2026-10-06 12:05:19,66.78512733766664,0.06727058864663016,0,normal
2026-10-06 12:05:20,68.80015500858664,0.08871645542367854,0,normal
2026-10-06 12:05:21,68.00149285870425,0.05829806800173529,0,normal
2026-10-06 12:05:22,68.36911925944695,0.053999497173259414,0,normal
2026-10-06 12:05:23,68.49807965238365,0.06792658265365473,0,normal
2026-10-06 12:05:24,68.80905821596664,0.07614168426616932,0,normal
2026-10-06 12:05:25,70.75455524538934,0.06353063164325469,0,normal
2026-10-06 12:05:26,70.59409999952639,0.10292976434224684,0,normal
2026-10-06 12:05:27,68.50723157886608,0.08510164006646893,0,normal
2026-10-06 12:05:28,70.0420523781621,0.0765149779112956,0,normal
2026-10-06 12:05:29,70.76177580607006,0.14336813139243737,0,normal
2026-10-06 12:05:30,68.99231389478165,0.10274640305941592,0,normal
2026-10-06 12:05:31,69.83593225024953,0.07418682982190097,0,normal
2026-10-06 12:05:32,70.82794680001813,0.045018078705223785,0,normal
2026-10-06 12:05:33,66.04014499597369,0.06790553943546138,0,normal
2026-10-06 12:05:34,73.09087701545036,0.010853987777913549,0,normal
2026-10-06 12:05:35,68.11520870024957,0.09796619755686947,0,normal
2026-10-06 12:05:36,69.34992047319491,0.08384872853257785,0,normal
2026-10-06 12:05:37,71.22044241634752,0.13244212453697393,0,normal
2026-10-06 12:05:38,68.79398281496674,0.09168168562885694,0,normal
2026-10-06 12:05:39,71.22827373368106,0.08825957749507031,0,normal
2026-10-06 12:05:40,70.91870578085037,0.06363642603011198,0,normal
2026-10-06 12:05:41,69.55081431302133,0.07369837263626142,0,normal
2026-10-06 12:05:42,70.03194010117349,0.0913155637676869,0,normal
2026-10-06 12:05:43,67.83825286531591,0.08795045739106754,0,normal
2026-10-06 12:05:44,68.36390870498141,0.050115851443510634,0,normal
2026-10-06 12:05:45,65.72182614809002,0.12385709989207681,0,normal
2026-10-06 12:05:46,69.15723197803521,0.10482988422574477,0,normal
2026-10-06 12:05:47,70.24416235094719,0.04239134690868241,0,normal
2026-10-06 12:05:48,72.29515134553938,0.06481898213572916,0,normal
2026-10-06 12:05:49,69.27136572432826,0.06413250905902979,0,normal
2026-10-06 12:05:50,71.82139548864151,0.05728027371776405,0,normal
2026-10-06 12:05:51,70.7007179908778,0.07126714067280858,0,normal
2026-10-06 12:05:52,72.30730431423385,0.07715822227454468,0,normal
2026-10-06 12:05:53,68.04887327838205,0.05505242175785209,0,normal
2026-10-06 12:05:54,68.6563149223577,0.09478223324348443,0,normal
2026-10-06 12:05:55,68.7418474973874,0.0987656529586696,0,normal
2026-10-06 12:05:56,70.70666336037078,0.0498453845376932,0,normal
2026-10-06 12:05:57,65.58512230699252,0.090840899048983,0,normal
2026-10-06 12:05:58,69.40450991661734,0.08766721423272666,0,normal
2026-10-06 12:05:59,68.80015472227616,0.0512773600107318,0,normal
2026-10-06 12:06:00,70.16996362484802,0.04467535142192933,0,normal
2026-10-06 12:06:01,69.55318837296983,0.07881842424473572,0,normal
2026-10-06 12:06:02,68.66989378818955,0.0663502315291081,0,normal
2026-10-06 12:06:03,73.03677309204615,0.029563622998556374,0,normal
2026-10-06 12:06:04,69.32313925040606,0.06949940741701738,0,normal
2026-10-06 12:06:05,70.60539714695398,0.0690275193486755,0,normal
2026-10-06 12:06:06,68.06392284349525,0.0945998580447137,0,normal
2026-10-06 12:06:07,69.28161521675034,0.06848357957927292,0,normal
2026-10-06 12:06:08,70.10621401079517,0.09702195707208221,0,normal
2026-10-06 12:06:09,68.61200982125598,0.09656357170551172,0,normal
2026-10-06 12:06:10,67.40212586842044,0.13139147273730767,0,normal
2026-10-06 12:06:11,68.69293270611736,0.11170043140688163,0,normal
2026-10-06 12:06:12,70.17413476741864,0.07632559217464416,0,normal
2026-10-06 12:06:13,68.1992208478838,0.0708605878349301,0,normal
2026-10-06 12:06:14,71.7497205424025,0.055679429160467704,0,normal
2026-10-06 12:06:15,71.34967073299735,0.04860344020443477,0,normal
2026-10-06 12:06:16,70.4867346094598,0.06032381200529196,0,normal
2026-10-06 12:06:17,71.26624108088527,0.11763664866272475,0,normal
2026-10-06 12:06:18,70.44263374736592,0.10892616901854224,0,normal
2026-10-06 12:06:19,68.93992703072101,0.0584511434178199,0,normal
2026-10-06 12:06:20,68.05238374054865,0.048877838759651696,0,normal
2026-10-06 12:06:21,67.28106971868084,0.06499225181981186,0,normal
2026-10-06 12:06:22,68.9777326911659,0.057369414037352004,0,normal
2026-10-06 12:06:23,71.3169765224432,0.06282314882328735,0,normal
2026-10-06 12:06:24,70.5242385786161,0.08817324445417285,0,normal
2026-10-06 12:06:25,71.5238817221993,0.0822931399032523,0,normal
2026-10-06 12:06:26,69.06070797163912,0.10505979735219034,0,normal
2026-10-06 12:06:27,68.85984572084863,0.06352876885304343,0,normal
2026-10-06 12:06:28,71.9559892883085,0.09633079178930819,0,normal
2026-10-06 12:06:29,69.5386864116872,0.08536646062605213,0,normal
2026-10-06 12:06:30,71.41031295893814,0.09379652398975592,0,normal
2026-10-06 12:06:31,68.59294779081583,0.0937687313774913,0,normal
2026-10-06 12:06:32,68.14691346494483,0.03705262555422768,0,normal
2026-10-06 12:06:33,68.80936517050937,0.08536569283765964,0,normal
2026-10-06 12:06:34,67.81511223237968,0.06120088668662045,0,normal
2026-10-06 12:06:35,65.53160272106923,0.07663362495456624,0,normal
2026-10-06 12:06:36,71.69176094977313,0.09530652924532879,0,normal
2026-10-06 12:06:37,69.95875439207823,0.11258919707416781,0,normal
2026-10-06 12:06:38,71.63677244703548,0.04219743611371597,0,normal
2026-10-06 12:06:39,70.28082074037255,0.11598745090769319,0,normal
2026-10-06 12:06:40,70.42736166328069,0.10058034347461511,0,normal
2026-10-06 12:06:41,70.25166060971705,0.09481572653365238,0,normal
2026-10-06 12:06:42,70.73185324377356,0.08707919451810994,0,normal
2026-10-06 12:06:43,69.59461643684473,0.09507464014030378,0,normal
2026-10-06 12:06:44,66.04303173306647,0.08526008068505252,0,normal
2026-10-06 12:06:45,69.13626180775157,0.07678628705680447,0,normal
2026-10-06 12:06:46,68.6201585143045,0.06810043026511232,0,normal
2026-10-06 12:06:47,68.84427301211544,0.0819119558330108,0,normal
2026-10-06 12:06:48,71.08554796160549,0.04362816325158877,0,normal
2026-10-06 12:06:49,67.42549329755339,0.07490146998983366,0,normal
2026-10-06 12:06:50,71.37953681911866,0.08834032208125911,0,normal
2026-10-06 12:06:51,71.11999395653133,0.04532838248973483,0,normal
2026-10-06 12:06:52,72.17531963793529,0.06976006353859782,0,normal
2026-10-06 12:06:53,71.19427789989857,0.09967476887519207,0,normal
2026-10-06 12:06:54,71.10823324008702,0.07797797124929454,0,normal
2026-10-06 12:06:55,67.27434581657256,0.05269807021938781,0,normal
2026-10-06 12:06:56,69.88498887202289,0.09101998970442397,0,normal
2026-10-06 12:06:57,66.21013741867893,0.008124231724984221,0,normal
2026-10-06 12:06:58,68.2644615189157,0.06443682028153387,0,normal
2026-10-06 12:06:59,68.3309258438451,0.13785835384753287,0,normal
2026-10-06 12:07:00,70.63582227932503,0.12450042872463901,0,normal
2026-10-06 12:07:01,70.18978606976998,0.03561176766827791,0,normal
2026-10-06 12:07:02,71.7066879268983,0.09341657738610232,0,normal
2026-10-06 12:07:03,72.0476188935103,0.11918711417241512,0,normal
2026-10-06 12:07:04,70.59977988996702,0.04974118125061237,0,normal
2026-10-06 12:07:05,71.81983575094495,0.04379326703508691,0,normal
2026-10-06 12:07:06,70.07983238393929,0.08608098407349053,0,normal
2026-10-06 12:07:07,66.1621312804386,0.05565315118203261,0,normal
2026-10-06 12:07:08,66.91277681125602,0.106797816701135,0,normal
2026-10-06 12:07:09,66.99489694413741,0.07674284488190332,0,normal
2026-10-06 12:07:10,68.16691619727786,0.06633648985680801,0,normal
2026-10-06 12:07:11,68.18639071003521,0.04153822429146748,0,normal
2026-10-06 12:07:12,70.43743496269079,0.08387589849982731,0,normal
2026-10-06 12:07:13,69.56222556221351,0.05556154445607297,0,normal
2026-10-06 12:07:14,72.28376539136086,0.05220199717252945,0,normal
2026-10-06 12:07:15,71.8544372337781,0.10464440465722089,0,normal
2026-10-06 12:07:16,68.60767966389928,0.07425366839999235,0,normal
2026-10-06 12:07:17,70.28831024585706,0.09891492304516593,0,normal
2026-10-06 12:07:18,68.68817693513962,0.08248396618016945,0,normal
2026-10-06 12:07:19,69.88703075238232,0.08751985215706966,0,normal
2026-10-06 12:07:20,70.70669222332089,0.09362954682703865,0,normal
2026-10-06 12:07:21,66.0981787483476,0.08868850336013574,0,normal
2026-10-06 12:07:22,67.99606701472423,0.06082697662793838,0,normal
2026-10-06 12:07:23,72.39620179478736,0.0945728718765107,0,normal
2026-10-06 12:07:24,67.94159708748585,0.08191122956244203,0,normal
2026-10-06 12:07:25,71.36337641972649,0.06897398921265963,0,normal
2026-10-06 12:07:26,68.08964037060584,0.021907843856637695,0,normal
2026-10-06 12:07:27,70.95546293100547,0.08488645882555029,0,normal
2026-10-06 12:07:28,70.4449881911351,0.06556876767658433,0,normal
2026-10-06 12:07:29,68.54434796997933,0.028893400887701877,0,normal
2026-10-06 12:07:30,67.93414363800557,0.03980299676996194,0,normal
2026-10-06 12:07:31,70.2969426824017,0.06297262074849701,0,normal
2026-10-06 12:07:32,68.25342812020102,0.08802240281569447,0,normal
2026-10-06 12:07:33,70.36930534438832,0.08395344967269432,0,normal
2026-10-06 12:07:34,67.23175451721512,0.05180311388402887,0,normal
2026-10-06 12:07:35,68.39262514864431,0.06758555900053714,0,normal
2026-10-06 12:07:36,71.88837811953186,0.06850083230355672,0,normal
2026-10-06 12:07:37,73.43141820469246,0.06478701304735841,0,normal
2026-10-06 12:07:38,72.3235772291157,0.06603677664248514,0,normal
2026-10-06 12:07:39,71.93898272432999,0.10183416311701941,0,normal
2026-10-06 12:07:40,72.04562665167434,0.1166654168191649,0,normal
2026-10-06 12:07:41,70.44927801122998,0.08875263010794782,0,normal
2026-10-06 12:07:42,73.13046899797246,0.0749959323370141,0,normal
2026-10-06 12:07:43,70.60896540986724,0.07463705197997253,0,normal
2026-10-06 12:07:44,67.41078073205735,0.09971370238662783,0,normal
2026-10-06 12:07:45,70.35033864768907,0.05119383539934662,0,normal
2026-10-06 12:07:46,68.01271932909025,0.08866345692243682,0,normal
2026-10-06 12:07:47,69.1293102878134,0.04252557508400658,0,normal
2026-10-06 12:07:48,70.46215823807229,0.07957147138827422,0,normal
2026-10-06 12:07:49,69.13967585648933,0.04784687862500481,0,normal
2026-10-06 12:07:50,71.96191946621191,0.07770060826313455,0,normal
2026-10-06 12:07:51,74.56917232130789,0.08512943370842024,0,normal
2026-10-06 12:07:52,69.68953954722848,0.08041647840671441,0,normal
2026-10-06 12:07:53,68.13981297765125,0.05615238644097342,0,normal
2026-10-06 12:07:54,69.35244827265373,0.05764462500175867,0,normal
2026-10-06 12:07:55,68.35656165871978,0.09616197241797468,0,normal
2026-10-06 12:07:56,70.28760940754306,0.0755690244623416,0,normal
2026-10-06 12:07:57,66.66257898699814,0.09545110702863663,0,normal
2026-10-06 12:07:58,71.42331313909094,0.1153226777329146,0,normal
2026-10-06 12:07:59,67.40460189452645,0.06923298721907956,0,normal
2026-10-06 12:08:00,70.44925864388195,0.1048412447534854,0,normal
2026-10-06 12:08:01,73.7377488262648,0.09340783528391285,0,normal
2026-10-06 12:08:02,73.25421291658826,0.08960647549861105,0,normal
2026-10-06 12:08:03,72.8269679979581,0.056172488366618444,0,normal
2026-10-06 12:08:04,71.08592983379289,0.12682856379217328,0,normal
2026-10-06 12:08:05,71.02417355438591,0.0656412889314573,0,normal
2026-10-06 12:08:06,68.67196927953272,0.06838003980256789,0,normal
2026-10-06 12:08:07,71.7119881772127,0.055160212126268496,0,normal
2026-10-06 12:08:08,67.85077986871885,0.08139956195172995,0,normal
2026-10-06 12:08:09,67.78416135559984,0.07545158293867327,0,normal
2026-10-06 12:08:10,68.35270120803074,0.07409875862260969,0,normal
2026-10-06 12:08:11,68.8183485172624,0.11455234324710889,0,normal
2026-10-06 12:08:12,68.90972396603856,0.05571969010809752,0,normal
2026-10-06 12:08:13,70.40887703777774,0.07349295919004631,0,normal
2026-10-06 12:08:14,70.64070738495212,0.07393550792001313,0,normal
2026-10-06 12:08:15,72.28145149519828,0.07984424083281692,0,normal
2026-10-06 12:08:16,72.20441099322959,0.09580741922885576,0,normal
2026-10-06 12:08:17,70.34015506890344,0.10894484061662357,0,normal
2026-10-06 12:08:18,69.48281157917336,0.0797061371666196,0,normal
2026-10-06 12:08:19,65.31732519835953,0.041844039367157325,0,normal
2026-10-06 12:08:20,120.54662516133321,0.06620305578218862,1,spike
2026-10-06 12:08:21,119.18736550945333,0.06126659815853211,1,spike
2026-10-06 12:08:22,119.01531758381084,0.04147316273283761,1,spike
2026-10-06 12:08:23,122.5446336570821,0.06359860298946537,1,spike
2026-10-06 12:08:24,120.77396092002776,0.048029272447801676,1,spike
2026-10-06 12:08:25,70.50966153941286,0.05451764330113487,0,normal
2026-10-06 12:08:26,73.51085835353153,0.1117845438256789,0,normal
2026-10-06 12:08:27,72.5472196951673,0.03721408046996025,0,normal
2026-10-06 12:08:28,71.12656867082092,0.054581972118108696,0,normal
2026-10-06 12:08:29,69.95938487621622,0.08810363628814562,0,normal
2026-10-06 12:08:30,69.79547428164571,0.07540569265815915,0,normal
2026-10-06 12:08:31,64.84712878920577,0.05554022755765439,0,normal
2026-10-06 12:08:32,69.70606757469285,0.09149451283918454,0,normal
2026-10-06 12:08:33,68.3411395097045,0.0659418924470713,0,normal
2026-10-06 12:08:34,70.58412260079811,0.09842834291037202,0,normal
2026-10-06 12:08:35,70.36053871097904,0.07701733792197483,0,normal
2026-10-06 12:08:36,70.75726474848949,0.06245989076951863,0,normal
2026-10-06 12:08:37,74.38871093923503,0.10796730935127341,0,normal
2026-10-06 12:08:38,71.77708695649908,0.05390394646370764,0,normal
2026-10-06 12:08:39,71.95285810819969,0.05348265806842387,0,normal
2026-10-06 12:08:40,71.82683850577708,0.09875025867693843,0,normal
2026-10-06 12:08:41,74.44850470775526,0.07479446381670155,0,normal
2026-10-06 12:08:42,70.44072816346863,0.09589057780951586,0,normal
2026-10-06 12:08:43,65.23441616762098,0.07496881444417995,0,normal
2026-10-06 12:08:44,68.5435215764508,0.07624086201048322,0,normal
2026-10-06 12:08:45,68.30753037256326,0.05706898326213129,0,normal
2026-10-06 12:08:46,69.64345826062295,0.07523461673500524,0,normal
2026-10-06 12:08:47,69.12198192163632,0.07484899010732451,0,normal
2026-10-06 12:08:48,68.65989357134329,0.09329251991712406,0,normal
2026-10-06 12:08:49,68.96978555521974,0.10487222467186293,0,normal
2026-10-06 12:08:50,70.93901192117413,0.08786977932246347,0,normal
2026-10-06 12:08:51,72.07724680825528,0.07114209101604947,0,normal
2026-10-06 12:08:52,73.47741058706033,0.07533269733507283,0,normal
2026-10-06 12:08:53,72.99791245460447,0.08551612373829298,0,normal
2026-10-06 12:08:54,69.26175491943236,0.06956078068849245,0,normal
2026-10-06 12:08:55,68.42426498264547,0.05065437722424708,0,normal
2026-10-06 12:08:56,68.63254362445356,0.09255376940471581,0,normal
2026-10-06 12:08:57,64.50552727996038,0.08965629525923799,0,normal
2026-10-06 12:08:58,70.43587161967645,0.1153713848472535,0,normal
2026-10-06 12:08:59,67.35944197109674,0.0863646395775472,0,normal
2026-10-06 12:09:00,69.95810553460149,0.06759313051424704,0,normal
2026-10-06 12:09:01,68.69433778292985,0.07923254996132696,0,normal
2026-10-06 12:09:02,71.18940276864372,0.04941280901017496,0,normal
2026-10-06 12:09:03,71.69510489819224,0.07774563901680398,0,normal
2026-10-06 12:09:04,69.96071747133169,0.056472699849923674,0,normal
2026-10-06 12:09:05,71.3941813325508,0.0755089145115202,0,normal
2026-10-06 12:09:06,69.64906797003214,0.14735290009053698,0,normal
2026-10-06 12:09:07,70.30118710923676,0.09527867839514789,0,normal
2026-10-06 12:09:08,67.35033000505443,0.09424077070942158,0,normal
2026-10-06 12:09:09,68.14318296820629,0.13241760558592797,0,normal
2026-10-06 12:09:10,68.90286885381924,0.07259935860868134,0,normal
2026-10-06 12:09:11,68.12134773874794,0.043844498919758806,0,normal
2026-10-06 12:09:12,66.79975281780183,0.06756802144708643,0,normal
2026-10-06 12:09:13,71.4977434343161,0.07837819135046738,0,normal
2026-10-06 12:09:14,71.13741797018831,0.0849570349388036,0,normal
2026-10-06 12:09:15,72.16891594574427,0.08316502666507233,0,normal
2026-10-06 12:09:16,69.6022040968207,0.09428869177618752,0,normal
2026-10-06 12:09:17,71.83343429345055,0.040871133141892405,0,normal
2026-10-06 12:09:18,71.02503052655979,0.09733152542528718,0,normal
2026-10-06 12:09:19,69.195893934308,0.05971580520197267,0,normal
2026-10-06 12:09:20,70.14338984251302,0.04458893036242328,0,normal
2026-10-06 12:09:21,64.96023704632347,0.06899130292295874,0,normal
2026-10-06 12:09:22,67.09200013544886,0.11994090535840655,0,normal
2026-10-06 12:09:23,67.40731351701295,0.0672304735771493,0,normal
2026-10-06 12:09:24,67.76835749994702,0.032301837083365044,0,normal
2026-10-06 12:09:25,69.73740029288464,0.07749983081472353,0,normal
2026-10-06 12:09:26,71.31900612973607,0.07797360331678016,0,normal
2026-10-06 12:09:27,73.78510668079305,0.10320762845284376,0,normal
2026-10-06 12:09:28,71.4054736451425,0.09946058809257713,0,normal
2026-10-06 12:09:29,71.62933057206706,0.07047335217949505,0,normal
2026-10-06 12:09:30,69.51101233080541,0.09120036905819523,0,normal
2026-10-06 12:09:31,71.88233695896453,0.08742728457184462,0,normal
2026-10-06 12:09:32,67.37789473928107,0.031069696470308314,0,normal
2026-10-06 12:09:33,66.80761150186657,0.11187449747967886,0,normal
2026-10-06 12:09:34,68.9630073557259,0.09275985589076996,0,normal
2026-10-06 12:09:35,72.02455609239338,0.02907549872972475,0,normal
2026-10-06 12:09:36,69.42015145101654,0.10512583199165085,0,normal
2026-10-06 12:09:37,70.36779637209295,0.04908048220482908,0,normal
2026-10-06 12:09:38,73.50891277999028,0.0847159699783259,0,normal
2026-10-06 12:09:39,69.72821447078167,0.036745393227439985,0,normal
2026-10-06 12:09:40,69.84943359143604,0.08489314087404319,0,normal
2026-10-06 12:09:41,68.04546625412938,0.10145588180341941,0,normal
2026-10-06 12:09:42,66.19648562673636,0.1003396682291875,0,normal
2026-10-06 12:09:43,67.36320848346685,0.10168922973946512,0,normal
2026-10-06 12:09:44,65.90802732152926,0.09262924201087958,0,normal
2026-10-06 12:09:45,66.65093954136303,0.08026878191164119,0,normal
2026-10-06 12:09:46,70.7923260671607,0.08384100233356542,0,normal
2026-10-06 12:09:47,67.77668834919938,0.10100470818158062,0,normal
2026-10-06 12:09:48,68.81837089522402,0.09986820270722742,0,normal
2026-10-06 12:09:49,72.55117254250594,0.08567200247254496,0,normal
2026-10-06 12:09:50,71.27050858750957,0.0675628892694134,0,normal
2026-10-06 12:09:51,73.79507529349468,0.08348352873411097,0,normal
2026-10-06 12:09:52,72.51084800577419,0.08058022168427907,0,normal
2026-10-06 12:09:53,70.59838743030224,0.043666892352560945,0,normal
2026-10-06 12:09:54,72.96551729296414,0.09110784571236208,0,normal
2026-10-06 12:09:55,70.29094589409094,0.09706036561835141,0,normal
2026-10-06 12:09:56,67.68652565355177,0.12413076545840282,0,normal
2026-10-06 12:09:57,66.70160981476327,0.10976927210514646,0,normal
2026-10-06 12:09:58,72.21482894542794,0.08796560190034437,0,normal
2026-10-06 12:09:59,68.38394478982501,0.04588272761061351,0,normal
2026-10-06 12:10:00,71.07125145544516,0.08943184482549771,0,normal
2026-10-06 12:10:01,71.47943664726849,0.06984329159268654,0,normal
2026-10-06 12:10:02,72.57451778806094,0.05533212411999815,0,normal
2026-10-06 12:10:03,73.81104187881007,0.09890665942691251,0,normal
2026-10-06 12:10:04,67.38777237748971,0.09550245319089581,0,normal
2026-10-06 12:10:05,70.072419023527,0.04104423523341465,0,normal
2026-10-06 12:10:06,69.86072276704093,0.06457845579760929,0,normal
2026-10-06 12:10:07,71.5240732828102,0.07724316474731975,0,normal
2026-10-06 12:10:08,67.90447336525428,0.1058318285900572,0,normal
2026-10-06 12:10:09,67.44183260389676,0.05338978139749971,0,normal
2026-10-06 12:10:10,69.77029341667905,0.10336962850919777,0,normal
2026-10-06 12:10:11,68.40512049885955,0.07528878598771699,0,normal
2026-10-06 12:10:12,71.10732433576932,0.09997985144206113,0,normal
2026-10-06 12:10:13,73.1041940463112,0.0828337334380868,0,normal
2026-10-06 12:10:14,73.56943058076288,0.08737292010901009,0,normal
2026-10-06 12:10:15,70.22439621578114,0.10518804244935216,0,normal
2026-10-06 12:10:16,68.28830750809982,0.03973319448268985,0,normal
2026-10-06 12:10:17,71.56006054931692,0.08585497644280449,0,normal
2026-10-06 12:10:18,69.76189316460461,0.10661848670900137,0,normal
2026-10-06 12:10:19,71.95838462047072,0.10052447026290076,0,normal
2026-10-06 12:10:20,66.28583786631783,0.04420683095217338,0,normal
2026-10-06 12:10:21,69.49191898244875,0.09290407437219614,0,normal
2026-10-06 12:10:22,67.70331540602982,0.09328144024926394,0,normal
2026-10-06 12:10:23,69.65538279496494,0.07529840779261578,0,normal
2026-10-06 12:10:24,71.41339121831655,0.04732340982175359,0,normal
2026-10-06 12:10:25,71.31838966594779,0.046912748254734786,0,normal
2026-10-06 12:10:26,71.66703703146048,0.09236858735906742,0,normal
2026-10-06 12:10:27,72.8545784240478,0.08771921474354553,0,normal
2026-10-06 12:10:28,71.49096524532891,0.09823552820582115,0,normal
2026-10-06 12:10:29,70.63848330647963,0.04586388197734581,0,normal
2026-10-06 12:10:30,72.3278718064384,0.07115618716281363,0,normal
2026-10-06 12:10:31,66.03803506967024,0.14370493973041681,0,normal
2026-10-06 12:10:32,69.877924875452,0.10650275063270492,0,normal
2026-10-06 12:10:33,71.19347783979205,0.06053893113510689,0,normal
2026-10-06 12:10:34,69.50627543120005,0.08730299615315083,0,normal
2026-10-06 12:10:35,70.77218969858572,0.08525587442423743,0,normal
2026-10-06 12:10:36,72.09682721616743,0.03864813488138912,0,normal
2026-10-06 12:10:37,73.16152955411701,0.05783078194544394,0,normal
2026-10-06 12:10:38,69.82823536547893,0.04809486967044903,0,normal
2026-10-06 12:10:39,72.64247575405062,0.12200826241698247,0,normal
2026-10-06 12:10:40,75.01185912177158,0.06488411627312163,0,normal
2026-10-06 12:10:41,69.26878031344962,0.05072419923826838,0,normal
2026-10-06 12:10:42,70.1182342087203,0.07814350951160173,0,normal
2026-10-06 12:10:43,68.5360853516145,0.057689383903609184,0,normal
2026-10-06 12:10:44,67.68623735597917,0.06905094014560087,0,normal
2026-10-06 12:10:45,68.769524029039,0.09414603752958682,0,normal
2026-10-06 12:10:46,67.95183187225626,0.06793002435371118,0,normal
2026-10-06 12:10:47,67.5773360340195,0.07256070245058233,0,normal
2026-10-06 12:10:48,67.83689631494886,0.05141509997440924,0,normal
2026-10-06 12:10:49,72.59594473485285,0.06393626979762508,0,normal
2026-10-06 12:10:50,74.42862805782512,0.11786608695146726,0,normal
2026-10-06 12:10:51,74.48283588504643,0.06745004664612247,0,normal
2026-10-06 12:10:52,69.98340130032602,0.09703564300874545,0,normal
2026-10-06 12:10:53,68.71177463329091,0.10998311637808908,0,normal
2026-10-06 12:10:54,69.64829488902967,0.062457388689857035,0,normal
2026-10-06 12:10:55,70.46717349939587,0.050425234835500876,0,normal
2026-10-06 12:10:56,68.41216621376255,0.055043165594448634,0,normal
2026-10-06 12:10:57,70.87595225853212,0.07919948033871949,0,normal
2026-10-06 12:10:58,70.34609689911983,0.060720178806443995,0,normal
2026-10-06 12:10:59,69.82180914581195,0.06273782666640063,0,normal
2026-10-06 12:11:00,68.72839568950147,0.08320820908095705,0,normal
2026-10-06 12:11:01,70.26390040677904,0.0709974530762301,0,normal
2026-10-06 12:11:02,73.88097040966073,0.0850988526482439,0,normal
2026-10-06 12:11:03,70.87938602965775,0.06567392006588768,0,normal
2026-10-06 12:11:04,70.91922635660141,0.06748049126051528,0,normal
2026-10-06 12:11:05,69.05178286836394,0.07045699979508374,0,normal
2026-10-06 12:11:06,71.71167539778646,0.09433779105232905,0,normal
2026-10-06 12:11:07,69.21165336331269,0.05431739508696287,0,normal
2026-10-06 12:11:08,69.05260349281188,0.11350474860453375,0,normal
2026-10-06 12:11:09,66.00744870728478,0.0842231468282765,0,normal
2026-10-06 12:11:10,68.00362676932905,0.12577659995100096,0,normal
2026-10-06 12:11:11,67.49545216730856,0.11222393049168658,0,normal
2026-10-06 12:11:12,70.34924675319316,0.08206762260089207,0,normal
2026-10-06 12:11:13,73.35549073226417,0.04686006553857037,0,normal
2026-10-06 12:11:14,69.59868141947221,0.10204096484556861,0,normal
2026-10-06 12:11:15,69.05195741821649,0.04989595564936203,0,normal
2026-10-06 12:11:16,71.54131737532809,0.06274833460587217,0,normal
2026-10-06 12:11:17,71.93483081159508,0.03895004212122763,0,normal
2026-10-06 12:11:18,69.27739459900127,0.08327597148247087,0,normal
2026-10-06 12:11:19,68.7239273463683,0.1243928134673378,0,normal
2026-10-06 12:11:20,69.15995712483166,0.024752184948239934,0,normal
2026-10-06 12:11:21,68.41428454477845,0.05149157107489453,0,normal
2026-10-06 12:11:22,69.31548431060465,0.09021488816005457,0,normal
2026-10-06 12:11:23,67.80101211930206,0.07171817093628687,0,normal
2026-10-06 12:11:24,68.64744996967798,0.08487180032794477,0,normal
2026-10-06 12:11:25,70.82268990695377,0.09199960343905317,0,normal
2026-10-06 12:11:26,72.74084116804717,0.053946217574695754,0,normal
2026-10-06 12:11:27,72.43232910625363,0.04292223121859348,0,normal
2026-10-06 12:11:28,71.05246911022017,0.027396926092562286,0,normal
2026-10-06 12:11:29,71.42220529305555,0.061006465902063906,0,normal
2026-10-06 12:11:30,68.9732884797853,0.08988303813328942,0,normal
2026-10-06 12:11:31,69.0853325118326,0.07255540865883181,0,normal
2026-10-06 12:11:32,66.4629529147569,0.07586981507563181,0,normal
2026-10-06 12:11:33,66.48189063913567,0.08731953717874097,0,normal
2026-10-06 12:11:34,64.47655424569092,0.09466543917730935,0,normal
2026-10-06 12:11:35,71.60358926616522,0.08960663132271665,0,normal
2026-10-06 12:11:36,71.0338811243776,0.08938367714744447,0,normal
2026-10-06 12:11:37,71.93808114446162,0.13154176841708307,0,normal
2026-10-06 12:11:38,72.34812799212708,0.08326974013119177,0,normal
2026-10-06 12:11:39,72.07308725921766,0.0698882048650638,0,normal
2026-10-06 12:11:40,71.58454467963,0.09936457874544348,0,normal
2026-10-06 12:11:41,70.13128822181989,0.1060126370855025,0,normal
2026-10-06 12:11:42,70.90064420230043,0.08779215007208828,0,normal
2026-10-06 12:11:43,69.31916213768939,0.05709420040249653,0,normal
2026-10-06 12:11:44,68.4070440517447,0.0590871021251557,0,normal
2026-10-06 12:11:45,68.05697489382744,0.0933465791026582,0,normal
2026-10-06 12:11:46,67.60001966435942,0.06281447638654471,0,normal
2026-10-06 12:11:47,69.33068573476164,0.083192909784735,0,normal
2026-10-06 12:11:48,68.15162034433021,0.059802041194365246,0,normal
2026-10-06 12:11:49,69.38101325716549,0.060361636605686095,0,normal
2026-10-06 12:11:50,71.79867050572085,0.11298152668059488,0,normal
2026-10-06 12:11:51,73.92557928562252,0.10846728977778883,0,normal
2026-10-06 12:11:52,71.57396804419929,0.07136615912455985,0,normal
2026-10-06 12:11:53,70.58808948202969,0.07978952188314943,0,normal
2026-10-06 12:11:54,71.01233343567505,0.09978159547496095,0,normal
2026-10-06 12:11:55,70.85914008515968,0.072448068331567,0,normal
2026-10-06 12:11:56,71.05856359228865,0.09197253595366145,0,normal
2026-10-06 12:11:57,68.77429526239803,0.054452674689283956,0,normal
2026-10-06 12:11:58,70.75061366904687,0.058960295970285986,0,normal
2026-10-06 12:11:59,68.73615640951103,0.04990559515309402,0,normal
2026-10-06 12:12:00,67.46624939015368,0.06401186060178085,0,normal
2026-10-06 12:12:01,73.3014966860929,0.06115447283519226,0,normal
2026-10-06 12:12:02,72.52396263080209,0.13461860109605386,0,normal
2026-10-06 12:12:03,71.3969193443395,0.05804606209514407,0,normal
2026-10-06 12:12:04,71.6047014232417,0.04526373905471405,0,normal
2026-10-06 12:12:05,72.62606747850488,0.1097150248631515,0,normal
2026-10-06 12:12:06,70.63601939134436,0.02735667546634489,0,normal
2026-10-06 12:12:07,66.84686608614936,0.06904716454619889,0,normal
2026-10-06 12:12:08,70.36338552796809,0.07860040300859479,0,normal
2026-10-06 12:12:09,70.9638398827501,0.08177626288861443,0,normal
2026-10-06 12:12:10,70.96607653278026,0.07012546118590618,0,normal
2026-10-06 12:12:11,70.283355359665,0.08172774518770265,0,normal
2026-10-06 12:12:12,71.35094852372295,0.07672199809176009,0,normal
2026-10-06 12:12:13,70.0959770487147,0.09772926933056934,0,normal
2026-10-06 12:12:14,72.32589990224486,0.08552813019128579,0,normal
2026-10-06 12:12:15,71.28990127729308,0.1151226947438215,0,normal
2026-10-06 12:12:16,69.75388840173919,0.07144468072213918,0,normal
2026-10-06 12:12:17,69.75322475758512,0.08978244858680787,0,normal
2026-10-06 12:12:18,69.64891269757698,0.07259018126044924,0,normal
2026-10-06 12:12:19,69.8463111668836,0.06880351947876528,0,normal
2026-10-06 12:12:20,69.11670391387234,0.07886524726838884,0,normal
2026-10-06 12:12:21,71.12771450120977,0.09240574985377854,0,normal
2026-10-06 12:12:22,67.55435508037996,0.10049052181485651,0,normal
2026-10-06 12:12:23,72.25412585893156,0.08559884583793725,0,normal
2026-10-06 12:12:24,71.35961353614773,0.12081388658272793,0,normal
2026-10-06 12:12:25,70.6474924263767,0.08998337669712621,0,normal
2026-10-06 12:12:26,69.55234035209824,0.07072084160977576,0,normal
2026-10-06 12:12:27,72.9801788963437,0.09709635486162563,0,normal
2026-10-06 12:12:28,69.53842161808569,0.09807741610697952,0,normal
2026-10-06 12:12:29,73.47068750392819,0.07852159849225573,0,normal
2026-10-06 12:12:30,69.0,0.054875532214540015,1,dropout
2026-10-06 12:12:31,69.0,0.05504228249839542,1,dropout
2026-10-06 12:12:32,69.0,0.04640074329671017,1,dropout
2026-10-06 12:12:33,69.0,0.05358411156361215,1,dropout
2026-10-06 12:12:34,69.0,0.040855982785741575,1,dropout
2026-10-06 12:12:35,69.0,0.04436717585611815,1,dropout
2026-10-06 12:12:36,69.0,0.061242618537720825,1,dropout
2026-10-06 12:12:37,69.0,0.036794365032281826,1,dropout
2026-10-06 12:12:38,69.0,0.033853171223150805,1,dropout
2026-10-06 12:12:39,69.0,0.05769699485705827,1,dropout
2026-10-06 12:12:40,69.0,0.04666508594905029,1,dropout
2026-10-06 12:12:41,69.0,0.0349571825941329,1,dropout
2026-10-06 12:12:42,69.0,0.046416554117858305,1,dropout
2026-10-06 12:12:43,69.0,0.06509665962149885,1,dropout
2026-10-06 12:12:44,69.0,0.05251712622014729,1,dropout
2026-10-06 12:12:45,71.15913426344432,0.08671813623353292,0,normal
2026-10-06 12:12:46,66.30220636840626,0.1489746819208809,0,normal
2026-10-06 12:12:47,69.68135745084383,0.06095168019105855,0,normal
2026-10-06 12:12:48,72.58241743668421,0.11089246262319635,0,normal
2026-10-06 12:12:49,72.19665102153162,0.07355241937201659,0,normal
2026-10-06 12:12:50,73.72151479081546,0.06039584145399133,0,normal
2026-10-06 12:12:51,70.39608794730222,0.0953705508075759,0,normal
2026-10-06 12:12:52,72.169263761973,0.08417312788720883,0,normal
2026-10-06 12:12:53,69.90597371548103,0.09825352213122554,0,normal
2026-10-06 12:12:54,71.17742348887495,0.059011540504368305,0,normal
2026-10-06 12:12:55,68.80877788789485,0.058082364134512246,0,normal
2026-10-06 12:12:56,69.98411285571706,0.08765261202989555,0,normal
2026-10-06 12:12:57,69.26012877945928,0.08514440723037539,0,normal
2026-10-06 12:12:58,69.10331846847333,0.07186860769772208,0,normal
2026-10-06 12:12:59,68.30526342833008,0.024032203116081327,0,normal
2026-10-06 12:13:00,69.40971811297143,0.10343358378232992,0,normal
2026-10-06 12:13:01,70.10015572708988,0.14590893035972452,0,normal
2026-10-06 12:13:02,70.94698252716292,0.11597084383549153,0,normal
2026-10-06 12:13:03,71.37976152750836,0.06435285626312,0,normal
2026-10-06 12:13:04,72.14183138845783,0.0807444972756418,0,normal
2026-10-06 12:13:05,70.1061211191582,0.08151728544990924,0,normal
2026-10-06 12:13:06,71.79739226668931,0.05145272657232999,0,normal
2026-10-06 12:13:07,69.8389034858997,0.1085103227918553,0,normal
2026-10-06 12:13:08,69.02682668166553,0.08164113926395397,0,normal
2026-10-06 12:13:09,68.12910246420451,0.10733771098951504,0,normal
2026-10-06 12:13:10,69.62437086546386,0.07365577754845964,0,normal
2026-10-06 12:13:11,71.38981127743307,0.06122940510933088,0,normal
2026-10-06 12:13:12,71.48938197034138,0.06164899477689467,0,normal
2026-10-06 12:13:13,71.95770677446876,0.07654923087122247,0,normal
2026-10-06 12:13:14,71.45858473296875,0.03508625560318475,0,normal
2026-10-06 12:13:15,70.71047029387285,0.03624262824297286,0,normal
2026-10-06 12:13:16,71.27868161361525,0.10270909422254909,0,normal
2026-10-06 12:13:17,68.18594454321533,0.066719793495806,0,normal
2026-10-06 12:13:18,70.82320913627372,0.07258330222637362,0,normal
2026-10-06 12:13:19,71.7786846530224,0.09797909614348047,0,normal
2026-10-06 12:13:20,71.2394475928095,0.06698313581307613,0,normal
2026-10-06 12:13:21,67.48505640364874,0.059984621620717896,0,normal
2026-10-06 12:13:22,70.47382946444029,0.08278963322351007,0,normal
2026-10-06 12:13:23,69.91528375572051,0.06862425232546944,0,normal
2026-10-06 12:13:24,70.00609655975087,0.08385715829186455,0,normal
2026-10-06 12:13:25,69.12073994424097,0.10160211326734542,0,normal
2026-10-06 12:13:26,69.30342030916299,0.10646999851946994,0,normal
2026-10-06 12:13:27,73.5071839857069,0.08503900564168633,0,normal
2026-10-06 12:13:28,70.52204057714212,0.0657264489491972,0,normal
2026-10-06 12:13:29,71.25443768964516,0.042918506652284874,0,normal
2026-10-06 12:13:30,70.21048205810547,0.09771081855913699,0,normal
2026-10-06 12:13:31,68.14584120052632,0.09496882670144692,0,normal
2026-10-06 12:13:32,69.51494386901908,0.05629683207870277,0,normal
2026-10-06 12:13:33,68.84657758491188,0.03895980886518217,0,normal
2026-10-06 12:13:34,70.87964012329294,0.049643859475978436,0,normal
2026-10-06 12:13:35,71.20768303387982,0.08015361571348721,0,normal
2026-10-06 12:13:36,70.81321413780405,0.07707564060520862,0,normal
2026-10-06 12:13:37,73.06345412403729,0.09508956287617834,0,normal
2026-10-06 12:13:38,72.25355060363849,0.09243704363393833,0,normal
2026-10-06 12:13:39,73.89250079130034,0.06365029042201377,0,normal
2026-10-06 12:13:40,69.51289896732501,0.07810569829211919,0,normal
2026-10-06 12:13:41,70.18846560661461,0.0683393398313153,0,normal
2026-10-06 12:13:42,68.99623883773648,0.1098973959161836,0,normal
2026-10-06 12:13:43,69.9350208273381,0.09204465350581112,0,normal
2026-10-06 12:13:44,68.01932125029036,0.03903473039451168,0,normal
2026-10-06 12:13:45,70.699748643536,0.061104750421318244,0,normal
2026-10-06 12:13:46,69.74633086391819,0.07117824698995741,0,normal
2026-10-06 12:13:47,70.70501183974628,0.11762915618404007,0,normal
2026-10-06 12:13:48,71.99366734389969,0.12216723250813524,0,normal
2026-10-06 12:13:49,70.07884882334531,0.04521126066016937,0,normal
2026-10-06 12:13:50,70.86343561197059,0.07229608949839922,0,normal
2026-10-06 12:13:51,75.18783887040755,0.042079651077422266,0,normal
2026-10-06 12:13:52,74.85603420974604,0.07323312542988791,0,normal
2026-10-06 12:13:53,68.52522355589713,0.09702315841710218,0,normal
2026-10-06 12:13:54,68.13860929495037,0.08117314820583002,0,normal
2026-10-06 12:13:55,68.88106338492656,0.07275978483806456,0,normal
2026-10-06 12:13:56,71.593621341391,0.08785667038661635,0,normal
2026-10-06 12:13:57,66.71643715773378,0.10122328889108352,0,normal
2026-10-06 12:13:58,67.4877420925953,0.07793190136331503,0,normal
2026-10-06 12:13:59,67.4451338452104,0.07101773564824125,0,normal
2026-10-06 12:14:00,70.62026291734475,0.050081406246148374,0,normal
2026-10-06 12:14:01,72.06363924048073,0.1045128207509518,0,normal
2026-10-06 12:14:02,72.07329444827313,0.04671924370346454,0,normal
2026-10-06 12:14:03,71.09594717773757,0.075207411772828,0,normal
2026-10-06 12:14:04,72.4268532658409,0.09417538307472284,0,normal
2026-10-06 12:14:05,72.44354755699216,0.08734125778363017,0,normal
2026-10-06 12:14:06,69.46232139427391,0.07131956954835932,0,normal
2026-10-06 12:14:07,67.9748095462751,0.035784708432059234,0,normal
2026-10-06 12:14:08,69.13474618977861,0.11652531496334334,0,normal
2026-10-06 12:14:09,67.4653294203971,0.06370499485406632,0,normal
2026-10-06 12:14:10,71.52553106798769,0.10407116319198102,0,normal
2026-10-06 12:14:11,69.27845113411628,0.045669443144755566,0,normal
2026-10-06 12:14:12,73.2380392236395,0.08829362419625872,0,normal
2026-10-06 12:14:13,68.96288370544809,0.06685178998328006,0,normal
2026-10-06 12:14:14,70.62026059359256,0.07339797502161689,0,normal
2026-10-06 12:14:15,70.89182502101431,0.09233790888028436,0,normal
2026-10-06 12:14:16,71.55843517729821,0.10280418202526369,0,normal
2026-10-06 12:14:17,70.70733344268439,0.08504434921051282,0,normal
2026-10-06 12:14:18,70.17895699619629,0.09006921713568167,0,normal
2026-10-06 12:14:19,70.61715756203402,0.07075934604191131,0,normal
2026-10-06 12:14:20,69.37709853781136,0.07814820623237456,0,normal
2026-10-06 12:14:21,69.94272630145718,0.0664196824662276,0,normal
2026-10-06 12:14:22,68.57268110724968,0.11052343764973922,0,normal
2026-10-06 12:14:23,68.06539706757151,0.06635663897123906,0,normal
2026-10-06 12:14:24,69.26285462404132,0.07102601582907693,0,normal
2026-10-06 12:14:25,70.69541448843101,0.07745486498212015,0,normal
2026-10-06 12:14:26,72.21218634632231,0.0521989383431775,0,normal
2026-10-06 12:14:27,70.62404306468741,0.046500978710932776,0,normal
2026-10-06 12:14:28,69.47345237110565,0.10478180718780129,0,normal
2026-10-06 12:14:29,71.2454609949535,0.10623323178201725,0,normal
2026-10-06 12:14:30,70.3342066258916,0.05664468168853924,0,normal
2026-10-06 12:14:31,69.23512821797532,0.037742003781933944,0,normal
2026-10-06 12:14:32,70.73563740178113,0.07628682455445325,0,normal
2026-10-06 12:14:33,69.0527592104543,0.10721227903425178,0,normal
2026-10-06 12:14:34,68.41035195336588,0.10748481856338453,0,normal
2026-10-06 12:14:35,70.56797608705524,0.09199049341626672,0,normal
2026-10-06 12:14:36,70.47623411559984,0.07904118875186171,0,normal
2026-10-06 12:14:37,71.89724463127823,0.09849806268591971,0,normal
2026-10-06 12:14:38,72.27747471236574,0.07805668908043302,0,normal
2026-10-06 12:14:39,72.03661165040016,0.06502466900594497,0,normal
2026-10-06 12:14:40,73.19354685063982,0.08956563580745924,0,normal
2026-10-06 12:14:41,71.84974257925498,0.11488273374558328,0,normal
2026-10-06 12:14:42,69.53599726364676,0.09290253194004218,0,normal
2026-10-06 12:14:43,70.69639223001546,0.12320071633352508,0,normal
2026-10-06 12:14:44,68.19815417876994,0.11434949064179362,0,normal
2026-10-06 12:14:45,67.46984538563787,0.09385628652036745,0,normal
2026-10-06 12:14:46,67.30048690010135,0.10955642967956483,0,normal
2026-10-06 12:14:47,69.45959331454593,0.0795045135569968,0,normal
2026-10-06 12:14:48,69.68993847877275,0.09373483387606753,0,normal
2026-10-06 12:14:49,69.49088502792036,0.08015927415226985,0,normal
2026-10-06 12:14:50,73.35592863408728,0.07222581256127562,0,normal
2026-10-06 12:14:51,74.02126146453223,0.09284682110110157,0,normal
2026-10-06 12:14:52,73.61187751019668,0.08887936242668593,0,normal
2026-10-06 12:14:53,70.29292787855486,0.08044179820495191,0,normal
2026-10-06 12:14:54,68.17260218696576,0.09434957564338681,0,normal
2026-10-06 12:14:55,72.55981904738249,0.09194878274179405,0,normal
2026-10-06 12:14:56,70.60353788944374,0.040570311943173384,0,normal
2026-10-06 12:14:57,70.47138666508333,0.0818458058254817,0,normal
2026-10-06 12:14:58,68.22791816757102,0.0726259092366707,0,normal
2026-10-06 12:14:59,70.23541844140307,0.05553087239611088,0,normal
2026-10-06 12:15:00,85.14623739948188,0.736640157958984,0,normal
2026-10-06 12:15:01,91.3589897453777,0.6491936259411609,0,normal
2026-10-06 12:15:02,94.36625140958122,0.7597752638305904,0,normal
2026-10-06 12:15:03,87.19676951029716,0.7400479456736683,0,normal
2026-10-06 12:15:04,89.65139157557063,0.7024602059500266,0,normal
2026-10-06 12:15:05,92.83637312528309,0.8029869761049596,0,normal
2026-10-06 12:15:06,87.74225468511982,0.6074856101797197,0,normal
2026-10-06 12:15:07,93.43124357582028,0.7906230346722498,0,normal
2026-10-06 12:15:08,91.62596563817551,0.5803639100806841,0,normal
2026-10-06 12:15:09,87.61264243597776,0.3648272611880516,0,normal
2026-10-06 12:15:10,90.62092098719208,0.7329715687352083,0,normal
2026-10-06 12:15:11,92.69455482044249,0.8378801060611385,0,normal
2026-10-06 12:15:12,86.70555844636492,0.7817249316128848,0,normal
2026-10-06 12:15:13,90.32739840049501,0.4088004258061146,0,normal
2026-10-06 12:15:14,96.47193009163635,0.6672559249442188,0,normal
2026-10-06 12:15:15,90.90113935024773,0.6156479256584388,0,normal
2026-10-06 12:15:16,87.03283836645596,0.7911435829074176,0,normal
2026-10-06 12:15:17,90.75798829363923,0.5270965245035005,0,normal
2026-10-06 12:15:18,90.93575143796933,0.7942945124020074,0,normal
2026-10-06 12:15:19,91.08637163740137,1.0144590866422647,0,normal
2026-10-06 12:15:20,93.70275051348762,0.905345568928471,0,normal
2026-10-06 12:15:21,91.89342110874196,0.9043667051774572,0,normal
2026-10-06 12:15:22,86.95487798267902,0.7116133495806989,0,normal
2026-10-06 12:15:23,87.16786259226458,0.7481969684208262,0,normal
2026-10-06 12:15:24,91.5941940398638,0.8381477813454276,0,normal
2026-10-06 12:15:25,88.58343235733545,0.815055117113573,0,normal
2026-10-06 12:15:26,92.28085318660268,0.8774984890381623,0,normal
2026-10-06 12:15:27,92.18370181423548,0.9118663998348289,0,normal
2026-10-06 12:15:28,92.2711876316901,0.8934572126628498,0,normal
2026-10-06 12:15:29,89.8745182422022,0.7599528685865472,0,normal
2026-10-06 12:15:30,90.87396803326924,0.8099973967372489,0,normal
2026-10-06 12:15:31,90.37665998850892,0.9094792494279731,0,normal
2026-10-06 12:15:32,87.25017553283936,0.952249779833289,0,normal
2026-10-06 12:15:33,89.47019333327141,0.6761152685870289,0,normal
2026-10-06 12:15:34,91.52701736820492,0.8694867586239504,0,normal
2026-10-06 12:15:35,92.90222033489277,0.9924725874368068,0,normal
2026-10-06 12:15:36,95.841071810497,0.7594567933975621,0,normal
2026-10-06 12:15:37,92.61152576008567,0.7866280300485486,0,normal
2026-10-06 12:15:38,92.86986426104869,0.8296984685364632,0,normal
2026-10-06 12:15:39,93.25872786668799,0.9656765390669414,0,normal
2026-10-06 12:15:40,95.08996758865467,0.9589107887726388,0,normal
2026-10-06 12:15:41,90.04745331735543,0.6852526083285119,0,normal
2026-10-06 12:15:42,86.96935593658007,0.9374288757764462,0,normal
2026-10-06 12:15:43,91.3938552045833,0.8260558374833885,0,normal
2026-10-06 12:15:44,89.01805072961865,0.5432553495956147,0,normal
2026-10-06 12:15:45,87.16801740686009,0.6975108526691294,0,normal
2026-10-06 12:15:46,85.01329159737703,0.8120953990603934,0,normal
2026-10-06 12:15:47,89.02644239068461,0.6660234019220819,0,normal
2026-10-06 12:15:48,90.52599680191015,1.0518540458026313,0,normal
2026-10-06 12:15:49,94.38555056461398,0.801830672276837,0,normal
2026-10-06 12:15:50,92.82919663427839,0.3641450881814692,0,normal
2026-10-06 12:15:51,92.4153851967309,0.4160871298393522,0,normal
2026-10-06 12:15:52,93.06016160496355,0.7685217838956011,0,normal
2026-10-06 12:15:53,94.532101392448,0.6191169990530734,0,normal
2026-10-06 12:15:54,92.77096268526823,0.6112012018815036,0,normal
2026-10-06 12:15:55,90.50266832771464,0.6015628600478926,0,normal
2026-10-06 12:15:56,90.41011297487388,0.8449588077665855,0,normal
2026-10-06 12:15:57,95.80884175030182,0.8338150726631832,0,normal
2026-10-06 12:15:58,90.45675080917371,0.8811085496420781,0,normal
2026-10-06 12:15:59,92.77954156553939,0.6369494559763977,0,normal
2026-10-06 12:16:00,92.5520990867253,0.9521696349730093,0,normal
2026-10-06 12:16:01,92.93117388993407,0.746075579973149,0,normal
2026-10-06 12:16:02,97.04026148157536,0.7284769025517349,0,normal
2026-10-06 12:16:03,90.7799813938274,0.8617104312400764,0,normal
2026-10-06 12:16:04,95.4110765141353,0.8995326098221845,0,normal
2026-10-06 12:16:05,93.98276012292152,0.7673820078624185,0,normal
2026-10-06 12:16:06,92.20351514849591,0.486661660224656,0,normal
2026-10-06 12:16:07,86.62871696448991,0.8660667271800522,0,normal
2026-10-06 12:16:08,94.10119625523016,0.779254403956024,0,normal
2026-10-06 12:16:09,89.77317619005917,0.7570895254145211,0,normal
2026-10-06 12:16:10,87.05657569472925,0.5820568639520941,0,normal
2026-10-06 12:16:11,88.43170051515199,0.6902713580023996,0,normal
2026-10-06 12:16:12,84.87379773852425,0.7689529256568015,0,normal
2026-10-06 12:16:13,92.59939110744583,1.088119454042272,0,normal
2026-10-06 12:16:14,91.09266215760823,0.8856376655018565,0,normal
2026-10-06 12:16:15,90.65980650755297,0.7084864530597026,0,normal
2026-10-06 12:16:16,84.79658191526623,0.6765621364675946,0,normal
2026-10-06 12:16:17,92.53450506762785,0.899980424551928,0,normal
2026-10-06 12:16:18,91.69765235699711,0.671838494300736,0,normal
2026-10-06 12:16:19,96.65175989687255,0.7846374645856783,0,normal
2026-10-06 12:16:20,87.40396473360386,0.7241954379556607,0,normal
2026-10-06 12:16:21,85.39257323237959,0.8220085541526609,0,normal
2026-10-06 12:16:22,93.66865977540772,0.4527466831111659,0,normal
2026-10-06 12:16:23,91.51843041077608,0.8266259194331196,0,normal
2026-10-06 12:16:24,92.29139780147479,1.0863337407620277,0,normal
2026-10-06 12:16:25,93.64370608990234,1.0465637508343173,0,normal
2026-10-06 12:16:26,92.6052704347407,0.6653637700872778,0,normal
2026-10-06 12:16:27,91.486010726564,0.8684613865777796,0,normal
2026-10-06 12:16:28,92.67669066942535,0.7241502307655365,0,normal
2026-10-06 12:16:29,94.92303770266926,0.6867461846071355,0,normal
2026-10-06 12:16:30,95.7306031867042,0.7316248251251213,0,normal
2026-10-06 12:16:31,95.8942904356212,0.7249236779058108,0,normal
2026-10-06 12:16:32,89.93318596770034,0.677326906381164,0,normal
2026-10-06 12:16:33,91.65907684314791,0.8894843206384696,0,normal
2026-10-06 12:16:34,89.4234785141193,0.8684426002546095,0,normal
2026-10-06 12:16:35,88.92398691380792,0.6271378357770547,0,normal
2026-10-06 12:16:36,90.83460655482514,0.5523829297535587,0,normal
2026-10-06 12:16:37,94.54041881685413,0.8101542553344461,0,normal
2026-10-06 12:16:38,93.47738460645262,0.7825830296287466,0,normal
2026-10-06 12:16:39,93.11597270534543,0.5858187076715349,0,normal
2026-10-06 12:16:40,95.58945933957169,0.6232279654293885,0,normal
2026-10-06 12:16:41,89.04426871153967,0.7782483943749123,0,normal
2026-10-06 12:16:42,94.36607036963338,0.7910507948842178,0,normal
2026-10-06 12:16:43,91.81677840924306,0.4559861231908087,0,normal
2026-10-06 12:16:44,88.42506852971165,0.7802850894793039,0,normal
2026-10-06 12:16:45,92.28511968102579,0.6056141640891299,0,normal
2026-10-06 12:16:46,86.70462387162478,0.6595231229257861,0,normal
2026-10-06 12:16:47,91.14466200898208,0.7123575925473399,0,normal
2026-10-06 12:16:48,91.73442881236521,0.5570799381810698,0,normal
2026-10-06 12:16:49,93.04612105148009,0.9191985308244284,0,normal
2026-10-06 12:16:50,91.1455576553144,0.6366589303317345,0,normal
2026-10-06 12:16:51,92.772178244406,0.7409817439960669,0,normal
2026-10-06 12:16:52,94.2244009595124,0.6464189056932793,0,normal
2026-10-06 12:16:53,96.06354794697896,0.7772739941112881,0,normal
2026-10-06 12:16:54,95.33656839607106,0.7528149214169956,0,normal
2026-10-06 12:16:55,88.64922086886165,0.623810817251016,0,normal
2026-10-06 12:16:56,90.66312216466802,0.8966774222097652,0,normal
2026-10-06 12:16:57,89.84956004327492,0.632018749023553,0,normal
2026-10-06 12:16:58,94.22861552571601,0.6617240549086568,0,normal
2026-10-06 12:16:59,92.19229553561864,0.6921001650802632,0,normal
2026-10-06 12:17:00,93.31513956545263,1.0187463842418274,0,normal
2026-10-06 12:17:01,88.87827709151594,0.7695748182300493,0,normal
2026-10-06 12:17:02,90.91944996956191,0.7488309147529622,0,normal
2026-10-06 12:17:03,98.07895336707693,0.6350216315816581,0,normal
2026-10-06 12:17:04,96.04491197036036,0.8484288874939852,0,normal
2026-10-06 12:17:05,89.49736775387376,0.7913797168529175,0,normal
2026-10-06 12:17:06,95.74028242671334,0.8981013222500371,0,normal
2026-10-06 12:17:07,93.1313870764986,0.8857852496152401,0,normal
2026-10-06 12:17:08,92.77034447407344,0.7695968903251887,0,normal
2026-10-06 12:17:09,86.77136984791288,0.37122343608797453,0,normal
2026-10-06 12:17:10,91.23918588822606,0.8242474123264562,0,normal
2026-10-06 12:17:11,92.49150334614686,0.9006783651484516,0,normal
2026-10-06 12:17:12,90.51585784493204,0.9353895624523938,0,normal
2026-10-06 12:17:13,96.55859096307154,0.7534803354775015,0,normal
2026-10-06 12:17:14,97.73384104145637,0.5527628666875797,0,normal
2026-10-06 12:17:15,95.73376859963884,0.8292329620475212,0,normal
2026-10-06 12:17:16,96.14552326763669,0.8700543366958087,0,normal
2026-10-06 12:17:17,93.38254379547749,0.474955011074833,0,normal
2026-10-06 12:17:18,94.02824079576921,0.8989268992948778,0,normal
2026-10-06 12:17:19,93.93291763023724,0.7794428713580819,0,normal
2026-10-06 12:17:20,91.38493272541716,0.818609906455161,0,normal
2026-10-06 12:17:21,88.82278098459578,0.9858404035816279,0,normal
2026-10-06 12:17:22,89.77899844564782,0.791468226357633,0,normal
2026-10-06 12:17:23,89.92666469562525,0.7469336937387665,0,normal
2026-10-06 12:17:24,96.78926400914628,0.8437672541571274,0,normal
2026-10-06 12:17:25,94.32513535595872,0.739449707649886,0,normal
2026-10-06 12:17:26,94.30823467599714,0.9276618111587387,0,normal
2026-10-06 12:17:27,93.85259443959902,0.6075218188410547,0,normal
2026-10-06 12:17:28,92.58138648787575,0.9517095536482828,0,normal
2026-10-06 12:17:29,91.9012408017829,0.5718869818904628,0,normal
2026-10-06 12:17:30,95.37129953674668,0.7534006539841887,0,normal
2026-10-06 12:17:31,90.12504943819314,0.5254912879986388,0,normal
2026-10-06 12:17:32,91.63494967941182,0.8663237247011941,0,normal
2026-10-06 12:17:33,89.08197035538426,0.7087977288902978,0,normal
2026-10-06 12:17:34,88.43794111668777,0.42014316178155425,0,normal
2026-10-06 12:17:35,90.95208670896741,0.8031662577797688,0,normal
2026-10-06 12:17:36,91.06116618493508,0.31817387416427984,0,normal
2026-10-06 12:17:37,91.13677953569528,0.6168613389607671,0,normal
2026-10-06 12:17:38,92.8441055307901,0.5790645472644395,0,normal
2026-10-06 12:17:39,90.21861922939092,0.7486823899559316,0,normal
2026-10-06 12:17:40,98.2152736769463,0.9125891842768851,0,normal
2026-10-06 12:17:41,93.82278267064027,0.5815877486374221,0,normal
2026-10-06 12:17:42,95.70803627562938,0.8091122436433587,0,normal
2026-10-06 12:17:43,85.99033453534454,0.6558758231819903,0,normal
2026-10-06 12:17:44,90.1131673496445,0.8023412623643447,0,normal
2026-10-06 12:17:45,96.32393799806185,0.8313929712774513,0,normal
2026-10-06 12:17:46,94.03336568853231,0.6179115049686354,0,normal
2026-10-06 12:17:47,96.53529820752225,0.7057123269666731,0,normal
2026-10-06 12:17:48,85.83954114575779,0.5499631213991572,0,normal
2026-10-06 12:17:49,93.76255562138743,0.7736045096956116,0,normal
2026-10-06 12:17:50,93.88193912677616,0.6947962514003768,0,normal
2026-10-06 12:17:51,95.57093001173088,0.7648513340702946,0,normal
2026-10-06 12:17:52,91.30698534055283,0.6585660737321648,0,normal
2026-10-06 12:17:53,98.35455083373256,0.4883020097880434,0,normal
2026-10-06 12:17:54,92.10262336393131,0.580684574271512,0,normal
2026-10-06 12:17:55,90.78514922539442,0.5944472838368425,0,normal
2026-10-06 12:17:56,92.34275092019077,0.7259091907702828,0,normal
2026-10-06 12:17:57,96.61482183151678,0.8208216117693878,0,normal
2026-10-06 12:17:58,88.1562303175756,0.7135369029771113,0,normal
2026-10-06 12:17:59,91.90401371521574,0.7282732168276811,0,normal
2026-10-06 12:18:00,94.57184164080049,0.7243404416401298,0,normal
2026-10-06 12:18:01,95.47374905030124,0.7667106405325153,0,normal
2026-10-06 12:18:02,94.09472434309582,0.8212304067917153,0,normal
2026-10-06 12:18:03,97.31503933145757,0.7798002698964518,0,normal
2026-10-06 12:18:04,94.65780226073844,0.9525433468355009,0,normal
2026-10-06 12:18:05,96.33791954037065,0.644629659220408,0,normal
2026-10-06 12:18:06,93.97492765033873,1.2746414911691364,0,normal
2026-10-06 12:18:07,93.45744022079595,0.8067194024003811,0,normal
2026-10-06 12:18:08,93.06924501401622,0.8379518870557945,0,normal
2026-10-06 12:18:09,90.56750798110897,0.313843531930934,0,normal
2026-10-06 12:18:10,92.98949667385553,0.7963742596100386,0,normal
2026-10-06 12:18:11,89.43513754391515,0.4423232846417665,0,normal
2026-10-06 12:18:12,92.89054922798206,0.6992844478675991,0,normal
2026-10-06 12:18:13,91.21462451431294,0.40168053255147573,0,normal
2026-10-06 12:18:14,94.39624559592998,0.659844112292796,0,normal
2026-10-06 12:18:15,97.67193962911304,0.7115058752887905,0,normal
2026-10-06 12:18:16,94.27212996084003,0.884703994887599,0,normal
2026-10-06 12:18:17,94.83711788616601,0.6917746372136766,0,normal
2026-10-06 12:18:18,92.1492148648961,0.803912497024244,0,normal
2026-10-06 12:18:19,92.57709237928165,0.5869725211994331,0,normal
2026-10-06 12:18:20,92.51902581351067,0.6824651284684523,0,normal
2026-10-06 12:18:21,89.24970728906484,0.7898218877475163,0,normal
2026-10-06 12:18:22,91.23570993791921,0.6876070047787629,0,normal
2026-10-06 12:18:23,89.58550412659551,0.8082492796447529,0,normal
2026-10-06 12:18:24,94.3009364270688,0.7718143976463258,0,normal
2026-10-06 12:18:25,93.13509656019936,0.6956096431911656,0,normal
2026-10-06 12:18:26,95.8200954262459,0.8051855643486997,0,normal
2026-10-06 12:18:27,91.0430007653817,0.9778041926213952,0,normal
2026-10-06 12:18:28,90.6231764064703,0.6749101279206094,0,normal
2026-10-06 12:18:29,90.08629187151303,0.5540731455754625,0,normal
2026-10-06 12:18:30,99.79680477907372,0.7242241887124995,0,normal
2026-10-06 12:18:31,91.05100789040786,0.7492152437518934,0,normal
2026-10-06 12:18:32,93.96883207268414,0.742386631592585,0,normal
2026-10-06 12:18:33,93.88346196183865,0.7135883642704806,0,normal
2026-10-06 12:18:34,90.26986022342045,0.5397204940523148,0,normal
2026-10-06 12:18:35,95.13312580751008,0.8213414433166089,0,normal
2026-10-06 12:18:36,92.00738140904639,0.7412767144169259,0,normal
2026-10-06 12:18:37,94.84232049500608,0.7534508231337028,0,normal
2026-10-06 12:18:38,96.64324900380866,0.6461985968325967,0,normal
2026-10-06 12:18:39,98.08106366531537,0.5662925263930911,0,normal
2026-10-06 12:18:40,99.00330896122284,0.8762320539888186,0,normal
2026-10-06 12:18:41,88.29114638475066,0.7794994062524824,0,normal
2026-10-06 12:18:42,95.76677064226152,0.5862593476030673,0,normal
2026-10-06 12:18:43,94.14965114922438,0.7791594498991672,0,normal
2026-10-06 12:18:44,97.54777007603134,0.6317772822914107,0,normal
2026-10-06 12:18:45,97.50361968181915,0.5774374356888323,0,normal
2026-10-06 12:18:46,93.98127437247554,0.6561293029117872,0,normal
2026-10-06 12:18:47,91.28662432525141,0.6770930774986837,0,normal
2026-10-06 12:18:48,97.29214573012328,0.551898158163795,0,normal
2026-10-06 12:18:49,91.90606073919027,0.6635594092383347,0,normal
2026-10-06 12:18:50,100.83483714399601,1.090364614799681,0,normal
2026-10-06 12:18:51,96.08939188336772,0.7096852385007245,0,normal
2026-10-06 12:18:52,98.41170491551384,0.6605782499552072,0,normal
2026-10-06 12:18:53,90.50468611106199,0.9325730394467097,0,normal
2026-10-06 12:18:54,94.20207581194096,0.5796155127430296,0,normal
2026-10-06 12:18:55,93.33745027960438,0.8655100925299078,0,normal
2026-10-06 12:18:56,94.41711139518434,0.6500000162292824,0,normal
2026-10-06 12:18:57,95.16796084738954,0.818717645045686,0,normal
2026-10-06 12:18:58,96.2458618865999,0.7613954333282326,0,normal
2026-10-06 12:18:59,94.3351528674137,0.6391572098450204,0,normal
2026-10-06 12:19:00,92.03278917718629,0.7968908721113925,0,normal
2026-10-06 12:19:01,96.85273773019644,0.8134420213437228,0,normal
2026-10-06 12:19:02,99.00940963554316,0.6125612621730125,0,normal
2026-10-06 12:19:03,99.25002957358922,0.5301087111454608,0,normal
2026-10-06 12:19:04,95.11166329623877,0.49814303135825483,0,normal
2026-10-06 12:19:05,99.95435842871481,0.9323169766286568,0,normal
2026-10-06 12:19:06,94.85062189088218,0.7221709209463614,0,normal
2026-10-06 12:19:07,92.57528225857529,0.7331780216705945,0,normal
2026-10-06 12:19:08,90.50837027935486,0.8119012020063492,0,normal
2026-10-06 12:19:09,92.91896058351863,1.0130500211252023,0,normal
2026-10-06 12:19:10,97.85427012785178,0.9631783724962251,0,normal
2026-10-06 12:19:11,94.45768914693096,1.1360951244271873,0,normal
2026-10-06 12:19:12,88.79705038863887,1.0100087276558734,0,normal
2026-10-06 12:19:13,99.54206421948625,0.6161335215627024,0,normal
2026-10-06 12:19:14,98.83895404868989,0.6781391299393227,0,normal
2026-10-06 12:19:15,92.40852361601561,0.6341318202111207,0,normal
2026-10-06 12:19:16,99.05512739126925,0.8919692789509039,0,normal
2026-10-06 12:19:17,93.3808417479848,0.5922183637087732,0,normal
2026-10-06 12:19:18,99.7404490761031,0.8289818705322859,0,normal
2026-10-06 12:19:19,94.47063357434222,0.8703728693239223,0,normal
2026-10-06 12:19:20,92.16217210119514,0.8227396168581659,0,normal
2026-10-06 12:19:21,97.2579023837935,0.6809522025966293,0,normal
2026-10-06 12:19:22,98.59966702367859,0.5881344974994765,0,normal
2026-10-06 12:19:23,96.282111409061,0.6055880290946907,0,normal
2026-10-06 12:19:24,98.19046974152889,0.8561750668875052,0,normal
2026-10-06 12:19:25,96.57638917697693,0.747043544056631,0,normal
2026-10-06 12:19:26,95.88357140550548,0.668621820864311,0,normal
2026-10-06 12:19:27,93.92874049764394,0.6998618580006016,0,normal
2026-10-06 12:19:28,92.94268667332177,0.6786402781930413,0,normal
2026-10-06 12:19:29,95.80750417440736,0.6111677306144441,0,normal
2026-10-06 12:19:30,97.10384482378285,0.8705469112312327,0,normal
2026-10-06 12:19:31,97.33801441123065,0.9069655370565046,0,normal
2026-10-06 12:19:32,94.73164680056817,0.8144455400553986,0,normal
2026-10-06 12:19:33,88.12534726259159,0.6818973961204361,0,normal
2026-10-06 12:19:34,96.05246111867407,0.6585093641960724,0,normal
2026-10-06 12:19:35,97.29707744166194,0.5276330739709998,0,normal
2026-10-06 12:19:36,94.81381216393564,0.6757730638931254,0,normal
2026-10-06 12:19:37,93.0552499892164,0.8521048033010218,0,normal
2026-10-06 12:19:38,94.93710583747223,0.9511926858031489,0,normal
2026-10-06 12:19:39,92.86433424993491,0.7493528624390163,0,normal
2026-10-06 12:19:40,94.93208783340238,0.6406524695840106,0,normal
2026-10-06 12:19:41,96.60056447149789,0.8265587055881193,0,normal
2026-10-06 12:19:42,94.93663121448202,0.74167900741787,0,normal
2026-10-06 12:19:43,91.34694283499952,0.9193783535660623,0,normal
2026-10-06 12:19:44,90.76013858541597,0.6478321143781239,0,normal
2026-10-06 12:19:45,95.63200011704627,0.8579102441642708,0,normal
2026-10-06 12:19:46,88.14292006673536,0.756288581842173,0,normal
2026-10-06 12:19:47,95.62711654623344,0.4956782766251032,0,normal
2026-10-06 12:19:48,93.6550553287708,0.7740255128404238,0,normal
2026-10-06 12:19:49,91.93291300206833,0.7404019395554529,0,normal
2026-10-06 12:19:50,95.84569793914896,0.9522886555119197,0,normal
2026-10-06 12:19:51,96.7490524118235,0.6688641115952191,0,normal
2026-10-06 12:19:52,96.35378316966984,0.5237193274726861,0,normal
2026-10-06 12:19:53,98.39481986708635,0.8281835758942369,0,normal
2026-10-06 12:19:54,90.72052117896021,0.6626485715697114,0,normal
2026-10-06 12:19:55,91.39902249048443,0.9681041549736078,0,normal
2026-10-06 12:19:56,95.08021313753768,0.6839682127363136,0,normal
2026-10-06 12:19:57,95.27047963828367,0.8911451375128616,0,normal
2026-10-06 12:19:58,90.90622634145346,0.48411687632417366,0,normal
2026-10-06 12:19:59,95.12169782714895,0.7404045237490775,0,normal
2026-10-06 12:20:00,72.60411092466835,0.05987042772309627,1,silent_drift
2026-10-06 12:20:01,72.77716578968288,0.04800698595749269,1,silent_drift
2026-10-06 12:20:02,72.83830760499553,0.043207602135222144,1,silent_drift
2026-10-06 12:20:03,72.94460947644998,0.049749908577171716,1,silent_drift
2026-10-06 12:20:04,73.400060365942,0.03045677484366402,1,silent_drift
2026-10-06 12:20:05,72.75141705384985,0.03012107841413496,1,silent_drift
2026-10-06 12:20:06,73.0241478051413,0.055454688580818146,1,silent_drift
2026-10-06 12:20:07,72.94875720404293,0.041611351076201286,1,silent_drift
2026-10-06 12:20:08,72.94698371863099,0.05203880797720203,1,silent_drift
2026-10-06 12:20:09,72.79179319313225,0.05174364013646702,1,silent_drift
2026-10-06 12:20:10,73.43577718297932,0.050149143646208746,1,silent_drift
2026-10-06 12:20:11,73.92306250009929,0.06418245381614034,1,silent_drift
2026-10-06 12:20:12,72.75975616780939,0.06988360468741693,1,silent_drift
2026-10-06 12:20:13,74.34091861701435,0.04172740100735868,1,silent_drift
2026-10-06 12:20:14,73.34613292340089,0.05764795548977722,1,silent_drift
2026-10-06 12:20:15,72.9537877274716,0.05453426518122198,1,silent_drift
2026-10-06 12:20:16,73.73330945874389,0.05575268970999037,1,silent_drift
2026-10-06 12:20:17,73.23845781761854,0.06252403828014452,1,silent_drift
2026-10-06 12:20:18,74.11599083138535,0.04939021651549377,1,silent_drift
2026-10-06 12:20:19,72.66337846526599,0.05486301626355277,1,silent_drift
2026-10-06 12:20:20,74.05340259257716,0.015320646566298987,1,silent_drift
2026-10-06 12:20:21,73.81657374662986,0.05174904130291723,1,silent_drift
2026-10-06 12:20:22,74.10865703329225,0.04235906400682723,1,silent_drift
2026-10-06 12:20:23,73.8034018449759,0.056795135303917055,1,silent_drift
2026-10-06 12:20:24,73.3202344754626,0.03509282160987204,1,silent_drift
2026-10-06 12:20:25,74.07994040596773,0.0502343240913348,1,silent_drift
2026-10-06 12:20:26,73.55507466833805,0.0457217477365527,1,silent_drift
2026-10-06 12:20:27,73.55464081117351,0.04276094694436147,1,silent_drift
2026-10-06 12:20:28,73.47065513681358,0.034464787342495216,1,silent_drift
2026-10-06 12:20:29,74.34059523387914,0.05833735605652626,1,silent_drift
2026-10-06 12:20:30,73.9082748076695,0.05517642681505532,1,silent_drift
2026-10-06 12:20:31,74.58107811341056,0.04395050753595769,1,silent_drift
2026-10-06 12:20:32,74.27712088392937,0.047103885001576286,1,silent_drift
2026-10-06 12:20:33,74.31347739179157,0.056441170446597806,1,silent_drift
2026-10-06 12:20:34,74.53648352072125,0.06616197278665001,1,silent_drift
2026-10-06 12:20:35,73.57157647158186,0.054758038041994264,1,silent_drift
2026-10-06 12:20:36,74.74523299989133,0.042437886819533754,1,silent_drift
2026-10-06 12:20:37,73.37259126942105,0.04977002736652573,1,silent_drift
2026-10-06 12:20:38,74.77783836727951,0.06654470938967999,1,silent_drift
2026-10-06 12:20:39,74.60441492396257,0.030375917323427253,1,silent_drift
2026-10-06 12:20:40,73.87703109709138,0.04042272437543617,1,silent_drift
2026-10-06 12:20:41,75.23540512439145,0.043039236645345286,1,silent_drift
2026-10-06 12:20:42,74.8428181705997,0.04338294678204115,1,silent_drift
2026-10-06 12:20:43,75.28066000128989,0.03766494733408385,1,silent_drift
2026-10-06 12:20:44,74.95826267255032,0.039644943005035904,1,silent_drift
2026-10-06 12:20:45,74.58802339571542,0.05279710632561267,1,silent_drift
2026-10-06 12:20:46,74.74529758680987,0.057020590957336074,1,silent_drift
2026-10-06 12:20:47,75.12840395226874,0.04271265821245301,1,silent_drift
2026-10-06 12:20:48,74.38984248829337,0.039425052302524514,1,silent_drift
2026-10-06 12:20:49,75.70190445889834,0.07302977870582848,1,silent_drift
2026-10-06 12:20:50,75.45407271364012,0.055647622319318475,1,silent_drift
2026-10-06 12:20:51,75.06448908987305,0.06712243907185332,1,silent_drift
2026-10-06 12:20:52,74.51951174831451,0.03033086481514589,1,silent_drift
2026-10-06 12:20:53,74.59624196112931,0.050802052180700025,1,silent_drift
2026-10-06 12:20:54,75.23959793972934,0.0467548484776067,1,silent_drift
2026-10-06 12:20:55,75.69535705247763,0.06102527199879382,1,silent_drift
2026-10-06 12:20:56,75.41378159553733,0.05234170476137058,1,silent_drift
2026-10-06 12:20:57,75.25617981114854,0.026460781228560746,1,silent_drift
2026-10-06 12:20:58,75.73831318102064,0.041983443999170825,1,silent_drift
2026-10-06 12:20:59,75.29438352961779,0.03552352848548962,1,silent_drift
2026-10-06 12:21:00,74.95744024190648,0.04270166874151428,1,silent_drift
2026-10-06 12:21:01,75.89899883775786,0.030521604378690285,1,silent_drift
2026-10-06 12:21:02,75.37919328337,0.04026461587568216,1,silent_drift
2026-10-06 12:21:03,75.63669515716997,0.0536441763948537,1,silent_drift
2026-10-06 12:21:04,76.15788689447962,0.03965974045946711,1,silent_drift
2026-10-06 12:21:05,75.12774846745225,0.045891904303777535,1,silent_drift
2026-10-06 12:21:06,75.45271763309711,0.0602129780904756,1,silent_drift
2026-10-06 12:21:07,76.0924731060688,0.043658873498313704,1,silent_drift
2026-10-06 12:21:08,76.37953478609127,0.04076961642441987,1,silent_drift
2026-10-06 12:21:09,75.80685148546736,0.034334443806809264,1,silent_drift
2026-10-06 12:21:10,75.95863751001465,0.06029495312057643,1,silent_drift
2026-10-06 12:21:11,75.93442007831588,0.06760712015292109,1,silent_drift
2026-10-06 12:21:12,76.32017328848882,0.0590868270646713,1,silent_drift
2026-10-06 12:21:13,75.6889546885521,0.04431515453445218,1,silent_drift
2026-10-06 12:21:14,76.24457661786029,0.04127663197702528,1,silent_drift
2026-10-06 12:21:15,76.63052038019697,0.041508353002314986,1,silent_drift
2026-10-06 12:21:16,76.55352835999715,0.0458739694596474,1,silent_drift
2026-10-06 12:21:17,76.33257565186814,0.04094587962895735,1,silent_drift
2026-10-06 12:21:18,76.24035058567898,0.0524099700755399,1,silent_drift
2026-10-06 12:21:19,76.60716108971708,0.06179992876004359,1,silent_drift
2026-10-06 12:21:20,76.76787903512458,0.05147506549734839,1,silent_drift
2026-10-06 12:21:21,76.27420310654624,0.06268497155616932,1,silent_drift
2026-10-06 12:21:22,76.5081153960551,0.022384369272923213,1,silent_drift
2026-10-06 12:21:23,76.8264979435309,0.05034424582856372,1,silent_drift
2026-10-06 12:21:24,76.94557265754939,0.05945029268324577,1,silent_drift
2026-10-06 12:21:25,77.1771840717245,0.05626766964888918,1,silent_drift
2026-10-06 12:21:26,76.90881246955983,0.03871743533161053,1,silent_drift
2026-10-06 12:21:27,76.69537148656103,0.04493570272373172,1,silent_drift
2026-10-06 12:21:28,76.61625946661393,0.037464865839163,1,silent_drift
2026-10-06 12:21:29,77.13860708167473,0.06625684419212496,1,silent_drift
2026-10-06 12:21:30,76.99633468650939,0.058457782962847635,1,silent_drift
2026-10-06 12:21:31,76.8659245611444,0.04036202256527883,1,silent_drift
2026-10-06 12:21:32,77.39945923179995,0.05087257091832083,1,silent_drift
2026-10-06 12:21:33,76.65721531029044,0.04018526445360383,1,silent_drift
2026-10-06 12:21:34,77.72521761224229,0.04017748394737851,1,silent_drift
2026-10-06 12:21:35,76.67162240869274,0.03326950577846488,1,silent_drift
2026-10-06 12:21:36,77.70644274329749,0.03761085920616931,1,silent_drift
2026-10-06 12:21:37,77.76903661853575,0.03476016050059834,1,silent_drift
2026-10-06 12:21:38,77.28121679155295,0.04899567514884847,1,silent_drift
2026-10-06 12:21:39,77.9050998095984,0.04577442997303885,1,silent_drift
2026-10-06 12:21:40,78.02921724308707,0.05003659434012049,1,silent_drift
2026-10-06 12:21:41,77.72387529383778,0.038145533696519136,1,silent_drift
2026-10-06 12:21:42,77.43403891928824,0.051190780273417565,1,silent_drift
2026-10-06 12:21:43,77.26580509753276,0.049334527218720725,1,silent_drift
2026-10-06 12:21:44,77.98320951785246,0.04895823423702549,1,silent_drift
2026-10-06 12:21:45,78.04182406886555,0.05635200529553057,1,silent_drift
2026-10-06 12:21:46,78.43728417983371,0.0331497183346036,1,silent_drift
2026-10-06 12:21:47,77.93286884920362,0.06201642861756358,1,silent_drift
2026-10-06 12:21:48,77.66515566723469,0.04987003806952283,1,silent_drift
2026-10-06 12:21:49,77.76279822337251,0.05907902898820219,1,silent_drift
2026-10-06 12:21:50,78.14588953661344,0.05040759142967111,1,silent_drift
2026-10-06 12:21:51,77.82041715362672,0.05110576427426388,1,silent_drift
2026-10-06 12:21:52,77.8049066580431,0.051889171156038326,1,silent_drift
2026-10-06 12:21:53,78.66412809458791,0.044017836085334036,1,silent_drift
2026-10-06 12:21:54,78.9215788682919,0.05277673607390973,1,silent_drift
2026-10-06 12:21:55,78.44273584158469,0.0471177529628259,1,silent_drift
2026-10-06 12:21:56,78.66360360012081,0.04608055440652282,1,silent_drift
2026-10-06 12:21:57,78.30455585767342,0.03940784652361905,1,silent_drift
2026-10-06 12:21:58,78.5033041981983,0.050108779204488,1,silent_drift
2026-10-06 12:21:59,78.05143983661583,0.04616133671743011,1,silent_drift
2026-10-06 12:22:00,78.93030336806225,0.05294027688090448,1,silent_drift
2026-10-06 12:22:01,79.02752054891043,0.06464616354096879,1,silent_drift
2026-10-06 12:22:02,77.69412063507563,0.044794450509140514,1,silent_drift
2026-10-06 12:22:03,78.93503433500102,0.04223631796258286,1,silent_drift
2026-10-06 12:22:04,78.96095716935012,0.043371153828213334,1,silent_drift
2026-10-06 12:22:05,79.44274351678656,0.0466003154024372,1,silent_drift
2026-10-06 12:22:06,79.30061197584743,0.034685630692033245,1,silent_drift
2026-10-06 12:22:07,78.53884113531485,0.04596962893573008,1,silent_drift
2026-10-06 12:22:08,78.97815095460142,0.03975422713561452,1,silent_drift
2026-10-06 12:22:09,78.63940019338989,0.04363918678019107,1,silent_drift
2026-10-06 12:22:10,78.81647113123582,0.050268821742635875,1,silent_drift
2026-10-06 12:22:11,78.9838221297448,0.04567969912639901,1,silent_drift
2026-10-06 12:22:12,79.38993221451337,0.06067636534441857,1,silent_drift
2026-10-06 12:22:13,79.7038542444239,0.03638848334716433,1,silent_drift
2026-10-06 12:22:14,78.85838761406269,0.06885213043469506,1,silent_drift
2026-10-06 12:22:15,79.625036684245,0.05162978243163495,1,silent_drift
2026-10-06 12:22:16,79.35802324843216,0.04567570991295421,1,silent_drift
2026-10-06 12:22:17,79.41888057584957,0.06571842168512065,1,silent_drift
2026-10-06 12:22:18,79.43771901982794,0.03999968256373764,1,silent_drift
2026-10-06 12:22:19,79.93594951435581,0.05474152551059957,1,silent_drift
2026-10-06 12:22:20,79.23157919221889,0.06375401538035322,1,silent_drift
2026-10-06 12:22:21,79.95236273121421,0.04679273208762459,1,silent_drift
2026-10-06 12:22:22,80.2259619995854,0.051764880200764606,1,silent_drift
2026-10-06 12:22:23,79.45933286213034,0.05941762681238829,1,silent_drift
2026-10-06 12:22:24,80.1652783932488,0.05240245694282714,1,silent_drift
2026-10-06 12:22:25,79.85263746299076,0.0246955419751579,1,silent_drift
2026-10-06 12:22:26,79.58934009832934,0.040457839191543644,1,silent_drift
2026-10-06 12:22:27,80.79045358051796,0.03907036867711774,1,silent_drift
2026-10-06 12:22:28,80.26316827166217,0.057168845296898814,1,silent_drift
2026-10-06 12:22:29,80.6580480295038,0.037395494925695494,1,silent_drift
2026-10-06 12:22:30,80.016246150481,0.06959324690131546,1,silent_drift
2026-10-06 12:22:31,80.24316272409308,0.05900054608733597,1,silent_drift
2026-10-06 12:22:32,80.42895934661163,0.044849193892965926,1,silent_drift
2026-10-06 12:22:33,80.22550254749918,0.05538589941963213,1,silent_drift
2026-10-06 12:22:34,80.46223132508094,0.045910563695835245,1,silent_drift
2026-10-06 12:22:35,80.515698140491,0.04588691885017799,1,silent_drift
2026-10-06 12:22:36,81.03426167315038,0.046117137687990084,1,silent_drift
2026-10-06 12:22:37,80.09500448464703,0.049593419159316976,1,silent_drift
2026-10-06 12:22:38,80.7300023929203,0.05417533022060138,1,silent_drift
2026-10-06 12:22:39,80.42995431683875,0.07416961415169748,1,silent_drift
2026-10-06 12:22:40,81.07650045679138,0.04709373019521913,1,silent_drift
2026-10-06 12:22:41,80.44593885482033,0.06745576431160959,1,silent_drift
2026-10-06 12:22:42,81.18589571610639,0.057745309493439936,1,silent_drift
2026-10-06 12:22:43,80.42226072565843,0.04633778585826717,1,silent_drift
2026-10-06 12:22:44,80.40380454905153,0.05205960822066433,1,silent_drift
2026-10-06 12:22:45,80.50275952211565,0.041795102306903746,1,silent_drift
2026-10-06 12:22:46,80.77003424651622,0.0493681436932475,1,silent_drift
2026-10-06 12:22:47,80.88824929173738,0.0555751291432499,1,silent_drift
2026-10-06 12:22:48,81.13539556279568,0.047951666223666,1,silent_drift
2026-10-06 12:22:49,81.09735527888863,0.03768815465403165,1,silent_drift
2026-10-06 12:22:50,81.0481552516118,0.05173195517609206,1,silent_drift
2026-10-06 12:22:51,80.99971339594732,0.056039370483472135,1,silent_drift
2026-10-06 12:22:52,81.1132514644102,0.04926769147859977,1,silent_drift
2026-10-06 12:22:53,81.21528166338483,0.04856552071945271,1,silent_drift
2026-10-06 12:22:54,80.64499914587914,0.04547577023426563,1,silent_drift
2026-10-06 12:22:55,81.39313869045475,0.04931340759213519,1,silent_drift
2026-10-06 12:22:56,80.93009661416792,0.0450987649601982,1,silent_drift
2026-10-06 12:22:57,82.36443705932427,0.06520791253132033,1,silent_drift
2026-10-06 12:22:58,81.85592242747178,0.047979197875038626,1,silent_drift
2026-10-06 12:22:59,81.21590928021199,0.06195458626976455,1,silent_drift
2026-10-06 12:23:00,81.25177305081695,0.07107354524365095,1,silent_drift
2026-10-06 12:23:01,81.28377881866817,0.03532497226130105,1,silent_drift
2026-10-06 12:23:02,81.74688892470162,0.05605123137503031,1,silent_drift
2026-10-06 12:23:03,82.30797421730045,0.038807439736636515,1,silent_drift
2026-10-06 12:23:04,81.62522032756908,0.04280209903234675,1,silent_drift
2026-10-06 12:23:05,82.27346304196827,0.04676055527629607,1,silent_drift
2026-10-06 12:23:06,81.83716145903189,0.04272371026413595,1,silent_drift
2026-10-06 12:23:07,81.64582314747634,0.04685116688967775,1,silent_drift
2026-10-06 12:23:08,81.61492891506623,0.057228008924933516,1,silent_drift
2026-10-06 12:23:09,81.5614031296634,0.041998470755410834,1,silent_drift
2026-10-06 12:23:10,82.08282411657018,0.04211819234414984,1,silent_drift
2026-10-06 12:23:11,82.07749346444193,0.04506883683033742,1,silent_drift
2026-10-06 12:23:12,82.73374182266247,0.05032519100868562,1,silent_drift
2026-10-06 12:23:13,82.63475360525062,0.04981429004083398,1,silent_drift
2026-10-06 12:23:14,82.39416979806211,0.03176706964560329,1,silent_drift
2026-10-06 12:23:15,82.54926932299487,0.05482929247922018,1,silent_drift
2026-10-06 12:23:16,82.65048999469693,0.029864813213364455,1,silent_drift
2026-10-06 12:23:17,82.66145509443366,0.048335157101744367,1,silent_drift
2026-10-06 12:23:18,81.98700030046746,0.0647996592681351,1,silent_drift
2026-10-06 12:23:19,82.19930824707697,0.04539581456843044,1,silent_drift
2026-10-06 12:23:20,81.87133872292252,0.04015188044072063,1,silent_drift
2026-10-06 12:23:21,82.63361365248076,0.07965096265612882,1,silent_drift
2026-10-06 12:23:22,82.80803745453717,0.04347099673722029,1,silent_drift
2026-10-06 12:23:23,82.76317835714362,0.04875505350331325,1,silent_drift
2026-10-06 12:23:24,83.25303470421308,0.0614206637345638,1,silent_drift
2026-10-06 12:23:25,82.15890013019799,0.06656530194201409,1,silent_drift
2026-10-06 12:23:26,82.29997727057592,0.04197209750663793,1,silent_drift
2026-10-06 12:23:27,83.23683683514547,0.05696850378806224,1,silent_drift
2026-10-06 12:23:28,82.61926458336643,0.05186424304992732,1,silent_drift
2026-10-06 12:23:29,83.34399418970257,0.05533066356047553,1,silent_drift
2026-10-06 12:23:30,83.10991288045392,0.04804274489322796,1,silent_drift
2026-10-06 12:23:31,83.06980114578124,0.043646676042835585,1,silent_drift
2026-10-06 12:23:32,83.13093786451186,0.04538909542002179,1,silent_drift
2026-10-06 12:23:33,83.79260298789,0.028196128043330642,1,silent_drift
2026-10-06 12:23:34,83.21329008435019,0.041573808321482025,1,silent_drift
2026-10-06 12:23:35,83.74168818127012,0.04401397913203044,1,silent_drift
2026-10-06 12:23:36,83.31184156427364,0.06677528879744404,1,silent_drift
2026-10-06 12:23:37,82.84451388663375,0.048474867325221375,1,silent_drift
2026-10-06 12:23:38,83.26379298810467,0.023855772388366926,1,silent_drift
2026-10-06 12:23:39,83.38042743169648,0.061613490602309494,1,silent_drift
2026-10-06 12:23:40,83.37895331756523,0.03488541770342052,1,silent_drift
2026-10-06 12:23:41,83.43860056248296,0.05537178417864019,1,silent_drift
2026-10-06 12:23:42,84.05464961993738,0.05163321555317051,1,silent_drift
2026-10-06 12:23:43,84.22594933114077,0.04002467240355863,1,silent_drift
2026-10-06 12:23:44,83.93571617779976,0.05896335518662513,1,silent_drift
2026-10-06 12:23:45,83.2280641586225,0.053098378827732794,1,silent_drift
2026-10-06 12:23:46,84.35357691232336,0.050295067585517265,1,silent_drift
2026-10-06 12:23:47,83.72183726360555,0.06351382543513344,1,silent_drift
2026-10-06 12:23:48,83.61141315439689,0.07032725862909876,1,silent_drift
2026-10-06 12:23:49,84.0990056839692,0.049656386681699714,1,silent_drift
2026-10-06 12:23:50,84.6906747002614,0.05602159293924454,1,silent_drift
2026-10-06 12:23:51,83.82901235088111,0.06881357691271334,1,silent_drift
2026-10-06 12:23:52,83.86011827382654,0.04916461080558646,1,silent_drift
2026-10-06 12:23:53,85.18222434569579,0.03270462763233736,1,silent_drift
2026-10-06 12:23:54,84.47763968588549,0.0421093093610341,1,silent_drift
2026-10-06 12:23:55,84.848165785244,0.048439237476949434,1,silent_drift
2026-10-06 12:23:56,83.9471921435568,0.044445080392891675,1,silent_drift
2026-10-06 12:23:57,84.57378859559265,0.041217546233996205,1,silent_drift
2026-10-06 12:23:58,84.19084288669931,0.038413438921821426,1,silent_drift
2026-10-06 12:23:59,84.71603418257337,0.052986812993987165,1,silent_drift
2026-10-06 12:24:00,85.09447374232116,0.059249643930086665,1,silent_drift
2026-10-06 12:24:01,84.12107572613269,0.045210932614344584,1,silent_drift
2026-10-06 12:24:02,84.1381853812581,0.04877819952598123,1,silent_drift
2026-10-06 12:24:03,84.17032969339913,0.06280627500903883,1,silent_drift
2026-10-06 12:24:04,85.31884046747378,0.05664284940726404,1,silent_drift
2026-10-06 12:24:05,84.5214787105981,0.03862835710683034,1,silent_drift
2026-10-06 12:24:06,84.52427362673792,0.06502209378127476,1,silent_drift
2026-10-06 12:24:07,84.64497483103563,0.039177965371214776,1,silent_drift
2026-10-06 12:24:08,84.7032294781341,0.06006585686156145,1,silent_drift
2026-10-06 12:24:09,85.24060905910177,0.03260427694273018,1,silent_drift
2026-10-06 12:24:10,85.16751987426001,0.041848212060936175,1,silent_drift
2026-10-06 12:24:11,84.7813055664979,0.04810062519135122,1,silent_drift
2026-10-06 12:24:12,85.19353910369836,0.04505810442654799,1,silent_drift
2026-10-06 12:24:13,85.58345082300868,0.055199022422543244,1,silent_drift
2026-10-06 12:24:14,84.71760652148278,0.03705000618894245,1,silent_drift
2026-10-06 12:24:15,85.40883698545981,0.0581161737779857,1,silent_drift
2026-10-06 12:24:16,86.11146311073011,0.0417566893154908,1,silent_drift
2026-10-06 12:24:17,85.2593480698791,0.04841531211932321,1,silent_drift
2026-10-06 12:24:18,85.59011022597272,0.04142713146702404,1,silent_drift
2026-10-06 12:24:19,85.5341069957351,0.04786542148282987,1,silent_drift
2026-10-06 12:24:20,85.13302678617443,0.04097127596783892,1,silent_drift
2026-10-06 12:24:21,85.43654774175249,0.04620576122760655,1,silent_drift
2026-10-06 12:24:22,85.02390278777678,0.04801704978810923,1,silent_drift
2026-10-06 12:24:23,85.71987770268612,0.05127457485387026,1,silent_drift
2026-10-06 12:24:24,85.9017046435505,0.034246898378158946,1,silent_drift
2026-10-06 12:24:25,86.52926604359347,0.058579250436311,1,silent_drift
2026-10-06 12:24:26,85.5549080343254,0.04235317981229952,1,silent_drift
2026-10-06 12:24:27,85.43895054326613,0.039085114439625424,1,silent_drift
2026-10-06 12:24:28,86.16875516276092,0.0390452220711145,1,silent_drift
2026-10-06 12:24:29,86.28153661682573,0.05884844225964374,1,silent_drift
2026-10-06 12:24:30,85.97456070942457,0.04966207417575813,1,silent_drift
2026-10-06 12:24:31,86.03223867543348,0.04221891818457936,1,silent_drift
2026-10-06 12:24:32,86.2344901631253,0.032423546461346424,1,silent_drift
2026-10-06 12:24:33,86.96270576378214,0.038382588708203255,1,silent_drift
2026-10-06 12:24:34,86.27826473988354,0.05669391704504921,1,silent_drift
2026-10-06 12:24:35,86.76690252117258,0.030396554740772484,1,silent_drift
2026-10-06 12:24:36,86.29085405107276,0.047940621274012156,1,silent_drift
2026-10-06 12:24:37,86.50463841657059,0.04825229413488405,1,silent_drift
2026-10-06 12:24:38,87.41236976162276,0.05788933771156567,1,silent_drift
2026-10-06 12:24:39,86.91963324401763,0.05522617461185396,1,silent_drift
2026-10-06 12:24:40,86.87266606829192,0.05338193424738228,1,silent_drift
2026-10-06 12:24:41,86.68382670731648,0.03437771910381542,1,silent_drift
2026-10-06 12:24:42,86.90463742580593,0.05390785478107697,1,silent_drift
2026-10-06 12:24:43,86.52583437366803,0.03922620501731567,1,silent_drift
2026-10-06 12:24:44,87.07072975113753,0.04852928821969281,1,silent_drift
2026-10-06 12:24:45,87.57998828113259,0.05768081067658155,1,silent_drift
2026-10-06 12:24:46,87.1686149973439,0.03642211902955162,1,silent_drift
2026-10-06 12:24:47,87.30815388444027,0.05013227671988223,1,silent_drift
2026-10-06 12:24:48,87.3386902401712,0.04274351071368042,1,silent_drift
2026-10-06 12:24:49,86.96945195691778,0.05777367045079205,1,silent_drift
2026-10-06 12:24:50,87.20050734452893,0.046250057739397596,1,silent_drift
2026-10-06 12:24:51,86.92098341881407,0.05395453675779407,1,silent_drift
2026-10-06 12:24:52,86.78411633142362,0.05954611713045117,1,silent_drift
2026-10-06 12:24:53,86.75429784604418,0.04161277684390649,1,silent_drift
2026-10-06 12:24:54,87.69238827557905,0.052636288285899765,1,silent_drift
2026-10-06 12:24:55,87.78789333882102,0.05583520371184972,1,silent_drift
2026-10-06 12:24:56,88.05747867014183,0.06746312314123684,1,silent_drift
2026-10-06 12:24:57,87.17390036094314,0.04602531878904978,1,silent_drift
2026-10-06 12:24:58,87.16846766331587,0.052369342860991486,1,silent_drift
2026-10-06 12:24:59,88.10055466285603,0.04434808919999897,1,silent_drift
2026-10-06 12:25:00,70.96767457439451,0.08681716180046915,0,normal
2026-10-06 12:25:01,72.16431159898424,0.043095308588469224,0,normal
2026-10-06 12:25:02,73.54099375032013,0.06569841463612283,0,normal
2026-10-06 12:25:03,69.16112483116098,0.058173631883581614,0,normal
2026-10-06 12:25:04,71.77244386996074,0.05080036026669425,0,normal
2026-10-06 12:25:05,70.56346458663567,0.05792453599345587,0,normal
2026-10-06 12:25:06,72.7756901239048,0.05996348873537548,0,normal
2026-10-06 12:25:07,66.07308112992189,0.07202525026704736,0,normal
2026-10-06 12:25:08,67.58723026501535,0.07894603366683704,0,normal
2026-10-06 12:25:09,71.32240525206264,0.10757837099943417,0,normal
2026-10-06 12:25:10,72.02646199474013,0.11149494519381509,0,normal
2026-10-06 12:25:11,70.71152747948038,0.06777226591156624,0,normal
2026-10-06 12:25:12,71.57221968491442,0.11560624844041187,0,normal
2026-10-06 12:25:13,71.59941892529982,0.07880508335332288,0,normal
2026-10-06 12:25:14,70.0936028365589,0.07372659823623523,0,normal
2026-10-06 12:25:15,70.8041579710157,0.108609612721914,0,normal
2026-10-06 12:25:16,71.52390956543887,0.058074156942271526,0,normal
2026-10-06 12:25:17,67.12027246354847,0.06794562491766885,0,normal
2026-10-06 12:25:18,71.24489530721277,0.11279116802326691,0,normal
2026-10-06 12:25:19,69.53499014082283,0.05424927049798746,0,normal
2026-10-06 12:25:20,70.93455160661526,0.14495308449637134,0,normal
2026-10-06 12:25:21,68.96523663307012,0.09540699298590394,0,normal
2026-10-06 12:25:22,69.22298445942774,0.060302294712597106,0,normal
2026-10-06 12:25:23,70.05950826770245,0.07657519042112126,0,normal
2026-10-06 12:25:24,67.19062819389131,0.12145989715299518,0,normal
2026-10-06 12:25:25,70.91101792782739,0.07457394702559902,0,normal
2026-10-06 12:25:26,70.0259049152556,0.10975544592878361,0,normal
2026-10-06 12:25:27,75.63350414541519,0.07046331411152872,0,normal
2026-10-06 12:25:28,73.33803567847133,0.05322196381027256,0,normal
2026-10-06 12:25:29,71.14417641866373,0.06406102636197905,0,normal
2026-10-06 12:25:30,71.35463334894321,0.01862015247225486,0,normal
2026-10-06 12:25:31,72.3411256598182,0.09891702519211787,0,normal
2026-10-06 12:25:32,67.02998105825836,0.037122184602229644,0,normal
2026-10-06 12:25:33,67.85630351752515,0.12329694136527242,0,normal
2026-10-06 12:25:34,68.84536334286192,0.0706704636656433,0,normal
2026-10-06 12:25:35,71.84675593772651,0.04446688901030409,0,normal
2026-10-06 12:25:36,69.63327701238448,0.09580788034146151,0,normal
2026-10-06 12:25:37,71.54357304785259,0.060158357582863725,0,normal
2026-10-06 12:25:38,70.51657105918403,0.09725187344662564,0,normal
2026-10-06 12:25:39,73.80139582713825,0.09212597322987422,0,normal
2026-10-06 12:25:40,73.49637644612135,0.12048636254006617,0,normal
2026-10-06 12:25:41,70.74104683713328,0.06928751616158753,0,normal
2026-10-06 12:25:42,73.20319004554278,0.09046096118077492,0,normal
2026-10-06 12:25:43,68.45212134994755,0.0869574435351632,0,normal
2026-10-06 12:25:44,66.72553588183024,0.0834122579311116,0,normal
2026-10-06 12:25:45,67.11589620500334,0.07166043830844171,0,normal
2026-10-06 12:25:46,67.59360426127115,0.06291778714322431,0,normal
2026-10-06 12:25:47,68.68669983847965,0.07976369147744392,0,normal
2026-10-06 12:25:48,72.30408058950135,0.029669174574004878,0,normal
2026-10-06 12:25:49,71.60098226151248,0.08693120953454485,0,normal
2026-10-06 12:25:50,73.1676396723868,0.04818072238357735,0,normal
2026-10-06 12:25:51,71.08820497688147,0.04297853750109403,0,normal
2026-10-06 12:25:52,72.56345619715778,0.10047702278050116,0,normal
2026-10-06 12:25:53,73.19349381525723,0.048803495049892245,0,normal
2026-10-06 12:25:54,69.17254346210748,0.08072211841767082,0,normal
2026-10-06 12:25:55,70.84648735553849,0.051677650889432755,0,normal
2026-10-06 12:25:56,65.49711191530791,0.10953824472620695,0,normal
2026-10-06 12:25:57,72.30910710208707,0.10262924747998345,0,normal
2026-10-06 12:25:58,69.15875452679938,0.13007618776760008,0,normal
2026-10-06 12:25:59,71.10649484825215,0.05439195456389327,0,normal
2026-10-06 12:26:00,70.3938954537041,0.09975935354447223,0,normal
2026-10-06 12:26:01,70.84551034637285,0.06087337493867489,0,normal
2026-10-06 12:26:02,74.98936958525476,0.0761162700860655,0,normal
2026-10-06 12:26:03,72.35759850971691,0.06241749846188585,0,normal
2026-10-06 12:26:04,71.85784590109286,0.11612318609994801,0,normal
2026-10-06 12:26:05,71.08351918812966,0.05526995433982267,0,normal
2026-10-06 12:26:06,71.09277243918993,0.09882772768826596,0,normal
2026-10-06 12:26:07,70.0657951503526,0.06368003345272534,0,normal
2026-10-06 12:26:08,68.27033839436639,0.06265284309036723,0,normal
2026-10-06 12:26:09,73.11501956248212,0.11984681063264518,0,normal
2026-10-06 12:26:10,69.5193975923645,0.10044813995824947,0,normal
2026-10-06 12:26:11,70.83261590510078,0.11940321290760883,0,normal
2026-10-06 12:26:12,72.39382519653151,0.08735108673848302,0,normal
2026-10-06 12:26:13,69.96215435362868,0.09319640529954608,0,normal
2026-10-06 12:26:14,72.69963392077698,0.08447003281735274,0,normal
2026-10-06 12:26:15,72.85170832599607,0.12818713869555665,0,normal
2026-10-06 12:26:16,72.39684821201045,0.03876718110573802,0,normal
2026-10-06 12:26:17,71.74662445814249,0.05931035810145502,0,normal
2026-10-06 12:26:18,74.71854829127706,0.07448911913464351,0,normal
2026-10-06 12:26:19,69.58852562694688,0.0776607267785023,0,normal
2026-10-06 12:26:20,72.91304220903174,0.07097748866942753,0,normal
2026-10-06 12:26:21,72.65686970591952,0.1222843033289128,0,normal
2026-10-06 12:26:22,67.96985499511452,0.08373440779726403,0,normal
2026-10-06 12:26:23,73.32048224837102,0.08536488403721644,0,normal
2026-10-06 12:26:24,70.68713022897603,0.034123384782129514,0,normal
2026-10-06 12:26:25,73.12743774235949,0.07758898401519725,0,normal
2026-10-06 12:26:26,71.48021247253389,0.10527135489652194,0,normal
2026-10-06 12:26:27,72.92641049492678,0.09308730196100065,0,normal
2026-10-06 12:26:28,72.75556680987125,0.10564630474563702,0,normal
2026-10-06 12:26:29,69.78656284145526,0.08639568914322442,0,normal
2026-10-06 12:26:30,71.71787158838232,0.07457310634860606,0,normal
2026-10-06 12:26:31,71.99408160058054,0.051980763702984774,0,normal
2026-10-06 12:26:32,68.71662112943324,0.021161465492150713,0,normal
2026-10-06 12:26:33,69.81913665203068,0.08052804500807564,0,normal
2026-10-06 12:26:34,69.62804158445827,0.045586111372716585,0,normal
2026-10-06 12:26:35,67.08946612579315,0.09103288370649928,0,normal
2026-10-06 12:26:36,72.41469359769616,0.08022100975431144,0,normal
2026-10-06 12:26:37,71.10632738393284,0.09248649756761318,0,normal
2026-10-06 12:26:38,73.11782289369832,0.06743950807186735,0,normal
2026-10-06 12:26:39,70.13888109474242,0.13951802172819502,0,normal
2026-10-06 12:26:40,129.422484089024,0.05478437374877299,1,spike
2026-10-06 12:26:41,129.10416995228366,0.036983128663338645,1,spike
2026-10-06 12:26:42,126.23066709558942,0.039351930163834814,1,spike
2026-10-06 12:26:43,128.099534712545,0.0623734688426167,1,spike
2026-10-06 12:26:44,126.90085488231578,0.036358837078182035,1,spike
2026-10-06 12:26:45,126.60751229929177,0.06117442169236077,1,spike
2026-10-06 12:26:46,125.35689658135229,0.05663506399760043,1,spike
2026-10-06 12:26:47,70.77667979546155,0.0796059270682326,0,normal
2026-10-06 12:26:48,72.979209798513,0.10364002664598344,0,normal
2026-10-06 12:26:49,71.46064350533192,0.10756278100017502,0,normal
2026-10-06 12:26:50,72.14941022888449,0.04584343516208016,0,normal
2026-10-06 12:26:51,71.79063667321684,0.11290353041464257,0,normal
2026-10-06 12:26:52,71.54107601874794,0.07898736702639401,0,normal
2026-10-06 12:26:53,70.05147095323866,0.10517077758302756,0,normal
2026-10-06 12:26:54,71.98586649162219,0.07702679238005175,0,normal
2026-10-06 12:26:55,73.65876218895481,0.06759529215618047,0,normal
2026-10-06 12:26:56,70.99687514266664,0.07653444261880538,0,normal
2026-10-06 12:26:57,70.1482921698865,0.07722500858090216,0,normal
2026-10-06 12:26:58,68.29928761158119,0.12258903778106373,0,normal
2026-10-06 12:26:59,71.49185526991035,0.08786694595856676,0,normal
2026-10-06 12:27:00,70.54594670546777,0.0930604815396397,0,normal
2026-10-06 12:27:01,73.31334666479577,0.07015856307128134,0,normal
2026-10-06 12:27:02,72.42128628206798,0.10292276047819607,0,normal
2026-10-06 12:27:03,72.6440814417281,0.09151256113638255,0,normal
2026-10-06 12:27:04,71.80849868228182,0.08383516554734856,0,normal
2026-10-06 12:27:05,72.00964973073386,0.09865003686240158,0,normal
2026-10-06 12:27:06,69.76949013802347,0.10274358119136927,0,normal
2026-10-06 12:27:07,69.49358720983744,0.059411161973309104,0,normal
2026-10-06 12:27:08,68.2010215158059,0.054204395221375434,0,normal
2026-10-06 12:27:09,69.1069467864462,0.12101420400392413,0,normal
2026-10-06 12:27:10,68.58669677999606,0.0658602493503266,0,normal
2026-10-06 12:27:11,67.6769132992593,0.10524278438588369,0,normal
2026-10-06 12:27:12,70.12070928404573,0.10434601672962385,0,normal
2026-10-06 12:27:13,73.80016813274183,0.06472685718729881,0,normal
2026-10-06 12:27:14,72.01052562603353,0.1019122898223345,0,normal
2026-10-06 12:27:15,71.77830002515125,0.0799136519835765,0,normal
2026-10-06 12:27:16,70.53043904792335,0.11063574608556775,0,normal
2026-10-06 12:27:17,70.7546450972733,0.05253496826806198,0,normal
2026-10-06 12:27:18,69.83384483915385,0.09734066832734271,0,normal
2026-10-06 12:27:19,71.53472782989931,0.06023768641882532,0,normal
2026-10-06 12:27:20,68.2629411541577,0.0787633896195126,0,normal
2026-10-06 12:27:21,68.36365490036772,0.03260182249576926,0,normal
2026-10-06 12:27:22,71.49199545072074,0.11255715177447004,0,normal
2026-10-06 12:27:23,71.9848773707338,0.06066335995618611,0,normal
2026-10-06 12:27:24,70.65313479771885,0.13220314955910997,0,normal
2026-10-06 12:27:25,70.498950252215,0.09168239600553113,0,normal
2026-10-06 12:27:26,73.92079823425613,0.10394308809017203,0,normal
2026-10-06 12:27:27,72.37744410025269,0.06090958455701165,0,normal
2026-10-06 12:27:28,69.2273057706458,0.09226519093117812,0,normal
2026-10-06 12:27:29,70.79087832993473,0.030098956822196203,0,normal
2026-10-06 12:27:30,71.51159991602809,0.09311995337058888,0,normal
2026-10-06 12:27:31,70.71466210234568,0.06163619200598208,0,normal
2026-10-06 12:27:32,68.77273683789078,0.10887131440614387,0,normal
2026-10-06 12:27:33,67.26876767907244,0.10162507681997326,0,normal
2026-10-06 12:27:34,67.79350808769081,0.08220244489275333,0,normal
2026-10-06 12:27:35,72.06056370936908,0.09276345494735254,0,normal
2026-10-06 12:27:36,70.0559004286159,0.09454572193599214,0,normal
2026-10-06 12:27:37,68.7981362197435,0.07874764917818972,0,normal
2026-10-06 12:27:38,71.27268115735863,0.09229752169680495,0,normal
2026-10-06 12:27:39,74.89213616587188,0.08279905801419804,0,normal
2026-10-06 12:27:40,70.48765398301924,0.12883416837476436,0,normal
2026-10-06 12:27:41,73.05333749812526,0.10009052720849976,0,normal
2026-10-06 12:27:42,71.30133183360094,0.08103795218694315,0,normal
2026-10-06 12:27:43,70.614459060047,0.08006628062358923,0,normal
2026-10-06 12:27:44,68.1453862709589,0.08664520224455093,0,normal
2026-10-06 12:27:45,70.30464461360027,0.10748578426249297,0,normal
2026-10-06 12:27:46,67.8632133652599,0.06905131652873363,0,normal
2026-10-06 12:27:47,70.14833731623257,0.11124114308474195,0,normal
2026-10-06 12:27:48,71.30236507384745,0.16627988638265656,0,normal
2026-10-06 12:27:49,71.99073954233855,0.06844238180378746,0,normal
2026-10-06 12:27:50,72.09936440718907,0.07270523394843013,0,normal
2026-10-06 12:27:51,73.9493248706612,0.08759471614796878,0,normal
2026-10-06 12:27:52,73.88923501294899,0.07750574092750734,0,normal
2026-10-06 12:27:53,68.91917306897982,0.1038298907114364,0,normal
2026-10-06 12:27:54,70.6702496852004,0.09325896481316101,0,normal
2026-10-06 12:27:55,70.62909531711037,0.07611670273736952,0,normal
2026-10-06 12:27:56,70.87173979303107,0.08391290673316248,0,normal
2026-10-06 12:27:57,70.19138607413953,0.0763125952455801,0,normal
2026-10-06 12:27:58,69.55744411669176,0.1015570232492116,0,normal
2026-10-06 12:27:59,70.12034454669363,0.12361990069746509,0,normal
2026-10-06 12:28:00,70.06595575901156,0.08869180739318269,0,normal
2026-10-06 12:28:01,70.89933751418138,0.12249119775774354,0,normal
2026-10-06 12:28:02,73.70314637675526,0.0645030003352951,0,normal
2026-10-06 12:28:03,72.48925630514087,0.06611943228024818,0,normal
2026-10-06 12:28:04,72.45098093024129,0.10950731642069567,0,normal
2026-10-06 12:28:05,70.03537757713664,0.09012071518153349,0,normal
2026-10-06 12:28:06,71.5683264789975,0.06557597622736147,0,normal
2026-10-06 12:28:07,71.81043748796328,0.061754912749384425,0,normal
2026-10-06 12:28:08,73.05789998322646,0.07305628125237554,0,normal
2026-10-06 12:28:09,71.23053945863752,0.04643096468864114,0,normal
2026-10-06 12:28:10,71.5129494629017,0.02700660063444276,0,normal
2026-10-06 12:28:11,72.48072308912565,0.059079003375617986,0,normal
2026-10-06 12:28:12,69.65916217559409,0.04962099533690853,0,normal
2026-10-06 12:28:13,70.2864712791879,0.062104746241462894,0,normal
2026-10-06 12:28:14,74.45837477565176,0.10427172444324997,0,normal
2026-10-06 12:28:15,73.42266273975798,0.07711257030356311,0,normal
2026-10-06 12:28:16,72.80189670811342,0.06470374801938991,0,normal
2026-10-06 12:28:17,72.71305126341795,0.08280131427719797,0,normal
2026-10-06 12:28:18,70.78284753843722,0.10635309582402318,0,normal
2026-10-06 12:28:19,71.38089324057975,0.09798263943713889,0,normal
2026-10-06 12:28:20,70.07724321664232,0.06604089758369491,0,normal
2026-10-06 12:28:21,69.14633105579219,0.07704663930667577,0,normal
2026-10-06 12:28:22,68.95802565165123,0.008687886904389375,0,normal
2026-10-06 12:28:23,71.34544153402992,0.0711232480927553,0,normal
2026-10-06 12:28:24,69.97628697985174,0.05391526229766678,0,normal
2026-10-06 12:28:25,72.25945782020138,0.08137057598811986,0,normal
2026-10-06 12:28:26,72.76961467404637,0.08052883771387519,0,normal
2026-10-06 12:28:27,74.41291531819395,0.12996167868548264,0,normal
2026-10-06 12:28:28,72.34359134399608,0.06422085222740007,0,normal
2026-10-06 12:28:29,72.6373573198853,0.10335616148374807,0,normal
2026-10-06 12:28:30,71.71044256784946,0.029497174668532085,0,normal
2026-10-06 12:28:31,70.46510028114294,0.07954345296513764,0,normal
2026-10-06 12:28:32,69.69227547651452,0.0899054234234892,0,normal
2026-10-06 12:28:33,68.15258822671854,0.068342435463661,0,normal
2026-10-06 12:28:34,68.35570240792924,0.05323287117021422,0,normal
2026-10-06 12:28:35,67.65081573705731,0.08319663992126809,0,normal
2026-10-06 12:28:36,71.39042446232453,0.06741915716361026,0,normal
2026-10-06 12:28:37,73.06007578010855,0.08596371342312628,0,normal
2026-10-06 12:28:38,71.88501658074064,0.10171726550270302,0,normal
2026-10-06 12:28:39,71.7084292882496,0.07935334312165955,0,normal
2026-10-06 12:28:40,70.9495731864264,0.06901949170612205,0,normal
2026-10-06 12:28:41,70.7352032071086,0.10866963600656104,0,normal
2026-10-06 12:28:42,71.97681525215366,0.08198240085336941,0,normal
2026-10-06 12:28:43,69.99539977530668,0.10434196593171399,0,normal
2026-10-06 12:28:44,68.64545340861888,0.07116912002650254,0,normal
2026-10-06 12:28:45,66.88153558239705,0.08257840281356273,0,normal
2026-10-06 12:28:46,70.18742599693852,0.06366020554339455,0,normal
2026-10-06 12:28:47,69.30136989457834,0.08240284331829419,0,normal
2026-10-06 12:28:48,70.02017960622558,0.07334046582638339,0,normal
2026-10-06 12:28:49,72.48242578176308,0.051724172930706525,0,normal
2026-10-06 12:28:50,74.2018965112316,0.042794156542480775,0,normal
2026-10-06 12:28:51,74.44531224079209,0.06680299176630299,0,normal
2026-10-06 12:28:52,72.48131267891095,0.04625920586526416,0,normal
2026-10-06 12:28:53,72.54770534041735,0.11963579270116226,0,normal
2026-10-06 12:28:54,69.73743309971643,0.07549155262407169,0,normal
2026-10-06 12:28:55,70.96120507113056,0.08507224100345984,0,normal
2026-10-06 12:28:56,66.71155402401611,0.08814638329654985,0,normal
2026-10-06 12:28:57,65.36071214089952,0.06164915774917844,0,normal
2026-10-06 12:28:58,68.96895663455687,0.10291487961849206,0,normal
2026-10-06 12:28:59,72.54152502423585,0.052401511299869585,0,normal
2026-10-06 12:29:00,72.43167190167183,0.10465787184786333,0,normal
2026-10-06 12:29:01,69.74209455771995,0.048242749065753404,0,normal
2026-10-06 12:29:02,70.33980366680953,0.0702413501076827,0,normal
2026-10-06 12:29:03,72.40602623877177,0.08836712261232073,0,normal
2026-10-06 12:29:04,73.72848237703408,0.08287692433065698,0,normal
2026-10-06 12:29:05,71.8595477998476,0.10810931176631103,0,normal
2026-10-06 12:29:06,72.73664368560912,0.10543636479490852,0,normal
2026-10-06 12:29:07,66.31549409078286,0.10825563344969283,0,normal
2026-10-06 12:29:08,68.39543986814914,0.07857939696496759,0,normal
2026-10-06 12:29:09,69.56345045518735,0.08874057660363617,0,normal
2026-10-06 12:29:10,70.57593512049137,0.05720565960449567,0,normal
2026-10-06 12:29:11,70.57488069539039,0.09277506947596599,0,normal
2026-10-06 12:29:12,72.22742221207228,0.07844007564225458,0,normal
2026-10-06 12:29:13,72.20534102328197,0.0526289985977656,0,normal
2026-10-06 12:29:14,73.4698342027901,0.09034328228098493,0,normal
2026-10-06 12:29:15,74.6984114519701,0.11431285918593198,0,normal
2026-10-06 12:29:16,73.94112422675022,0.07852788714845142,0,normal
2026-10-06 12:29:17,69.5048837502206,0.1254569240036206,0,normal
2026-10-06 12:29:18,69.63038885176485,0.11081930108167695,0,normal
2026-10-06 12:29:19,71.17156521695185,0.11031515393955824,0,normal
2026-10-06 12:29:20,71.55818594911491,0.07852695576091863,0,normal
2026-10-06 12:29:21,69.29213579099996,0.12043164932297169,0,normal
2026-10-06 12:29:22,69.48146054502777,0.11972161004705664,0,normal
2026-10-06 12:29:23,70.71836564960333,0.06809038904412687,0,normal
2026-10-06 12:29:24,72.2984622774172,0.06553932480628628,0,normal
2026-10-06 12:29:25,72.57956033545769,0.07840325177279377,0,normal
2026-10-06 12:29:26,72.04030913155307,0.06188648923811233,0,normal
2026-10-06 12:29:27,72.2561472862655,0.02592618657097428,0,normal
2026-10-06 12:29:28,72.39230381208793,0.05759848302144921,0,normal
2026-10-06 12:29:29,71.28482374671162,0.10073137913198371,0,normal
2026-10-06 12:29:30,71.25605559161316,0.08403504344072736,0,normal
2026-10-06 12:29:31,70.46291661380823,0.1228740920950092,0,normal
2026-10-06 12:29:32,71.88004094257367,0.06025878921845447,0,normal
2026-10-06 12:29:33,70.03807398705742,0.09488700291090646,0,normal
2026-10-06 12:29:34,69.09130853838397,0.07093385072295365,0,normal
2026-10-06 12:29:35,70.73598825640529,0.11330458078435138,0,normal
2026-10-06 12:29:36,72.17149396099542,0.07963251139078956,0,normal
2026-10-06 12:29:37,70.08146192806075,0.07450391473148071,0,normal
2026-10-06 12:29:38,68.91164448997681,0.03581679368176056,0,normal
2026-10-06 12:29:39,71.14932571140479,0.06922209637787705,0,normal
2026-10-06 12:29:40,74.49514283497804,0.0818356365177561,0,normal
2026-10-06 12:29:41,73.40592738711095,0.09613448385609855,0,normal
2026-10-06 12:29:42,71.04171505586373,0.072333793072317,0,normal
2026-10-06 12:29:43,70.75720354809779,0.06229032337600718,0,normal
2026-10-06 12:29:44,70.79447366227835,0.09857564706575302,0,normal
2026-10-06 12:29:45,65.22545894896551,0.04569489297748797,0,normal
2026-10-06 12:29:46,71.9553912341445,0.11590468540098015,0,normal
2026-10-06 12:29:47,69.20976215246324,0.09615075613785817,0,normal
2026-10-06 12:29:48,70.92008458172751,0.06668525198225449,0,normal
2026-10-06 12:29:49,69.3822629809424,0.10813586089992062,0,normal
2026-10-06 12:29:50,73.99194335971215,0.0924814910758189,0,normal
2026-10-06 12:29:51,72.20919860006428,0.0713699886723459,0,normal
2026-10-06 12:29:52,72.84686459910847,0.12001005311241653,0,normal
2026-10-06 12:29:53,73.07057412787319,0.055802330335979644,0,normal
2026-10-06 12:29:54,72.95993740139515,0.05205798910568052,0,normal
2026-10-06 12:29:55,70.36851686900465,0.0729646410554426,0,normal
2026-10-06 12:29:56,72.22928033052857,0.06368486620055527,0,normal
2026-10-06 12:29:57,66.79946467300275,0.041145898763797456,0,normal
2026-10-06 12:29:58,69.10557846188308,0.016488217417872403,0,normal
2026-10-06 12:29:59,68.0446229273666,0.12419438692414783,0,normal
2026-10-06 12:30:00,69.0,0.05086905190059458,1,dropout
2026-10-06 12:30:01,69.0,0.04190715011841707,1,dropout
2026-10-06 12:30:02,69.0,0.05037986860593783,1,dropout
2026-10-06 12:30:03,69.0,0.036738891025987826,1,dropout
2026-10-06 12:30:04,69.0,0.07398575638325333,1,dropout
2026-10-06 12:30:05,69.0,0.05173207522039748,1,dropout
2026-10-06 12:30:06,69.0,0.06184995146004101,1,dropout
2026-10-06 12:30:07,69.0,0.02734222914571789,1,dropout
2026-10-06 12:30:08,69.0,0.049995272857727764,1,dropout
2026-10-06 12:30:09,69.0,0.04094302696108044,1,dropout
2026-10-06 12:30:10,69.0,0.032363061263977644,1,dropout
2026-10-06 12:30:11,69.0,0.036884727239094695,1,dropout
2026-10-06 12:30:12,69.0,0.05015273775033269,1,dropout
2026-10-06 12:30:13,69.0,0.04352226720421054,1,dropout
2026-10-06 12:30:14,69.0,0.043370508504752346,1,dropout
2026-10-06 12:30:15,69.0,0.03817162956224189,1,dropout
2026-10-06 12:30:16,69.0,0.033153930918726815,1,dropout
2026-10-06 12:30:17,69.0,0.051349443827442456,1,dropout
2026-10-06 12:30:18,69.0,0.04376984612990628,1,dropout
2026-10-06 12:30:19,69.0,0.042371954863323805,1,dropout
2026-10-06 12:30:20,69.87956891127381,0.08737399628101755,0,normal
2026-10-06 12:30:21,70.08935831474787,0.09534411931386272,0,normal
2026-10-06 12:30:22,70.13163632988743,0.07837499951067717,0,normal
2026-10-06 12:30:23,71.0587151282458,0.0729889024640389,0,normal
2026-10-06 12:30:24,68.08797305067753,0.04818258913814842,0,normal
2026-10-06 12:30:25,70.43953221490963,0.058208365125911,0,normal
2026-10-06 12:30:26,76.33226572876355,0.06870114190287793,0,normal
2026-10-06 12:30:27,72.85499330304988,0.05632583960143439,0,normal
2026-10-06 12:30:28,70.61458601169835,0.0635550574733486,0,normal
2026-10-06 12:30:29,74.21435877840845,0.09702048067974416,0,normal
2026-10-06 12:30:30,69.71441511318383,0.10341493358124002,0,normal
2026-10-06 12:30:31,71.09145642377376,0.05394574937255776,0,normal
2026-10-06 12:30:32,69.31062836412332,0.09765808090925918,0,normal
2026-10-06 12:30:33,68.37352988267534,0.0511052361813866,0,normal
2026-10-06 12:30:34,67.6923041530794,0.04993132463127659,0,normal
2026-10-06 12:30:35,69.82406327701156,0.057633166943543895,0,normal
2026-10-06 12:30:36,70.5097985012297,0.06627446752951274,0,normal
2026-10-06 12:30:37,70.92460981686483,0.04324798135519141,0,normal
2026-10-06 12:30:38,70.20688760283025,0.06837689632485347,0,normal
2026-10-06 12:30:39,71.2722725398135,0.07312853299577196,0,normal
2026-10-06 12:30:40,74.49267223892663,0.08172080596212498,0,normal
2026-10-06 12:30:41,71.84359153943657,0.1114936326687179,0,normal
2026-10-06 12:30:42,71.39861179408584,0.07095807738501919,0,normal
2026-10-06 12:30:43,67.8141497964664,0.05580684188223192,0,normal
2026-10-06 12:30:44,72.51467501230644,0.056548909293005864,0,normal
2026-10-06 12:30:45,70.05453828209329,0.06409807095872692,0,normal
2026-10-06 12:30:46,69.88850599591242,0.10415906446781412,0,normal
2026-10-06 12:30:47,71.13922551107751,0.09162389489955199,0,normal
2026-10-06 12:30:48,71.1787661497454,0.07189564001242688,0,normal
2026-10-06 12:30:49,71.25039261466034,0.050269011746362655,0,normal
2026-10-06 12:30:50,70.31732303931823,0.04033111341466322,0,normal
2026-10-06 12:30:51,71.56246849176881,0.10051063604219325,0,normal
2026-10-06 12:30:52,70.5731078389267,0.09197239260014325,0,normal
2026-10-06 12:30:53,73.68974255295564,0.07370417769894189,0,normal
2026-10-06 12:30:54,70.05510028541367,0.09019273768509337,0,normal
2026-10-06 12:30:55,68.13657793988168,0.11683668013483406,0,normal
2026-10-06 12:30:56,70.65456424140638,0.06964122140859523,0,normal
2026-10-06 12:30:57,70.7295155234361,0.10038426202072706,0,normal
2026-10-06 12:30:58,69.77703233041352,0.04784920005809808,0,normal
2026-10-06 12:30:59,69.89273292724812,0.12643183384411621,0,normal
2026-10-06 12:31:00,71.32158857803537,0.08043459584323856,0,normal
2026-10-06 12:31:01,71.29688187898198,0.0974883320768714,0,normal
2026-10-06 12:31:02,72.72739165883945,0.07500521670796188,0,normal
2026-10-06 12:31:03,69.95074458320353,0.08568232474848067,0,normal
2026-10-06 12:31:04,72.66220552800203,0.097028603170377,0,normal
2026-10-06 12:31:05,71.18988438793829,0.07161146968582456,0,normal
2026-10-06 12:31:06,70.3509807850928,0.0959096186378981,0,normal
2026-10-06 12:31:07,69.47109645755876,0.13058807777405596,0,normal
2026-10-06 12:31:08,68.52210359758884,0.06477788043382235,0,normal
2026-10-06 12:31:09,68.51171352491596,0.06483816905198378,0,normal
2026-10-06 12:31:10,66.4376037884171,0.07162891397459167,0,normal
2026-10-06 12:31:11,71.94046586559298,0.08362553563122369,0,normal
2026-10-06 12:31:12,72.05261444932317,0.06250215350245542,0,normal
2026-10-06 12:31:13,73.92756330359407,0.13204947153600693,0,normal
2026-10-06 12:31:14,70.8718828321064,0.1182747305983389,0,normal
2026-10-06 12:31:15,68.35657612372134,0.11861945812531571,0,normal
2026-10-06 12:31:16,72.66550629190972,0.05344554954258007,0,normal
2026-10-06 12:31:17,70.88748413158365,0.0735287320479378,0,normal
2026-10-06 12:31:18,72.47574413060754,0.0927394505343182,0,normal
2026-10-06 12:31:19,72.83465455499541,0.04045119922002644,0,normal
2026-10-06 12:31:20,71.02227731243171,0.056798885383418096,0,normal
2026-10-06 12:31:21,68.8725406656385,0.04092102334541213,0,normal
2026-10-06 12:31:22,69.45699665159762,0.08705037420956953,0,normal
2026-10-06 12:31:23,69.85114926113474,0.08897423720625976,0,normal
2026-10-06 12:31:24,70.98732245386917,0.03213231930331108,0,normal
2026-10-06 12:31:25,70.28379285339037,0.07515972058362602,0,normal
2026-10-06 12:31:26,68.73895940251353,0.050493388011908974,0,normal
2026-10-06 12:31:27,71.04243713690191,0.04983739716096583,0,normal
2026-10-06 12:31:28,71.43626190179484,0.10239862494136899,0,normal
2026-10-06 12:31:29,71.10491482080529,0.07912057829818982,0,normal
2026-10-06 12:31:30,70.51987372341846,0.09103896985986795,0,normal
2026-10-06 12:31:31,68.74152753007219,0.08587065180061519,0,normal
2026-10-06 12:31:32,67.28998010005036,0.05874528191343284,0,normal
2026-10-06 12:31:33,69.06736609732891,0.07609308568997918,0,normal
2026-10-06 12:31:34,69.07478897190413,0.10340607859082028,0,normal
2026-10-06 12:31:35,71.59812128949946,0.0653066659588517,0,normal
2026-10-06 12:31:36,70.69154577680877,0.07627656053836507,0,normal
2026-10-06 12:31:37,74.09728603076492,0.10279977821720276,0,normal
2026-10-06 12:31:38,74.13433706041687,0.06007895792474655,0,normal
2026-10-06 12:31:39,71.08598610267502,0.1031581194350572,0,normal
2026-10-06 12:31:40,72.38793362536939,0.10425633588200024,0,normal
2026-10-06 12:31:41,74.98472625583479,0.06261811511561273,0,normal
2026-10-06 12:31:42,70.10856110532002,0.0811007223476432,0,normal
2026-10-06 12:31:43,70.62452033385841,0.07043959308548466,0,normal
2026-10-06 12:31:44,73.14927143499634,0.1185523509235679,0,normal
2026-10-06 12:31:45,69.62367628415133,0.0361674463715347,0,normal
2026-10-06 12:31:46,70.99921343437944,0.08371130999080835,0,normal
2026-10-06 12:31:47,71.00513236556702,0.029049235684279466,0,normal
2026-10-06 12:31:48,75.77733763256721,0.07689198460130407,0,normal
2026-10-06 12:31:49,71.5246265017776,0.09804452143285956,0,normal
2026-10-06 12:31:50,73.56271426699621,0.05829961285006309,0,normal
2026-10-06 12:31:51,71.13994712684269,0.038166450305669876,0,normal
2026-10-06 12:31:52,74.25810562394247,0.07850509304793744,0,normal
2026-10-06 12:31:53,70.56040265201247,0.11616392316279842,0,normal
2026-10-06 12:31:54,70.7462637056984,0.08673720154320398,0,normal
2026-10-06 12:31:55,70.59819176204847,0.0861492256911208,0,normal
2026-10-06 12:31:56,67.72180049357483,0.07536612375305148,0,normal
2026-10-06 12:31:57,70.28721093647837,0.05461220317316843,0,normal
2026-10-06 12:31:58,71.25010012000521,0.11484614482918845,0,normal
2026-10-06 12:31:59,68.41172990288565,0.13123792790064487,0,normal
2026-10-06 12:32:00,70.14949868939009,0.04154844012292422,0,normal
2026-10-06 12:32:01,72.11207119678609,0.07280064741884448,0,normal
2026-10-06 12:32:02,70.98085542594495,0.03893476052935564,0,normal
2026-10-06 12:32:03,73.543126825663,0.08283664018999165,0,normal
2026-10-06 12:32:04,70.63441029407294,0.09461067384308666,0,normal
2026-10-06 12:32:05,73.02459784579928,0.07608519707640861,0,normal
2026-10-06 12:32:06,70.90916660590169,0.09321420336968356,0,normal
2026-10-06 12:32:07,71.32347125439505,0.046385672666842,0,normal
2026-10-06 12:32:08,69.88735398196306,0.05510844158295325,0,normal
2026-10-06 12:32:09,69.1886826514999,0.04954625230006408,0,normal
2026-10-06 12:32:10,65.8482856344723,0.05464512725376934,0,normal
2026-10-06 12:32:11,73.94178866337336,0.07656602698947336,0,normal
2026-10-06 12:32:12,71.79051896323303,0.06836177535660223,0,normal
2026-10-06 12:32:13,71.3915112131795,0.04774145192612553,0,normal
2026-10-06 12:32:14,71.14217692124413,0.08934300853638984,0,normal
2026-10-06 12:32:15,72.55770753315213,0.10588969235680973,0,normal
2026-10-06 12:32:16,74.24339611427908,0.06578866895015556,0,normal
2026-10-06 12:32:17,72.44666488907458,0.05996162166300552,0,normal
2026-10-06 12:32:18,71.08103102590827,0.05433074709154388,0,normal
2026-10-06 12:32:19,69.45499858970278,0.0772202321669954,0,normal
2026-10-06 12:32:20,68.74837386261495,0.058078987686931906,0,normal
2026-10-06 12:32:21,69.28439452916778,0.1184842423155818,0,normal
2026-10-06 12:32:22,71.72944002387732,0.05562709728473346,0,normal
2026-10-06 12:32:23,69.76093393397251,0.0727487439580484,0,normal
2026-10-06 12:32:24,74.42382381495676,0.09713947612781458,0,normal
2026-10-06 12:32:25,71.22622834657676,0.0664817415252223,0,normal
2026-10-06 12:32:26,75.36275755075275,0.04173292497823722,0,normal
2026-10-06 12:32:27,70.46001025072046,0.08720351020504934,0,normal
2026-10-06 12:32:28,71.11171935938059,0.1107854358534453,0,normal
2026-10-06 12:32:29,71.3313942388113,0.033099694795124535,0,normal
2026-10-06 12:32:30,67.91132670078663,0.06306363904941364,0,normal
2026-10-06 12:32:31,70.6358228504566,0.08544557276698544,0,normal
2026-10-06 12:32:32,66.73871488256164,0.09495984036365161,0,normal
2026-10-06 12:32:33,65.42846230420092,0.043306135975855385,0,normal
2026-10-06 12:32:34,67.63498961849123,0.09194636183957415,0,normal
2026-10-06 12:32:35,69.70308371908234,0.0945561730485542,0,normal
2026-10-06 12:32:36,67.54334231651826,0.056782927413167775,0,normal
2026-10-06 12:32:37,72.50595979807896,0.09642855037475262,0,normal
2026-10-06 12:32:38,72.43904883590544,0.1562908364101122,0,normal
2026-10-06 12:32:39,70.87310189477427,0.10091151627649782,0,normal
2026-10-06 12:32:40,70.51884246885867,0.07945132656831622,0,normal
2026-10-06 12:32:41,71.5570402338522,0.1018210891282002,0,normal
2026-10-06 12:32:42,72.7716319343186,0.08363487925426283,0,normal
2026-10-06 12:32:43,67.95387404974767,0.08597237344137788,0,normal
2026-10-06 12:32:44,70.8992310963948,0.06053703323180906,0,normal
2026-10-06 12:32:45,71.243291601425,0.12551820970497035,0,normal
2026-10-06 12:32:46,66.48335789882722,0.08693592878474567,0,normal
2026-10-06 12:32:47,68.1154909013339,0.09105793532709595,0,normal
2026-10-06 12:32:48,71.90425058974068,0.09478644465533138,0,normal
2026-10-06 12:32:49,71.22776701787289,0.06613788711254688,0,normal
2026-10-06 12:32:50,73.1198767741231,0.11500335014920152,0,normal
2026-10-06 12:32:51,70.41969288132576,0.04719687189466232,0,normal
2026-10-06 12:32:52,72.2473295938547,0.08786458291964708,0,normal
2026-10-06 12:32:53,74.86696062101213,0.056716684731561634,0,normal
2026-10-06 12:32:54,72.01099282895629,0.08806900056889094,0,normal
2026-10-06 12:32:55,70.77858581740918,0.06335224001772463,0,normal
2026-10-06 12:32:56,66.51267931474624,0.06078223084890076,0,normal
2026-10-06 12:32:57,69.54616591891822,0.09890318370534845,0,normal
2026-10-06 12:32:58,68.22381292835156,0.08962345905750108,0,normal
2026-10-06 12:32:59,70.14177727017183,0.11221209098097615,0,normal
2026-10-06 12:33:00,70.99812035192171,0.06144112879715316,0,normal
2026-10-06 12:33:01,71.41925300592493,0.09309667769728994,0,normal
2026-10-06 12:33:02,73.0107107373495,0.11648457842463694,0,normal
2026-10-06 12:33:03,68.70142582387017,0.02567008499338453,0,normal
2026-10-06 12:33:04,71.90140243674743,0.10302722569304362,0,normal
2026-10-06 12:33:05,72.61439340176513,0.12360047577549937,0,normal
2026-10-06 12:33:06,68.68966027102577,0.05914753869305099,0,normal
2026-10-06 12:33:07,68.50145331382663,0.08133093640465312,0,normal
2026-10-06 12:33:08,67.25462436647362,0.06116864875513435,0,normal
2026-10-06 12:33:09,69.59165562543846,0.07808738652946183,0,normal
2026-10-06 12:33:10,69.90669145882042,0.001767809131477685,0,normal
2026-10-06 12:33:11,68.19256356793241,0.07818241792095626,0,normal
2026-10-06 12:33:12,71.56469485605888,0.06536926509849018,0,normal
2026-10-06 12:33:13,72.16286578067458,0.0663065752380647,0,normal
2026-10-06 12:33:14,74.31144434047866,0.05099011028678087,0,normal
2026-10-06 12:33:15,73.07784872499089,0.06244112153634799,0,normal
2026-10-06 12:33:16,70.90165187501094,0.07049410584336575,0,normal
2026-10-06 12:33:17,70.83011265333182,0.09585003374031703,0,normal
2026-10-06 12:33:18,71.47816085782756,0.05486091733637098,0,normal
2026-10-06 12:33:19,69.01634269495813,0.06332049736699694,0,normal
2026-10-06 12:33:20,68.40017487183486,0.051965225895033426,1,silent_drift
2026-10-06 12:33:21,68.7835715984427,0.050400482563476394,1,silent_drift
2026-10-06 12:33:22,68.06467541729543,0.038459618041313454,1,silent_drift
2026-10-06 12:33:23,68.78285014364903,0.06023998215691932,1,silent_drift
2026-10-06 12:33:24,68.62057271018816,0.061366121757472344,1,silent_drift
2026-10-06 12:33:25,68.54115114700363,0.0538593981974382,1,silent_drift
2026-10-06 12:33:26,68.2153829254242,0.04445849757895495,1,silent_drift
2026-10-06 12:33:27,69.21480723605698,0.04712466886649253,1,silent_drift
2026-10-06 12:33:28,68.287280385399,0.058325630544114396,1,silent_drift
2026-10-06 12:33:29,68.18067222285791,0.051856189350852705,1,silent_drift
2026-10-06 12:33:30,69.0831861733226,0.036643820212076614,1,silent_drift
2026-10-06 12:33:31,69.5827177444964,0.05926537978820674,1,silent_drift
2026-10-06 12:33:32,68.2872941139218,0.07183910311297864,1,silent_drift
2026-10-06 12:33:33,68.6557184444836,0.044748230944229014,1,silent_drift
2026-10-06 12:33:34,69.21901648223903,0.059892202031229844,1,silent_drift
2026-10-06 12:33:35,69.0772823788844,0.04882653350927262,1,silent_drift
2026-10-06 12:33:36,68.7353317130338,0.041848263070495065,1,silent_drift
2026-10-06 12:33:37,68.74273711375139,0.051523102467118255,1,silent_drift
2026-10-06 12:33:38,68.76425639360889,0.0592743224970715,1,silent_drift
2026-10-06 12:33:39,69.29104319537709,0.05712372373388798,1,silent_drift
2026-10-06 12:33:40,68.81017560649998,0.04566036713182954,1,silent_drift
2026-10-06 12:33:41,70.15203138875404,0.052211553286047666,1,silent_drift
2026-10-06 12:33:42,69.60125872755216,0.05249258484326312,1,silent_drift
2026-10-06 12:33:43,69.25641649039478,0.037678214716028946,1,silent_drift
2026-10-06 12:33:44,69.94760884901682,0.05195330928162029,1,silent_drift
2026-10-06 12:33:45,70.04492254520092,0.04917002517445357,1,silent_drift
2026-10-06 12:33:46,69.91017376065835,0.04030385596148078,1,silent_drift
2026-10-06 12:33:47,69.27502298311668,0.054845101626236924,1,silent_drift
2026-10-06 12:33:48,69.78220762279598,0.06121913557025232,1,silent_drift
2026-10-06 12:33:49,70.16711811762563,0.05514016224754042,1,silent_drift
2026-10-06 12:33:50,70.18163002607463,0.052103262897188043,1,silent_drift
2026-10-06 12:33:51,69.23124339201192,0.05329941389785795,1,silent_drift
2026-10-06 12:33:52,70.5264060173815,0.05859658490559647,1,silent_drift
2026-10-06 12:33:53,69.94026566732133,0.055930504674847455,1,silent_drift
2026-10-06 12:33:54,69.92542096823249,0.03671567766015145,1,silent_drift
2026-10-06 12:33:55,70.62558736115962,0.044770467267234194,1,silent_drift
2026-10-06 12:33:56,70.34981911009625,0.04457863887716628,1,silent_drift
2026-10-06 12:33:57,70.34576143798033,0.052460494206887726,1,silent_drift
2026-10-06 12:33:58,70.7009819279789,0.061617377231675326,1,silent_drift
2026-10-06 12:33:59,70.63164219850577,0.04828935939874332,1,silent_drift
2026-10-06 12:34:00,70.12219030979344,0.04515323670402834,1,silent_drift
2026-10-06 12:34:01,71.32583030366897,0.044190027547522624,1,silent_drift
2026-10-06 12:34:02,70.12200105787078,0.048460530004800245,1,silent_drift
2026-10-06 12:34:03,70.28523866998611,0.04247843100303305,1,silent_drift
2026-10-06 12:34:04,69.90765337174724,0.05230098288061159,1,silent_drift
2026-10-06 12:34:05,70.71134491026537,0.05209752003351932,1,silent_drift
2026-10-06 12:34:06,70.4353795906783,0.04725395672223714,1,silent_drift
2026-10-06 12:34:07,70.73108273360172,0.06609849152701561,1,silent_drift
2026-10-06 12:34:08,70.2925132655396,0.042646121643938925,1,silent_drift
2026-10-06 12:34:09,70.96990524034567,0.054538053240219826,1,silent_drift
2026-10-06 12:34:10,71.03916902449271,0.04441381741482327,1,silent_drift
2026-10-06 12:34:11,71.20527292412358,0.04677729275963406,1,silent_drift
2026-10-06 12:34:12,71.40384444110455,0.03886085498369002,1,silent_drift
2026-10-06 12:34:13,70.80527598204108,0.06258683911612678,1,silent_drift
2026-10-06 12:34:14,70.84750101843852,0.03280394606684946,1,silent_drift
2026-10-06 12:34:15,71.12848707476104,0.05760160906142797,1,silent_drift
2026-10-06 12:34:16,71.20381902769299,0.06697667315078148,1,silent_drift
2026-10-06 12:34:17,70.62885238132344,0.04387353628197958,1,silent_drift
2026-10-06 12:34:18,71.55421215788127,0.04876268144417637,1,silent_drift
2026-10-06 12:34:19,70.66408862087783,0.03300100921329842,1,silent_drift
2026-10-06 12:34:20,70.89608307217166,0.055371918207518696,1,silent_drift
2026-10-06 12:34:21,72.38866575483654,0.04290862789985292,1,silent_drift
2026-10-06 12:34:22,70.60865555047447,0.05042673714807268,1,silent_drift
2026-10-06 12:34:23,71.55677507979715,0.05402185687346781,1,silent_drift
2026-10-06 12:34:24,71.47275804783754,0.027152390664953584,1,silent_drift
2026-10-06 12:34:25,71.73685306265887,0.058369325003365294,1,silent_drift
2026-10-06 12:34:26,72.02581693341916,0.0754291328273622,1,silent_drift
2026-10-06 12:34:27,70.9101817818597,0.0684951778821106,1,silent_drift
2026-10-06 12:34:28,71.25202107227678,0.04458186126415819,1,silent_drift
2026-10-06 12:34:29,71.61766204494968,0.046914336241634776,1,silent_drift
2026-10-06 12:34:30,72.33513547622694,0.04327898285477922,1,silent_drift
2026-10-06 12:34:31,71.78133997518287,0.05420287483929141,1,silent_drift
2026-10-06 12:34:32,71.51800609690517,0.039745186882635467,1,silent_drift
2026-10-06 12:34:33,72.60648380346632,0.03774183250471623,1,silent_drift
2026-10-06 12:34:34,72.40100771159683,0.05099340768146144,1,silent_drift
2026-10-06 12:34:35,71.7053148661133,0.038669807636427196,1,silent_drift
2026-10-06 12:34:36,73.04308894026865,0.04524445595017471,1,silent_drift
2026-10-06 12:34:37,71.94167838476274,0.04765188946661055,1,silent_drift
2026-10-06 12:34:38,72.36599508718693,0.02608566567548444,1,silent_drift
2026-10-06 12:34:39,72.44971876741914,0.04591451098601069,1,silent_drift
2026-10-06 12:34:40,72.71711079901961,0.05205247147309123,1,silent_drift
2026-10-06 12:34:41,72.82497343466667,0.0369587643125141,1,silent_drift
2026-10-06 12:34:42,72.31397316947309,0.04798248691837523,1,silent_drift
2026-10-06 12:34:43,72.2817340433416,0.052519009486367084,1,silent_drift
2026-10-06 12:34:44,73.40295761079004,0.07005934156838117,1,silent_drift
2026-10-06 12:34:45,72.8350815085644,0.03640718165600021,1,silent_drift
2026-10-06 12:34:46,73.14774618865543,0.07192987776099834,1,silent_drift
2026-10-06 12:34:47,73.10911615419342,0.056847999759916015,1,silent_drift
2026-10-06 12:34:48,72.69713403300098,0.034459068745110524,1,silent_drift
2026-10-06 12:34:49,72.65199241545005,0.028223808612238464,1,silent_drift
2026-10-06 12:34:50,72.2961702256597,0.041595161624632046,1,silent_drift
2026-10-06 12:34:51,73.32540700402728,0.06261569149626504,1,silent_drift
2026-10-06 12:34:52,73.00444252131673,0.04619656542809568,1,silent_drift
2026-10-06 12:34:53,72.88943801725581,0.05359187622224812,1,silent_drift
2026-10-06 12:34:54,72.75039250832647,0.0447065485879338,1,silent_drift
2026-10-06 12:34:55,73.22634942226823,0.048279345558164176,1,silent_drift
2026-10-06 12:34:56,73.48715504969455,0.052226550684081295,1,silent_drift
2026-10-06 12:34:57,73.32410813134094,0.05869030077072912,1,silent_drift
2026-10-06 12:34:58,72.66877683203377,0.053852920653448086,1,silent_drift
2026-10-06 12:34:59,73.36831749301196,0.03358251545561902,1,silent_drift
2026-10-06 12:35:00,72.82324905994246,0.05991219063590378,1,silent_drift
2026-10-06 12:35:01,73.57199465938815,0.05392145995572861,1,silent_drift
2026-10-06 12:35:02,73.74864120038498,0.050790827853614814,1,silent_drift
2026-10-06 12:35:03,73.10797867078588,0.041604098898835956,1,silent_drift
2026-10-06 12:35:04,73.57854816724337,0.04332925097890698,1,silent_drift
2026-10-06 12:35:05,73.91575020509363,0.07087121456259549,1,silent_drift
2026-10-06 12:35:06,73.94014715837005,0.056250612779080986,1,silent_drift
2026-10-06 12:35:07,73.35924560876528,0.03967398285848135,1,silent_drift
2026-10-06 12:35:08,73.36924797264177,0.049364489540178275,1,silent_drift
2026-10-06 12:35:09,74.13234806907451,0.04659899917822446,1,silent_drift
2026-10-06 12:35:10,73.59607702655062,0.05658896860122527,1,silent_drift
2026-10-06 12:35:11,73.26085120684043,0.04894741621913502,1,silent_drift
2026-10-06 12:35:12,74.0477972997321,0.053434307868232556,1,silent_drift
2026-10-06 12:35:13,74.08710082574409,0.04969108861626626,1,silent_drift
2026-10-06 12:35:14,73.72638093291043,0.06507746452603974,1,silent_drift
2026-10-06 12:35:15,73.66603570773225,0.028313147526381404,1,silent_drift
2026-10-06 12:35:16,74.06692956264138,0.051877728760064835,1,silent_drift
2026-10-06 12:35:17,74.05550273558453,0.057177081460588065,1,silent_drift
2026-10-06 12:35:18,74.11308899238176,0.04339114986088815,1,silent_drift
2026-10-06 12:35:19,74.39499631644404,0.03892266496578342,1,silent_drift
2026-10-06 12:35:20,74.51683392663949,0.041518038594672076,1,silent_drift
2026-10-06 12:35:21,74.35490925442089,0.05281502627752414,1,silent_drift
2026-10-06 12:35:22,74.86048638548377,0.02675294487797032,1,silent_drift
2026-10-06 12:35:23,74.15081080497751,0.053565440121691066,1,silent_drift
2026-10-06 12:35:24,75.22225629090354,0.06343885899518821,1,silent_drift
2026-10-06 12:35:25,73.92099122359795,0.04624486770762288,1,silent_drift
2026-10-06 12:35:26,74.57025197877329,0.05070649183808678,1,silent_drift
2026-10-06 12:35:27,74.9161026582188,0.04196658300158781,1,silent_drift
2026-10-06 12:35:28,74.93690827088194,0.06498122867705622,1,silent_drift
2026-10-06 12:35:29,74.82737113726607,0.03719654900079478,1,silent_drift
2026-10-06 12:35:30,74.37466478133167,0.04814845466532249,1,silent_drift
2026-10-06 12:35:31,75.16281178469232,0.03413007251927633,1,silent_drift
2026-10-06 12:35:32,75.4335926445752,0.05864121168707088,1,silent_drift
2026-10-06 12:35:33,75.44440384946755,0.05834201827775275,1,silent_drift
2026-10-06 12:35:34,74.88041782335735,0.03873423651694819,1,silent_drift
2026-10-06 12:35:35,75.90626299829684,0.059334208857254676,1,silent_drift
2026-10-06 12:35:36,74.73829524895449,0.051434359698039764,1,silent_drift
2026-10-06 12:35:37,74.7711299277927,0.04667210013475215,1,silent_drift
2026-10-06 12:35:38,75.70640056840499,0.0390189164330172,1,silent_drift
2026-10-06 12:35:39,75.85764701925511,0.06517706217508072,1,silent_drift
2026-10-06 12:35:40,75.831668082651,0.03972643547573844,1,silent_drift
2026-10-06 12:35:41,74.7863565292664,0.045620080564936834,1,silent_drift
2026-10-06 12:35:42,75.84062767714329,0.0526737163223385,1,silent_drift
2026-10-06 12:35:43,75.75345411561594,0.050074251508611396,1,silent_drift
2026-10-06 12:35:44,75.79463164141933,0.040366037428140114,1,silent_drift
2026-10-06 12:35:45,75.58109299836819,0.027313489623832718,1,silent_drift
2026-10-06 12:35:46,75.13203029887829,0.043156370502092097,1,silent_drift
2026-10-06 12:35:47,75.90971152996298,0.06495552875848265,1,silent_drift
2026-10-06 12:35:48,75.44963510727663,0.040673737078623005,1,silent_drift
2026-10-06 12:35:49,75.22765903907367,0.03806744870916988,1,silent_drift
2026-10-06 12:35:50,76.00185198185662,0.06878373080954607,1,silent_drift
2026-10-06 12:35:51,76.28067477408356,0.06740081380911735,1,silent_drift
2026-10-06 12:35:52,75.3078681023029,0.05493191700402825,1,silent_drift
2026-10-06 12:35:53,76.13018654465496,0.05127764018317719,1,silent_drift
2026-10-06 12:35:54,75.94325356171856,0.0498342798292459,1,silent_drift
2026-10-06 12:35:55,75.79374808661123,0.046974650171528666,1,silent_drift
2026-10-06 12:35:56,76.35965764573108,0.04353554465043659,1,silent_drift
2026-10-06 12:35:57,76.37452264569627,0.040542353601206685,1,silent_drift
2026-10-06 12:35:58,75.63330244806068,0.060370221221066875,1,silent_drift
2026-10-06 12:35:59,76.34550586302242,0.05499080345129908,1,silent_drift
2026-10-06 12:36:00,76.68254752269713,0.05425206480749945,1,silent_drift
2026-10-06 12:36:01,75.82965713162154,0.05497362434361956,1,silent_drift
2026-10-06 12:36:02,76.31532320600873,0.030397125346115317,1,silent_drift
2026-10-06 12:36:03,76.77738733171635,0.044109476738862695,1,silent_drift
2026-10-06 12:36:04,77.02036502763231,0.04693020403625169,1,silent_drift
2026-10-06 12:36:05,76.74905658720834,0.06347937533705067,1,silent_drift
2026-10-06 12:36:06,76.37167693544163,0.07151254589419538,1,silent_drift
2026-10-06 12:36:07,76.44467806207041,0.050743605562462206,1,silent_drift
2026-10-06 12:36:08,76.80342537452646,0.04484348270386704,1,silent_drift
2026-10-06 12:36:09,76.342378462224,0.04242763020823567,1,silent_drift
2026-10-06 12:36:10,77.01988606998059,0.053291457489717815,1,silent_drift
2026-10-06 12:36:11,77.27167726809542,0.03368693095452182,1,silent_drift
2026-10-06 12:36:12,76.81867924428428,0.0491943631398714,1,silent_drift
2026-10-06 12:36:13,77.81926276200524,0.05604968626894874,1,silent_drift
2026-10-06 12:36:14,77.22021397516696,0.0496782138733269,1,silent_drift
2026-10-06 12:36:15,77.11829501326783,0.03624048043188262,1,silent_drift
2026-10-06 12:36:16,77.63606218224375,0.048112729980419995,1,silent_drift
2026-10-06 12:36:17,77.25015680416145,0.04851741779497639,1,silent_drift
2026-10-06 12:36:18,77.00452483714531,0.0523640170911498,1,silent_drift
2026-10-06 12:36:19,77.1638213787029,0.03889211424065505,1,silent_drift
2026-10-06 12:36:20,77.59933422597321,0.04591423293648045,1,silent_drift
2026-10-06 12:36:21,77.82703767585292,0.05021925490337025,1,silent_drift
2026-10-06 12:36:22,77.74647977630224,0.052594644189724114,1,silent_drift
2026-10-06 12:36:23,77.02935944326906,0.0638653861460057,1,silent_drift
2026-10-06 12:36:24,77.6787124252055,0.04759978531762833,1,silent_drift
2026-10-06 12:36:25,77.53382397025624,0.030203499638916432,1,silent_drift
2026-10-06 12:36:26,77.53966067009877,0.043972240929122136,1,silent_drift
2026-10-06 12:36:27,77.66072184110314,0.04169848810377638,1,silent_drift
2026-10-06 12:36:28,78.02462652528106,0.04831596607290808,1,silent_drift
2026-10-06 12:36:29,77.52895583912081,0.05722641850650529,1,silent_drift
2026-10-06 12:36:30,78.31672449448867,0.07193150525957492,1,silent_drift
2026-10-06 12:36:31,78.15025248945311,0.062234165923333876,1,silent_drift
2026-10-06 12:36:32,78.3717603255009,0.05528035769530418,1,silent_drift
2026-10-06 12:36:33,78.01737166191921,0.05001223671416643,1,silent_drift
2026-10-06 12:36:34,78.22258079867706,0.07923874341695732,1,silent_drift
2026-10-06 12:36:35,78.32090513939762,0.06384019803592547,1,silent_drift
2026-10-06 12:36:36,77.80055076542897,0.05032787499427166,1,silent_drift
2026-10-06 12:36:37,77.89977285943391,0.06590279417522069,1,silent_drift
2026-10-06 12:36:38,78.65757056394867,0.03544112412377208,1,silent_drift
2026-10-06 12:36:39,78.26225784483381,0.04428042075116431,1,silent_drift
2026-10-06 12:36:40,78.31767926694883,0.04641580178581064,1,silent_drift
2026-10-06 12:36:41,78.64640548880509,0.05935892570907689,1,silent_drift
2026-10-06 12:36:42,78.42583336254057,0.04397124827761482,1,silent_drift
2026-10-06 12:36:43,79.27980242027743,0.050688995172123025,1,silent_drift
2026-10-06 12:36:44,78.73637298223417,0.04398010931123293,1,silent_drift
2026-10-06 12:36:45,78.69170833667161,0.05558584721742087,1,silent_drift
2026-10-06 12:36:46,78.01606997416815,0.054756698779715625,1,silent_drift
2026-10-06 12:36:47,78.95797839185546,0.04493241886862157,1,silent_drift
2026-10-06 12:36:48,78.5673104977492,0.04159895817738075,1,silent_drift
2026-10-06 12:36:49,79.76789319798634,0.0587845874658775,1,silent_drift
2026-10-06 12:36:50,78.71726941718121,0.03892244432532612,1,silent_drift
2026-10-06 12:36:51,79.07971547105902,0.04210682331063412,1,silent_drift
2026-10-06 12:36:52,79.21759554670533,0.046776064190934774,1,silent_drift
2026-10-06 12:36:53,78.15632015059843,0.03922275870794185,1,silent_drift
2026-10-06 12:36:54,79.47178663951617,0.05266176646829584,1,silent_drift
2026-10-06 12:36:55,79.35468456472155,0.040757688674459225,1,silent_drift
2026-10-06 12:36:56,79.56625616174578,0.05609351153680661,1,silent_drift
2026-10-06 12:36:57,79.46459301001997,0.05998183242072746,1,silent_drift
2026-10-06 12:36:58,79.5853505789667,0.045654850532316105,1,silent_drift
2026-10-06 12:36:59,79.50130805438191,0.04878945795143831,1,silent_drift
2026-10-06 12:37:00,79.6152201613632,0.04624495079734964,1,silent_drift
2026-10-06 12:37:01,79.5408523953094,0.05090404259697852,1,silent_drift
2026-10-06 12:37:02,79.09883026649928,0.04313042792900457,1,silent_drift
2026-10-06 12:37:03,79.67366392276234,0.07138788668909707,1,silent_drift
2026-10-06 12:37:04,80.22931284595059,0.028089735399012532,1,silent_drift
2026-10-06 12:37:05,79.98667236481911,0.04764859817388752,1,silent_drift
2026-10-06 12:37:06,79.39022154034662,0.03982230302719559,1,silent_drift
2026-10-06 12:37:07,80.00229893113102,0.05896639257539647,1,silent_drift
2026-10-06 12:37:08,80.60162976439713,0.053506619855239496,1,silent_drift
2026-10-06 12:37:09,80.59717029320338,0.03609911930085274,1,silent_drift
2026-10-06 12:37:10,80.46657806931856,0.04780725315846352,1,silent_drift
2026-10-06 12:37:11,79.95767110055762,0.02714378426560631,1,silent_drift
2026-10-06 12:37:12,79.43339112389603,0.03907844711874749,1,silent_drift
2026-10-06 12:37:13,80.08873689051066,0.05637404069678373,1,silent_drift
2026-10-06 12:37:14,78.89040518407126,0.033126161274803646,1,silent_drift
2026-10-06 12:37:15,80.41157748431462,0.044141691481989105,1,silent_drift
2026-10-06 12:37:16,80.21961493951581,0.04910500245334548,1,silent_drift
2026-10-06 12:37:17,79.86095472096332,0.053108745060065916,1,silent_drift
2026-10-06 12:37:18,80.74297889073567,0.04155740765203969,1,silent_drift
2026-10-06 12:37:19,81.20894054774845,0.042229304554457905,1,silent_drift
2026-10-06 12:37:20,80.10371726789054,0.04347840241502419,1,silent_drift
2026-10-06 12:37:21,80.44321670792269,0.03340448759551132,1,silent_drift
2026-10-06 12:37:22,80.26313840528685,0.04581636842739024,1,silent_drift
2026-10-06 12:37:23,80.52100690027619,0.05915793702814,1,silent_drift
2026-10-06 12:37:24,80.13104520372308,0.053252718885647525,1,silent_drift
2026-10-06 12:37:25,81.04764265646942,0.044487096368069065,1,silent_drift
2026-10-06 12:37:26,81.28440161717445,0.05238635681883223,1,silent_drift
2026-10-06 12:37:27,80.42329617403095,0.04811416148268174,1,silent_drift
2026-10-06 12:37:28,80.03796459052091,0.046625986985043825,1,silent_drift
2026-10-06 12:37:29,80.58411830144925,0.060051759883938,1,silent_drift
2026-10-06 12:37:30,80.7940060256466,0.040826522300843826,1,silent_drift
2026-10-06 12:37:31,80.84338325524571,0.06307163239823058,1,silent_drift
2026-10-06 12:37:32,80.72127512956142,0.03542877708325519,1,silent_drift
2026-10-06 12:37:33,81.69803233115526,0.040122051216374646,1,silent_drift
2026-10-06 12:37:34,80.39364018296641,0.03483845475051815,1,silent_drift
2026-10-06 12:37:35,81.43186300481915,0.053136720568026985,1,silent_drift
2026-10-06 12:37:36,81.80498911289084,0.05613799000243339,1,silent_drift
2026-10-06 12:37:37,81.31768130875564,0.042261366735910466,1,silent_drift
2026-10-06 12:37:38,81.04293401350765,0.03995905419661711,1,silent_drift
2026-10-06 12:37:39,81.40558202366856,0.043946955872323286,1,silent_drift
2026-10-06 12:37:40,81.4391760239456,0.06839918231287108,1,silent_drift
2026-10-06 12:37:41,81.03206016496489,0.06630426843812753,1,silent_drift
2026-10-06 12:37:42,81.13421506999217,0.037091026329066495,1,silent_drift
2026-10-06 12:37:43,81.24659130724346,0.04418341476729801,1,silent_drift
2026-10-06 12:37:44,81.37021717058357,0.047853077811065764,1,silent_drift
2026-10-06 12:37:45,81.88073714217595,0.05818764058676527,1,silent_drift
2026-10-06 12:37:46,81.09985770496904,0.05264059287534209,1,silent_drift
2026-10-06 12:37:47,81.82496980788545,0.04499358663653679,1,silent_drift
2026-10-06 12:37:48,82.20275233988265,0.042696481043907566,1,silent_drift
2026-10-06 12:37:49,81.72531561611714,0.03519162708414798,1,silent_drift
2026-10-06 12:37:50,81.20491424215241,0.0525698021990189,1,silent_drift
2026-10-06 12:37:51,81.15171792605473,0.06214496267422133,1,silent_drift
2026-10-06 12:37:52,81.2723321492736,0.05567449478814717,1,silent_drift
2026-10-06 12:37:53,81.92530597681365,0.07010747100703092,1,silent_drift
2026-10-06 12:37:54,81.98464629027069,0.056548488099306043,1,silent_drift
2026-10-06 12:37:55,82.09799061120142,0.055113073925087575,1,silent_drift
2026-10-06 12:37:56,82.34481160794014,0.03359484908405816,1,silent_drift
2026-10-06 12:37:57,82.53883124532739,0.03816652338355691,1,silent_drift
2026-10-06 12:37:58,82.34630377312241,0.04697528633906163,1,silent_drift
2026-10-06 12:37:59,82.4058772260479,0.0676985099509258,1,silent_drift
2026-10-06 12:38:00,82.566989108834,0.056707205642783316,1,silent_drift
2026-10-06 12:38:01,82.02696501909637,0.037284011901520545,1,silent_drift
2026-10-06 12:38:02,82.45740700825209,0.06070833570611148,1,silent_drift
2026-10-06 12:38:03,82.46441097560421,0.041381599084175005,1,silent_drift
2026-10-06 12:38:04,83.53410496665433,0.0543642283593811,1,silent_drift
2026-10-06 12:38:05,82.45924859556655,0.04660991682107686,1,silent_drift
2026-10-06 12:38:06,83.267247364659,0.054880466888172684,1,silent_drift
2026-10-06 12:38:07,83.64731775502426,0.057708968359722085,1,silent_drift
2026-10-06 12:38:08,83.3280907105158,0.027943774920919855,1,silent_drift
2026-10-06 12:38:09,82.37203271652723,0.05056962306717941,1,silent_drift
2026-10-06 12:38:10,83.05756006435523,0.0610608228985417,1,silent_drift
2026-10-06 12:38:11,83.30872769606938,0.05206002633240228,1,silent_drift
2026-10-06 12:38:12,82.87278640395502,0.04452666761242105,1,silent_drift
2026-10-06 12:38:13,82.73270655790809,0.054078656033426084,1,silent_drift
2026-10-06 12:38:14,83.73851926084608,0.04642970534423181,1,silent_drift
2026-10-06 12:38:15,82.46253973417309,0.05713174516097868,1,silent_drift
2026-10-06 12:38:16,82.56241085938461,0.042749706923210166,1,silent_drift
2026-10-06 12:38:17,83.43719292117731,0.06449528747631686,1,silent_drift
2026-10-06 12:38:18,83.61947080952405,0.05211018482519058,1,silent_drift
2026-10-06 12:38:19,82.9781153136694,0.05152270253541297,1,silent_drift
2026-10-06 12:38:20,68.19899415814176,0.05819307519856323,0,normal
2026-10-06 12:38:21,67.83691810882196,0.06519053343317913,0,normal
2026-10-06 12:38:22,69.54787260725726,0.027942052272931256,0,normal
2026-10-06 12:38:23,70.11520105060947,0.05338286295283269,0,normal
2026-10-06 12:38:24,70.07767311063311,0.11346157011192035,0,normal
2026-10-06 12:38:25,71.83411345021894,0.09286295597266023,0,normal
2026-10-06 12:38:26,71.23555794779848,0.08142161593495384,0,normal
2026-10-06 12:38:27,71.07268684926044,0.06434145320290952,0,normal
2026-10-06 12:38:28,73.94356108072067,0.06385840060399876,0,normal
2026-10-06 12:38:29,70.81105366335389,0.06847137899783952,0,normal
2026-10-06 12:38:30,71.49464119738785,0.0570807549389777,0,normal
2026-10-06 12:38:31,70.44646697076045,0.05958783591031868,0,normal
2026-10-06 12:38:32,67.90190510830571,0.09340662658881244,0,normal
2026-10-06 12:38:33,69.93127225815684,0.09866309531861012,0,normal
2026-10-06 12:38:34,70.15933524818794,0.08596649215802292,0,normal
2026-10-06 12:38:35,70.46600555941224,0.11192133148644001,0,normal
2026-10-06 12:38:36,69.76853369096652,0.017408113736932476,0,normal
2026-10-06 12:38:37,73.63124790560602,0.05264207197689942,0,normal
2026-10-06 12:38:38,72.34871623077642,0.05816346220362506,0,normal
2026-10-06 12:38:39,74.58592706247343,0.11006222256698793,0,normal
2026-10-06 12:38:40,71.32728158402979,0.08430450490112601,0,normal
2026-10-06 12:38:41,69.05005481214678,0.08638086213086342,0,normal
2026-10-06 12:38:42,70.23366281878123,0.07766807756436546,0,normal
2026-10-06 12:38:43,71.492240099915,0.10744799314874695,0,normal
2026-10-06 12:38:44,69.96272426421686,0.059015326261866084,0,normal
2026-10-06 12:38:45,71.08420489685402,0.07163319466788808,0,normal
2026-10-06 12:38:46,70.53377675513535,0.05401015807885744,0,normal
2026-10-06 12:38:47,69.03374589116966,0.08648821025582053,0,normal
2026-10-06 12:38:48,71.973180244278,0.07916898670712169,0,normal
2026-10-06 12:38:49,71.08840896252595,0.05722618763625769,0,normal
2026-10-06 12:38:50,72.39171086853095,0.04419017017765829,0,normal
2026-10-06 12:38:51,74.95290889282963,0.05460411097448917,0,normal
2026-10-06 12:38:52,73.53325975701244,0.08935834396733715,0,normal
2026-10-06 12:38:53,72.54608011944667,0.012333691147228681,0,normal
2026-10-06 12:38:54,69.15565049697038,0.0684638279957202,0,normal
2026-10-06 12:38:55,69.97423833494098,0.07201635087625745,0,normal
2026-10-06 12:38:56,68.73443928832985,0.0293191779633816,0,normal
2026-10-06 12:38:57,66.01820649751119,0.06869671091851437,0,normal
2026-10-06 12:38:58,71.17451039948104,0.08771948515274751,0,normal
2026-10-06 12:38:59,68.57929881679105,0.10080657208267678,0,normal
2026-10-06 12:39:00,74.45955640314419,0.11563091512609651,0,normal
2026-10-06 12:39:01,68.0936206916912,0.05911187390149389,0,normal
2026-10-06 12:39:02,72.68477869841851,0.05287519607526715,0,normal
2026-10-06 12:39:03,71.89565652675078,0.06491624973742859,0,normal
2026-10-06 12:39:04,71.8964425534972,0.04924587914910872,0,normal
2026-10-06 12:39:05,72.21691382824561,0.04335164716431968,0,normal
2026-10-06 12:39:06,70.06066837205834,0.06433606769306328,0,normal
2026-10-06 12:39:07,70.60533986562719,0.063582275369097,0,normal
2026-10-06 12:39:08,69.16322196838978,0.0812641896094021,0,normal
2026-10-06 12:39:09,69.12058406325913,0.04891598205915527,0,normal
2026-10-06 12:39:10,70.24129857638243,0.07731925871002933,0,normal
2026-10-06 12:39:11,72.26204005015757,0.06492838586222112,0,normal
2026-10-06 12:39:12,73.11613927112906,0.10509760068886512,0,normal
2026-10-06 12:39:13,70.6920472710247,0.09151503744115815,0,normal
2026-10-06 12:39:14,72.41398913593304,0.11457057909318313,0,normal
2026-10-06 12:39:15,73.27462249811798,0.06099871150388038,0,normal
2026-10-06 12:39:16,72.91006978520521,0.08535626729178768,0,normal
2026-10-06 12:39:17,72.23984585384831,0.09534930376125532,0,normal
2026-10-06 12:39:18,69.29528865158325,0.11831351900320092,0,normal
2026-10-06 12:39:19,69.54202189595517,0.068947829331229,0,normal
2026-10-06 12:39:20,68.8429962205414,0.11118317405790043,0,normal
2026-10-06 12:39:21,69.4725137791769,0.1297118408257568,0,normal
2026-10-06 12:39:22,70.23292460602079,0.09199463493137894,0,normal
2026-10-06 12:39:23,68.2479978943846,0.12205782061749026,0,normal
2026-10-06 12:39:24,72.57897590993444,0.10176565024372031,0,normal
2026-10-06 12:39:25,72.01307858392477,0.0791383750561432,0,normal
2026-10-06 12:39:26,70.49445555177074,0.15748804620037254,0,normal
2026-10-06 12:39:27,70.99851206008654,0.04207448395792755,0,normal
2026-10-06 12:39:28,71.19072077201228,0.07221373038294286,0,normal
2026-10-06 12:39:29,72.69267181753509,0.07009260253375638,0,normal
2026-10-06 12:39:30,69.96528142866825,0.09158601595576366,0,normal
2026-10-06 12:39:31,69.14693450650304,0.0719712827305141,0,normal
2026-10-06 12:39:32,69.02688923149056,0.09549433221289072,0,normal
2026-10-06 12:39:33,68.73252964248326,0.07727334907468303,0,normal
2026-10-06 12:39:34,70.59201124457643,0.11046054439138872,0,normal
2026-10-06 12:39:35,70.51210317506343,0.06939396757842081,0,normal
2026-10-06 12:39:36,69.74262298409496,0.07642995366792917,0,normal
2026-10-06 12:39:37,71.8369061185708,0.07494281468020887,0,normal
2026-10-06 12:39:38,68.04034073559541,0.10738730313675851,0,normal
2026-10-06 12:39:39,71.93996013479968,0.07906473046485367,0,normal
2026-10-06 12:39:40,71.49905353832983,0.10053119111401843,0,normal
2026-10-06 12:39:41,69.03099809830334,0.056181830162129034,0,normal
2026-10-06 12:39:42,67.80867552083487,0.08050185573743686,0,normal
2026-10-06 12:39:43,70.40455093492118,0.08883387454535321,0,normal
2026-10-06 12:39:44,68.5529687704301,0.04173140893816406,0,normal
2026-10-06 12:39:45,69.99978077362925,0.1273519923452524,0,normal
2026-10-06 12:39:46,69.51712721657687,0.06806752421610879,0,normal
2026-10-06 12:39:47,70.95776692638155,0.10998731300899138,0,normal
2026-10-06 12:39:48,71.05861580241235,0.08677132789801309,0,normal
2026-10-06 12:39:49,70.0748742585464,0.14615216383235732,0,normal
2026-10-06 12:39:50,71.41691992965586,0.04720335429315655,0,normal
2026-10-06 12:39:51,76.57976438747167,0.08994294831785196,0,normal
2026-10-06 12:39:52,70.83617763070987,0.041175996846363416,0,normal
2026-10-06 12:39:53,72.29892192934898,0.11507079681682986,0,normal
2026-10-06 12:39:54,69.96870508573079,0.07228050878754766,0,normal
2026-10-06 12:39:55,70.87480104935845,0.06619064892929179,0,normal
2026-10-06 12:39:56,69.73890973363103,0.057315876403296454,0,normal
2026-10-06 12:39:57,68.64868924743232,0.07816121828548178,0,normal
2026-10-06 12:39:58,71.55491642478485,0.10500704483275061,0,normal
2026-10-06 12:39:59,70.05155291630432,0.05979776988116446,0,normal
2026-10-06 12:40:00,119.76164256369819,0.038544512406794414,1,spike
2026-10-06 12:40:01,124.88800918119807,0.05094394504295632,1,spike
2026-10-06 12:40:02,124.67375966114923,0.048301742004911635,1,spike
2026-10-06 12:40:03,125.85721677215894,0.04171200498949866,1,spike
2026-10-06 12:40:04,70.95213086207143,0.07801584553039285,0,normal
2026-10-06 12:40:05,70.14047269481544,0.07220745262389859,0,normal
2026-10-06 12:40:06,68.12346178045827,0.10192637229286289,0,normal
2026-10-06 12:40:07,71.53806425018014,0.06123420748358903,0,normal
2026-10-06 12:40:08,71.48218393263436,0.11871476084213746,0,normal
2026-10-06 12:40:09,69.82682855799584,0.05723316737504779,0,normal
2026-10-06 12:40:10,72.56236913097011,0.06381588806631053,0,normal
2026-10-06 12:40:11,69.9098815435835,0.09137980335466658,0,normal
2026-10-06 12:40:12,70.51117918486577,0.07257454617831903,0,normal
2026-10-06 12:40:13,70.33218728229964,0.10983437444084246,0,normal
2026-10-06 12:40:14,74.82560023548838,0.0874955654426735,0,normal
2026-10-06 12:40:15,73.27771537807622,0.07179174115607495,0,normal
2026-10-06 12:40:16,71.1700291965389,0.07350716616457124,0,normal
2026-10-06 12:40:17,72.64810008348891,0.04445366155892002,0,normal
2026-10-06 12:40:18,68.47269276644865,0.14366277231609403,0,normal
2026-10-06 12:40:19,71.12273295785035,0.09476009363085532,0,normal
2026-10-06 12:40:20,67.5044726795628,0.09971470499058258,0,normal
2026-10-06 12:40:21,69.56895348370058,0.07584675200779102,0,normal
2026-10-06 12:40:22,69.59332664143014,0.04388119001546345,0,normal
2026-10-06 12:40:23,67.2435527613235,0.07712617859541898,0,normal
2026-10-06 12:40:24,69.60491223313461,0.09490972931222422,0,normal
2026-10-06 12:40:25,72.13094420216645,0.02459913557430911,0,normal
2026-10-06 12:40:26,68.29054373094837,0.060628184113165715,0,normal
2026-10-06 12:40:27,71.3124544497882,0.06736468240669341,0,normal
2026-10-06 12:40:28,72.65384519710706,0.07675238381590313,0,normal
2026-10-06 12:40:29,74.22347802849933,0.06010368769057067,0,normal
2026-10-06 12:40:30,70.9936679131608,0.03174426216030915,0,normal
2026-10-06 12:40:31,71.04207462014583,0.0577286985566447,0,normal
2026-10-06 12:40:32,72.94039342393668,0.09628858990535025,0,normal
2026-10-06 12:40:33,69.85876251241817,0.07243965921919873,0,normal
2026-10-06 12:40:34,69.28219189557862,0.0739126282290439,0,normal
2026-10-06 12:40:35,69.26036235760236,0.07191835245513029,0,normal
2026-10-06 12:40:36,70.42603805383361,0.07358065553264695,0,normal
2026-10-06 12:40:37,71.83406071744481,0.07486187219729444,0,normal
2026-10-06 12:40:38,73.54021788731143,0.10173342319489284,0,normal
2026-10-06 12:40:39,72.75098986680236,0.08021426993415738,0,normal
2026-10-06 12:40:40,72.57041980361826,0.08095259028916627,0,normal
2026-10-06 12:40:41,70.1035570051906,0.07161298589135676,0,normal
2026-10-06 12:40:42,70.83274337606268,0.06399792639653812,0,normal
2026-10-06 12:40:43,70.87002885734766,0.08584087309209927,0,normal
2026-10-06 12:40:44,68.86394652524278,0.07193088995256217,0,normal
2026-10-06 12:40:45,68.83140826486337,0.08042961413541544,0,normal
2026-10-06 12:40:46,69.71326233937363,0.06254843866686162,0,normal
2026-10-06 12:40:47,68.08462057133734,0.11133229971672143,0,normal
2026-10-06 12:40:48,70.47499579069671,0.1102395280642128,0,normal
2026-10-06 12:40:49,73.61860304700035,0.08141070556992748,0,normal
2026-10-06 12:40:50,71.63243812529996,0.07703706248254187,0,normal
2026-10-06 12:40:51,71.41625401496137,0.12206122200733169,0,normal
2026-10-06 12:40:52,71.44047041779402,0.08267204412970405,0,normal
2026-10-06 12:40:53,72.0848427302138,0.12035079478722215,0,normal
2026-10-06 12:40:54,71.7751273318933,0.10604871526531022,0,normal
2026-10-06 12:40:55,71.62611676534182,0.07841109274353901,0,normal
2026-10-06 12:40:56,69.32253242921665,0.08253887430909898,0,normal
2026-10-06 12:40:57,70.75431929113441,0.01852165799678028,0,normal
2026-10-06 12:40:58,68.38353600820238,0.06129034447739901,0,normal
2026-10-06 12:40:59,71.32981961133075,0.07760217855606186,0,normal
2026-10-06 12:41:00,72.41357718772423,0.05861291432266514,0,normal
2026-10-06 12:41:01,70.75426429091412,0.06448334804291209,0,normal
2026-10-06 12:41:02,73.19324597352933,0.03920787780307275,0,normal
2026-10-06 12:41:03,73.98682030709344,0.06836424192497108,0,normal
2026-10-06 12:41:04,73.09108546163799,0.0922160777713562,0,normal
2026-10-06 12:41:05,72.0829045404822,0.04344289943069221,0,normal
2026-10-06 12:41:06,71.8074579653043,0.05992397351970087,0,normal
2026-10-06 12:41:07,68.67791394391428,0.10558248744598953,0,normal
2026-10-06 12:41:08,69.47386389298993,0.1161822228516989,0,normal
2026-10-06 12:41:09,67.9019033606093,0.06341189063041378,0,normal
2026-10-06 12:41:10,69.2285831566266,0.06403695435373737,0,normal
2026-10-06 12:41:11,69.21668912883635,0.07326566859623597,0,normal
2026-10-06 12:41:12,71.85632503181596,0.09962746103472725,0,normal
2026-10-06 12:41:13,73.28838194264736,0.10035974987560282,0,normal
2026-10-06 12:41:14,74.05263155814053,0.08856524119771168,0,normal
2026-10-06 12:41:15,73.27745921309767,0.02960667445555827,0,normal
2026-10-06 12:41:16,72.31822317850397,0.07063795175652005,0,normal
2026-10-06 12:41:17,73.4852878610173,0.016175342079411528,0,normal
2026-10-06 12:41:18,70.72454247684428,0.09817907202024066,0,normal
2026-10-06 12:41:19,69.46099940490757,0.10661698756044274,0,normal
2026-10-06 12:41:20,69.06221038084126,0.07871219993934772,0,normal
2026-10-06 12:41:21,68.97570727673092,0.10029515651599577,0,normal
2026-10-06 12:41:22,69.37445970945105,0.08008808192997564,0,normal
2026-10-06 12:41:23,73.27565192029928,0.07239412956534232,0,normal
2026-10-06 12:41:24,70.6972622031192,0.07129763647456601,0,normal
2026-10-06 12:41:25,69.87265518964932,0.09470435204455475,0,normal
2026-10-06 12:41:26,73.8900400319998,0.06410625800323576,0,normal
2026-10-06 12:41:27,72.31911136948382,0.05138566651663641,0,normal
2026-10-06 12:41:28,70.49946796064766,0.05586254237783701,0,normal
2026-10-06 12:41:29,70.80897426883666,0.06491679614476123,0,normal
2026-10-06 12:41:30,71.50229706563249,0.0810759525897447,0,normal
2026-10-06 12:41:31,69.6931071116459,0.08646431303569,0,normal
2026-10-06 12:41:32,67.19018524930486,0.07601374708953937,0,normal
2026-10-06 12:41:33,68.9661255953306,0.06919624658497686,0,normal
2026-10-06 12:41:34,69.6265372490978,0.078584833470435,0,normal
2026-10-06 12:41:35,68.74858316640358,0.08866771074506305,0,normal
2026-10-06 12:41:36,72.70721019733914,0.10042860686658427,0,normal
2026-10-06 12:41:37,71.74066424515813,0.06960732271606299,0,normal
2026-10-06 12:41:38,72.51080136920298,0.07673876025411187,0,normal
2026-10-06 12:41:39,74.8683538286779,0.0632668255273185,0,normal
2026-10-06 12:41:40,72.37938718895097,0.12310814757577432,0,normal
2026-10-06 12:41:41,72.439248662285,0.063837984451639,0,normal
2026-10-06 12:41:42,70.43215939490302,0.09405533795572094,0,normal
2026-10-06 12:41:43,69.51195121537762,0.06618820618311891,0,normal
2026-10-06 12:41:44,70.78659887749014,0.0739797974671045,0,normal
2026-10-06 12:41:45,69.12912323598465,0.09845091907165267,0,normal
2026-10-06 12:41:46,67.7602810897465,0.046110357589824034,0,normal
2026-10-06 12:41:47,70.25500735961928,0.08230147461470684,0,normal
2026-10-06 12:41:48,68.42064516553893,0.1048113971666582,0,normal
2026-10-06 12:41:49,70.78558718397028,0.07638869199843205,0,normal
2026-10-06 12:41:50,72.12403333065177,0.09190486321173741,0,normal
2026-10-06 12:41:51,70.93589846367222,0.031385699533045194,0,normal
2026-10-06 12:41:52,69.7633783317744,0.05775553489072337,0,normal
2026-10-06 12:41:53,71.47699115423252,0.06965767675220885,0,normal
2026-10-06 12:41:54,68.14854803806986,0.09640835948819605,0,normal
2026-10-06 12:41:55,68.93802623975438,0.12481382435705926,0,normal
2026-10-06 12:41:56,69.43079181188452,0.0931157121982508,0,normal
2026-10-06 12:41:57,68.48461931683931,0.08678486312955928,0,normal
2026-10-06 12:41:58,70.29512825633701,0.10434423427400044,0,normal
2026-10-06 12:41:59,70.34210060075516,0.07766306156153392,0,normal
2026-10-06 12:42:00,72.44899412369212,0.11757724295062924,0,normal
2026-10-06 12:42:01,70.62215222024207,0.035693226882412894,0,normal
2026-10-06 12:42:02,71.53899055645951,0.08922196866016574,0,normal
2026-10-06 12:42:03,74.17935129140886,0.07468482999632584,0,normal
2026-10-06 12:42:04,72.92064479729929,0.06394445982575384,0,normal
2026-10-06 12:42:05,69.4612824490876,0.105881444514094,0,normal
2026-10-06 12:42:06,70.0192884981829,0.07041186693905391,0,normal
2026-10-06 12:42:07,68.97535891663561,0.11177288732341219,0,normal
2026-10-06 12:42:08,69.9761744441873,0.07843539650161843,0,normal
2026-10-06 12:42:09,68.55284918559902,0.08339607728148682,0,normal
2026-10-06 12:42:10,68.51848158961393,0.09288791799274371,0,normal
2026-10-06 12:42:11,70.61731599894473,0.06411510293868228,0,normal
2026-10-06 12:42:12,71.91496255581075,0.0828804821560818,0,normal
2026-10-06 12:42:13,68.78494623604368,0.07889402359523244,0,normal
2026-10-06 12:42:14,71.76895475540195,0.13847559520889724,0,normal
2026-10-06 12:42:15,74.26156873798837,0.08397419047667798,0,normal
2026-10-06 12:42:16,72.28794262049179,0.1096738606020663,0,normal
2026-10-06 12:42:17,70.59830535271655,0.067877243987637,0,normal
2026-10-06 12:42:18,71.90841592206574,0.1208636198642935,0,normal
2026-10-06 12:42:19,68.12843400012324,0.11140130064963917,0,normal
2026-10-06 12:42:20,69.0241653548918,0.06710151794893622,0,normal
2026-10-06 12:42:21,70.16459826365293,0.10319909736103364,0,normal
2026-10-06 12:42:22,72.71389721334675,0.0825780499704491,0,normal
2026-10-06 12:42:23,72.43147362071588,0.10682108066007272,0,normal
2026-10-06 12:42:24,73.58396754236625,0.08933698518237893,0,normal
2026-10-06 12:42:25,70.19171254735421,0.06411221553563627,0,normal
2026-10-06 12:42:26,70.06378699876467,0.09665647338916057,0,normal
2026-10-06 12:42:27,73.17029958403897,0.09665586375133375,0,normal
2026-10-06 12:42:28,70.04532133094433,0.03169000654367789,0,normal
2026-10-06 12:42:29,70.24989606574451,0.08186556221810559,0,normal
2026-10-06 12:42:30,70.74260210949727,0.11043434091007276,0,normal
2026-10-06 12:42:31,69.97952899939683,0.0892976985091811,0,normal
2026-10-06 12:42:32,70.8944914370796,0.048635159759532094,0,normal
2026-10-06 12:42:33,66.18978152509192,0.11245166303217571,0,normal
2026-10-06 12:42:34,68.65962269704,0.082531616142542,0,normal
2026-10-06 12:42:35,71.72233902120584,0.09216388901032382,0,normal
2026-10-06 12:42:36,69.30028335713423,0.05824368118406585,0,normal
2026-10-06 12:42:37,72.24304893504367,0.08970167271240236,0,normal
2026-10-06 12:42:38,70.43269782115533,0.08394089853350742,0,normal
2026-10-06 12:42:39,73.51752746755821,0.0773885382492324,0,normal
2026-10-06 12:42:40,72.89273372241854,0.05117925452518658,0,normal
2026-10-06 12:42:41,72.80750665014011,0.12202865517748666,0,normal
2026-10-06 12:42:42,70.34337790473072,0.09144634447893162,0,normal
2026-10-06 12:42:43,70.32830705728705,0.09678852655785965,0,normal
2026-10-06 12:42:44,67.4674617898446,0.0878542514959876,0,normal
2026-10-06 12:42:45,68.67710247958013,0.06687066576319725,0,normal
2026-10-06 12:42:46,71.53969723114668,0.1474242123999368,0,normal
2026-10-06 12:42:47,71.71457405535394,0.07263519165397352,0,normal
2026-10-06 12:42:48,73.23721384163515,0.10180500483269407,0,normal
2026-10-06 12:42:49,74.61128714848417,0.04625489491028761,0,normal
2026-10-06 12:42:50,71.80575412533014,0.06981222680906263,0,normal
2026-10-06 12:42:51,72.06843801534343,0.06247001103672804,0,normal
2026-10-06 12:42:52,69.92712232385615,0.09340429423220764,0,normal
2026-10-06 12:42:53,70.34794851983311,0.04306751951359,0,normal
2026-10-06 12:42:54,71.84896203606777,0.05708157212971211,0,normal
2026-10-06 12:42:55,67.987115893831,0.05451954571983396,0,normal
2026-10-06 12:42:56,69.71751879589237,0.08780577853503184,0,normal
2026-10-06 12:42:57,66.94025947722976,0.06407826864205633,0,normal
2026-10-06 12:42:58,70.84980571860895,0.04883037631173163,0,normal
2026-10-06 12:42:59,68.7587322707016,0.07128656629350769,0,normal
2026-10-06 12:43:00,69.2693639838002,0.0766154446832328,0,normal
2026-10-06 12:43:01,72.07086341807965,0.12755477781615943,0,normal
2026-10-06 12:43:02,72.6642649998112,0.09294135044447832,0,normal
2026-10-06 12:43:03,72.28790308295258,0.06228316826973275,0,normal
2026-10-06 12:43:04,73.47442224896828,0.13201450414651578,0,normal
2026-10-06 12:43:05,71.12914319992258,0.11844644396927079,0,normal
2026-10-06 12:43:06,72.30979494783244,0.07338973970120277,0,normal
2026-10-06 12:43:07,71.69488189900386,0.051010942972161424,0,normal
2026-10-06 12:43:08,67.70216769368017,0.09463529904044644,0,normal
2026-10-06 12:43:09,70.36568707047498,0.01584562510497356,0,normal
2026-10-06 12:43:10,70.08925884711654,0.08541212530724782,0,normal
2026-10-06 12:43:11,70.95875399696747,0.09552073146143197,0,normal
2026-10-06 12:43:12,70.97486640524427,0.036631174310080394,0,normal
2026-10-06 12:43:13,71.13592470784687,0.025461295105315467,0,normal
2026-10-06 12:43:14,69.91486314677245,0.09973549093424662,0,normal
2026-10-06 12:43:15,72.26266308277535,0.09529159480914282,0,normal
2026-10-06 12:43:16,70.71124913785555,0.05170665001960107,0,normal
2026-10-06 12:43:17,69.75313037653186,0.050444908940859,0,normal
2026-10-06 12:43:18,71.36020700773464,0.06577800363906362,0,normal
2026-10-06 12:43:19,69.38475111293432,0.06502082722162918,0,normal
2026-10-06 12:43:20,0.0,0.045349353743959986,1,dropout
2026-10-06 12:43:21,0.0,0.049451239925174674,1,dropout
2026-10-06 12:43:22,0.0,0.04297909254550141,1,dropout
2026-10-06 12:43:23,0.0,0.042541438983266656,1,dropout
2026-10-06 12:43:24,0.0,0.054694077197328494,1,dropout
2026-10-06 12:43:25,0.0,0.05417507820635581,1,dropout
2026-10-06 12:43:26,0.0,0.0526186235809957,1,dropout
2026-10-06 12:43:27,0.0,0.050244842009571015,1,dropout
2026-10-06 12:43:28,0.0,0.04708675527164346,1,dropout
2026-10-06 12:43:29,0.0,0.04191718629037138,1,dropout
2026-10-06 12:43:30,0.0,0.05641547769475916,1,dropout
2026-10-06 12:43:31,0.0,0.05447513774981868,1,dropout
2026-10-06 12:43:32,67.22170842031932,0.07817095591781296,0,normal
2026-10-06 12:43:33,71.3988297817369,0.06788968395392528,0,normal
2026-10-06 12:43:34,70.48670824365603,0.07285194614909865,0,normal
2026-10-06 12:43:35,68.55648343159694,0.04722670579942123,0,normal
2026-10-06 12:43:36,70.3109153474174,0.07575418493717957,0,normal
2026-10-06 12:43:37,71.7121585316692,0.038310065600393337,0,normal
2026-10-06 12:43:38,70.82014624060021,0.06242049330901101,0,normal
2026-10-06 12:43:39,72.42505049482217,0.07337699258709579,0,normal
2026-10-06 12:43:40,72.76499489772945,0.06420971376652015,0,normal
2026-10-06 12:43:41,70.47828522296987,0.1242097089458715,0,normal
2026-10-06 12:43:42,69.7688286153154,0.14497729650553276,0,normal
2026-10-06 12:43:43,68.94007538707153,0.04256050574753065,0,normal
2026-10-06 12:43:44,69.56893441417763,0.06761046476606623,0,normal
2026-10-06 12:43:45,67.0242595267626,0.07940109295624038,0,normal
2026-10-06 12:43:46,70.49870266911041,0.045919197529730955,0,normal
2026-10-06 12:43:47,70.6357644601128,0.07528113961924726,0,normal
2026-10-06 12:43:48,71.55663800315213,0.12777534829838944,0,normal
2026-10-06 12:43:49,71.0037305065529,0.08381935592348956,0,normal
2026-10-06 12:43:50,70.15531093681199,0.09048807101144112,0,normal
2026-10-06 12:43:51,73.81844880467725,0.10242799067195309,0,normal
2026-10-06 12:43:52,69.95361762668657,0.09064038150107984,0,normal
2026-10-06 12:43:53,71.27784623169724,0.07013041540897674,0,normal
2026-10-06 12:43:54,71.03450978020233,0.04837095331423474,0,normal
2026-10-06 12:43:55,68.89191444963502,0.09743430001102749,0,normal
2026-10-06 12:43:56,65.96219082863021,0.048242299131553,0,normal
2026-10-06 12:43:57,68.03722642333754,0.05853566290513214,0,normal
2026-10-06 12:43:58,70.58251500574201,0.0517879618178155,0,normal
2026-10-06 12:43:59,70.44978458780763,0.022672436649079877,0,normal
2026-10-06 12:44:00,67.72355716625293,0.046832706881534084,0,normal
2026-10-06 12:44:01,71.64395237187821,0.11087463212269187,0,normal
2026-10-06 12:44:02,72.08275953657932,0.05050009025451287,0,normal
2026-10-06 12:44:03,71.93698448836538,0.08954575247665149,0,normal
2026-10-06 12:44:04,72.62987873899108,0.07560225545410078,0,normal
2026-10-06 12:44:05,70.33709711456218,0.05317630362620261,0,normal
2026-10-06 12:44:06,69.31424218260821,0.0817440451075698,0,normal
2026-10-06 12:44:07,71.48326862583919,0.0605332349772648,0,normal
2026-10-06 12:44:08,69.3570501843587,0.0942805145325174,0,normal
2026-10-06 12:44:09,68.55509361535923,0.09531129111285881,0,normal
2026-10-06 12:44:10,67.56746916057179,0.08039384546920601,0,normal
2026-10-06 12:44:11,67.64864831174886,0.08243279196596671,0,normal
2026-10-06 12:44:12,70.06910447208237,0.06560222702490676,0,normal
2026-10-06 12:44:13,69.06203576668032,0.05696907953467793,0,normal
2026-10-06 12:44:14,73.01688998938056,0.12408468267538891,0,normal
2026-10-06 12:44:15,73.68227968871372,0.082164122637769,0,normal
2026-10-06 12:44:16,72.77213181698839,0.10835130685880631,0,normal
2026-10-06 12:44:17,71.3755127314523,0.06451197795785255,0,normal
2026-10-06 12:44:18,70.71231380361671,0.051396369123446625,0,normal
2026-10-06 12:44:19,70.7671669946778,0.07754764564822197,0,normal
2026-10-06 12:44:20,66.91527671992259,0.05595400863957226,0,normal
2026-10-06 12:44:21,70.13600522935876,0.08165135440315575,0,normal
2026-10-06 12:44:22,71.79556168750042,0.11638877373788424,0,normal
2026-10-06 12:44:23,67.07560662553011,0.12496107634765077,0,normal
2026-10-06 12:44:24,72.83135114253253,0.08529493985264461,0,normal
2026-10-06 12:44:25,71.12383499954028,0.08068910956112549,0,normal
2026-10-06 12:44:26,71.35650285840947,0.07227975886894966,0,normal
2026-10-06 12:44:27,71.95762193352536,0.07772860587934206,0,normal
2026-10-06 12:44:28,70.60633796418585,0.046109907342804755,0,normal
2026-10-06 12:44:29,69.16856325197574,0.12329287872305335,0,normal
2026-10-06 12:44:30,70.30353398811638,0.0837689331527838,0,normal
2026-10-06 12:44:31,72.64583152851009,0.07293097104072457,0,normal
2026-10-06 12:44:32,68.46625954792168,0.07897821956410916,0,normal
2026-10-06 12:44:33,67.05526141472939,0.07106191522247937,0,normal
2026-10-06 12:44:34,71.46013923633217,0.0740673075885054,0,normal
2026-10-06 12:44:35,72.10783321160301,0.08978649911362684,0,normal
2026-10-06 12:44:36,69.68460134133434,0.09333572646615329,0,normal
2026-10-06 12:44:37,70.00106691823287,0.019376215324503447,0,normal
2026-10-06 12:44:38,74.36823722468125,0.034600157320431965,0,normal
2026-10-06 12:44:39,71.30202296885872,0.13731124698850417,0,normal
2026-10-06 12:44:40,72.6949685328332,0.07837912144366987,0,normal
2026-10-06 12:44:41,71.51297627137068,0.1091239241450467,0,normal
2026-10-06 12:44:42,68.27069437475046,0.08123031994495654,0,normal
2026-10-06 12:44:43,69.16949103486637,0.032504338510347085,0,normal
2026-10-06 12:44:44,65.44116077175624,0.0933956444528961,0,normal
2026-10-06 12:44:45,66.5409676451499,0.06767730461890481,0,normal
2026-10-06 12:44:46,72.49739043249306,0.07605861449019592,0,normal
2026-10-06 12:44:47,68.26932972791269,0.08897169314708366,0,normal
2026-10-06 12:44:48,68.62064097562586,0.07258846065230048,0,normal
2026-10-06 12:44:49,71.17040167054257,0.06464070317463882,0,normal
2026-10-06 12:44:50,72.92053546591043,0.024502814588833514,0,normal
2026-10-06 12:44:51,74.043202495992,0.08331188941726003,0,normal
2026-10-06 12:44:52,71.84558547187459,0.09356577822081358,0,normal
2026-10-06 12:44:53,72.67599147767946,0.1072213830156636,0,normal
2026-10-06 12:44:54,73.0012138123661,0.06776222123108377,0,normal
2026-10-06 12:44:55,69.86008969472907,0.03210429163390154,0,normal
2026-10-06 12:44:56,69.45817449018708,0.09590601981013559,0,normal
2026-10-06 12:44:57,69.30687980386604,0.08024841183217411,0,normal
2026-10-06 12:44:58,70.5113511068761,0.056906221873035776,0,normal
2026-10-06 12:44:59,68.26564687736047,0.05615824056433208,0,normal
2026-10-06 12:45:00,89.43136256703606,0.64090211283751,0,normal
2026-10-06 12:45:01,87.54281455288971,0.8747458996000298,0,normal
2026-10-06 12:45:02,92.12747724967373,0.747894106792763,0,normal
2026-10-06 12:45:03,94.37523552931037,0.7229721798022974,0,normal
2026-10-06 12:45:04,95.94178892687647,0.820396621297587,0,normal
2026-10-06 12:45:05,93.81518978262339,1.0973487816238954,0,normal
2026-10-06 12:45:06,92.68587450208713,0.705348700539972,0,normal
2026-10-06 12:45:07,88.6818621824237,0.569121728526511,0,normal
2026-10-06 12:45:08,88.87397940331826,0.516977042537665,0,normal
2026-10-06 12:45:09,94.13289172080525,0.6820870861239576,0,normal
2026-10-06 12:45:10,90.50360216767257,1.0264032722173568,0,normal
2026-10-06 12:45:11,95.42019302699153,0.6955899832559032,0,normal
2026-10-06 12:45:12,87.7076066486514,0.6977512020083956,0,normal
2026-10-06 12:45:13,94.20565500403137,0.5795990547477701,0,normal
2026-10-06 12:45:14,96.40916719233674,0.9422924542505895,0,normal
2026-10-06 12:45:15,91.05831146744103,0.6921668034810389,0,normal
2026-10-06 12:45:16,96.10749851307754,0.45422200667132356,0,normal
2026-10-06 12:45:17,89.02894324716225,0.7838401078740468,0,normal
2026-10-06 12:45:18,87.17027912789537,0.6512713660555657,0,normal
2026-10-06 12:45:19,90.03445213596478,0.9318045693350749,0,normal
2026-10-06 12:45:20,89.54528135718259,0.8043628471027966,0,normal
2026-10-06 12:45:21,90.42301144982054,0.8757981930143938,0,normal
2026-10-06 12:45:22,92.89956866171492,0.784542000592104,0,normal
2026-10-06 12:45:23,91.82057971435079,0.9275610266609674,0,normal
2026-10-06 12:45:24,88.54457747398968,0.8876218374793612,0,normal
2026-10-06 12:45:25,87.66886491069683,0.39904196308685175,0,normal
2026-10-06 12:45:26,89.69288296066195,0.6665991105916955,0,normal
2026-10-06 12:45:27,92.8570471764949,0.5719213303950454,0,normal
2026-10-06 12:45:28,93.60416766490701,0.7553650810211713,0,normal
2026-10-06 12:45:29,90.33554810015133,0.6651650363986238,0,normal
2026-10-06 12:45:30,93.65076275011204,0.5743474894044979,0,normal
2026-10-06 12:45:31,91.47376804617763,0.7596845113397512,0,normal
2026-10-06 12:45:32,89.43096281346995,1.0473236834944673,0,normal
2026-10-06 12:45:33,89.57702985491319,0.8456662828728468,0,normal
2026-10-06 12:45:34,85.79004708565499,0.465715150877281,0,normal
2026-10-06 12:45:35,87.92643634387098,0.6369625755325552,0,normal
2026-10-06 12:45:36,92.07347031340719,1.0238121283890191,0,normal
2026-10-06 12:45:37,92.1767166604625,0.8541056951279935,0,normal
2026-10-06 12:45:38,89.17694002567362,0.4889257797567139,0,normal
2026-10-06 12:45:39,91.75163895081484,0.7521354124594308,0,normal
2026-10-06 12:45:40,90.47118481495843,0.603489741308797,0,normal
2026-10-06 12:45:41,90.92974126056549,0.5679955050487959,0,normal
2026-10-06 12:45:42,94.58998562245252,0.7281042272941377,0,normal
2026-10-06 12:45:43,91.37555205422407,0.6507066011810271,0,normal
2026-10-06 12:45:44,87.58604130974426,0.7578493357229896,0,normal
2026-10-06 12:45:45,87.42151429277132,0.7354273006075635,0,normal
2026-10-06 12:45:46,86.48241735416373,0.7173669804774646,0,normal
2026-10-06 12:45:47,92.21760518323585,0.8672052283125832,0,normal
2026-10-06 12:45:48,93.08230891928541,0.8924647441269786,0,normal
2026-10-06 12:45:49,96.74902120741183,0.6918267034656692,0,normal
2026-10-06 12:45:50,87.64595867240794,0.7194489025621434,0,normal
2026-10-06 12:45:51,93.83079115729166,0.9885284697972332,0,normal
2026-10-06 12:45:52,90.58265123344376,0.6809430641309085,0,normal
2026-10-06 12:45:53,94.45863126285491,0.810756291489646,0,normal
2026-10-06 12:45:54,93.32110956252131,0.822337761882982,0,normal
2026-10-06 12:45:55,85.48451536462599,0.930363276475561,0,normal
2026-10-06 12:45:56,90.57630863668537,0.9808547279582143,0,normal
2026-10-06 12:45:57,90.16844566952582,0.5340687248742235,0,normal
2026-10-06 12:45:58,94.66635685396325,0.7368037052944574,0,normal
2026-10-06 12:45:59,93.3574526325203,0.9057922052509295,0,normal
2026-10-06 12:46:00,91.48024207518975,0.8970392875233145,0,normal
2026-10-06 12:46:01,88.05658872770404,0.7244881828869794,0,normal
2026-10-06 12:46:02,92.92019731442896,0.7594212656642694,0,normal
2026-10-06 12:46:03,91.85397692717697,0.9581182168674883,0,normal
2026-10-06 12:46:04,95.69613803184252,0.7791477355955491,0,normal
2026-10-06 12:46:05,89.04895795805591,0.6300571831268987,0,normal
2026-10-06 12:46:06,83.73438213963807,0.7396280460289526,0,normal
2026-10-06 12:46:07,88.6655487206289,1.000436159080687,0,normal
2026-10-06 12:46:08,90.6032935433878,0.8021221264321376,0,normal
2026-10-06 12:46:09,89.86359685274009,0.8080220904912148,0,normal
2026-10-06 12:46:10,91.9534397399566,0.663713760490333,0,normal
2026-10-06 12:46:11,85.73607257127937,0.6751713150505274,0,normal
2026-10-06 12:46:12,89.80916420003128,0.6152649556049637,0,normal
2026-10-06 12:46:13,91.05730935361782,1.0132094533186131,0,normal
2026-10-06 12:46:14,92.73883579522607,0.7934072804380524,0,normal
2026-10-06 12:46:15,93.31668772398058,0.7650951850306986,0,normal
2026-10-06 12:46:16,94.02746367629267,0.684802839080251,0,normal
2026-10-06 12:46:17,89.46814002935682,0.9090214910510958,0,normal
2026-10-06 12:46:18,92.15082631697159,0.6169837709439583,0,normal
2026-10-06 12:46:19,90.91880408948383,0.5798965669402465,0,normal
2026-10-06 12:46:20,84.99977750297414,0.7833179319369843,0,normal
2026-10-06 12:46:21,91.6736559094381,0.947160873054794,0,normal
2026-10-06 12:46:22,87.52035787660776,0.8318408686324977,0,normal
2026-10-06 12:46:23,86.61676739078506,1.0258087283960244,0,normal
2026-10-06 12:46:24,91.82582891700295,0.5554750559094117,0,normal
2026-10-06 12:46:25,89.15421554722055,0.9425438705901887,0,normal
2026-10-06 12:46:26,91.74044816010199,0.7601695712562536,0,normal
2026-10-06 12:46:27,93.65794490717073,0.768362047716952,0,normal
2026-10-06 12:46:28,87.84178344426613,0.4381737250536051,0,normal
2026-10-06 12:46:29,92.86909178900898,0.7724201383282995,0,normal
2026-10-06 12:46:30,90.01083994208798,0.8872363725464251,0,normal
2026-10-06 12:46:31,89.55552973074656,0.7387125439747307,0,normal
2026-10-06 12:46:32,91.89930859517419,0.9951568563789065,0,normal
2026-10-06 12:46:33,91.252414965982,0.7790083881049567,0,normal
2026-10-06 12:46:34,93.90725493880689,0.5385467301791296,0,normal
2026-10-06 12:46:35,87.87794753404492,0.6523968724968369,0,normal
2026-10-06 12:46:36,86.8533403064901,0.824449110156859,0,normal
2026-10-06 12:46:37,94.28757219426302,0.9168518967210951,0,normal
2026-10-06 12:46:38,91.15206985344639,0.7801344719473557,0,normal
2026-10-06 12:46:39,89.23038503086217,0.6299720471967019,0,normal
2026-10-06 12:46:40,89.87487555366855,0.6089946540581628,0,normal
2026-10-06 12:46:41,94.82028551158932,0.9507725752919374,0,normal
2026-10-06 12:46:42,91.81454577532239,0.7221926167685095,0,normal
2026-10-06 12:46:43,91.00294278587344,0.6840076103362223,0,normal
2026-10-06 12:46:44,88.99067208805738,0.8886056522244246,0,normal
2026-10-06 12:46:45,90.30866319814878,0.8482167402228904,0,normal
2026-10-06 12:46:46,89.66389736799128,0.7524681452021573,0,normal
2026-10-06 12:46:47,92.54671804346717,0.6331411707628315,0,normal
2026-10-06 12:46:48,90.49167823959186,0.8455775206888507,0,normal
2026-10-06 12:46:49,90.98019555588313,0.6961620306139382,0,normal
2026-10-06 12:46:50,93.38288307955912,0.8609522111888201,0,normal
2026-10-06 12:46:51,90.22244475306073,0.7972356386779457,0,normal
2026-10-06 12:46:52,93.51175578793257,0.6839224566079798,0,normal
2026-10-06 12:46:53,90.63123322258544,0.9305772474560957,0,normal
2026-10-06 12:46:54,90.83130006685256,0.7703708097349442,0,normal
2026-10-06 12:46:55,95.31767461505065,0.7396789165286647,0,normal
2026-10-06 12:46:56,85.79192409993284,0.7968721288990049,0,normal
2026-10-06 12:46:57,90.51748087788421,0.7070496314387218,0,normal
2026-10-06 12:46:58,89.04912540588008,0.6445648102285333,0,normal
2026-10-06 12:46:59,87.1531759932593,0.6172879216651508,0,normal
2026-10-06 12:47:00,89.73999549494415,0.654889178077696,0,normal
2026-10-06 12:47:01,91.80337270651864,0.49549614532741787,0,normal
2026-10-06 12:47:02,94.56463224073437,0.7621055521022723,0,normal
2026-10-06 12:47:03,90.14918323455258,1.078819106328561,0,normal
2026-10-06 12:47:04,95.37890427506507,0.7656905672036413,0,normal
2026-10-06 12:47:05,92.92510764883247,0.7882626111139324,0,normal
2026-10-06 12:47:06,92.71323607050728,0.9487469054508887,0,normal
2026-10-06 12:47:07,89.49662980206688,0.5731057899150116,0,normal
2026-10-06 12:47:08,89.63335400449289,0.7200589732202515,0,normal
2026-10-06 12:47:09,88.30288935264025,0.6734589080476288,0,normal
2026-10-06 12:47:10,88.38692145960798,1.0755911279468093,0,normal
2026-10-06 12:47:11,87.65739007549219,0.9877970366645177,0,normal
2026-10-06 12:47:12,85.41835472612186,0.7433024222324313,0,normal
2026-10-06 12:47:13,93.56595898488638,0.8046848874676515,0,normal
2026-10-06 12:47:14,88.74444433677073,0.7527072309287689,0,normal
2026-10-06 12:47:15,92.83788409232189,0.9591510033179533,0,normal
2026-10-06 12:47:16,91.06455857359352,0.8875732303157056,0,normal
2026-10-06 12:47:17,91.47452747935377,0.5999466710334425,0,normal
2026-10-06 12:47:18,88.94174643208032,0.5338977972019725,0,normal
2026-10-06 12:47:19,89.03206612519186,0.5803859967701579,0,normal
2026-10-06 12:47:20,93.8522603588322,0.740430410905241,0,normal
2026-10-06 12:47:21,88.49451527817568,0.8121898834648229,0,normal
2026-10-06 12:47:22,87.71402305766769,0.6510427061429165,0,normal
2026-10-06 12:47:23,91.99286338782122,0.7653219465539848,0,normal
2026-10-06 12:47:24,91.40826107746705,0.6311752468337916,0,normal
2026-10-06 12:47:25,92.63504146183499,0.7447796608183431,0,normal
2026-10-06 12:47:26,90.61562701948256,0.8589719411149347,0,normal
2026-10-06 12:47:27,96.37339143357478,1.1811336090583622,0,normal
2026-10-06 12:47:28,90.3383183610534,0.6057619820280373,0,normal
2026-10-06 12:47:29,93.54854510907953,0.5858515422150075,0,normal
2026-10-06 12:47:30,89.81353108011736,1.1306122279099409,0,normal
2026-10-06 12:47:31,92.94598973269683,0.7522036663471714,0,normal
2026-10-06 12:47:32,90.50913943327912,0.622022993683703,0,normal
2026-10-06 12:47:33,91.72298823814471,0.9723851349440531,0,normal
2026-10-06 12:47:34,91.58927586048567,0.8255109523693176,0,normal
2026-10-06 12:47:35,90.08682875431423,0.6298382233661775,0,normal
2026-10-06 12:47:36,89.18470670347926,0.8597377760933547,0,normal
2026-10-06 12:47:37,88.37868871852868,0.8807617007567206,0,normal
2026-10-06 12:47:38,90.73875440945511,0.8695894715339143,0,normal
2026-10-06 12:47:39,94.90234895678456,0.6434852645260384,0,normal
2026-10-06 12:47:40,90.54257297294278,0.7530137248092444,0,normal
2026-10-06 12:47:41,85.97173506642045,0.8538655746905266,0,normal
2026-10-06 12:47:42,89.55140295737522,0.5030110503159917,0,normal
2026-10-06 12:47:43,89.42267497787627,0.7644542319890003,0,normal
2026-10-06 12:47:44,88.11969016082455,0.847321444862235,0,normal
2026-10-06 12:47:45,89.68114216539803,0.8498656595248085,0,normal
2026-10-06 12:47:46,93.50138382011997,0.7106971509957514,0,normal
2026-10-06 12:47:47,89.19384843968525,0.5055813923530905,0,normal
2026-10-06 12:47:48,92.09852426182285,0.8823857443449634,0,normal
2026-10-06 12:47:49,92.27790428934863,0.8331502852354556,0,normal
2026-10-06 12:47:50,92.32600982469077,0.715737419793378,0,normal
2026-10-06 12:47:51,94.1139476018635,0.7568085438632887,0,normal
2026-10-06 12:47:52,84.34879394416298,0.9336774579913331,0,normal
2026-10-06 12:47:53,98.32253326636764,0.9103282782499227,0,normal
2026-10-06 12:47:54,87.68719461061093,0.8330791508411697,0,normal
2026-10-06 12:47:55,90.71573242421272,0.8042325399264261,0,normal
2026-10-06 12:47:56,93.17361070588954,0.8346039767529434,0,normal
2026-10-06 12:47:57,91.69636434204709,0.7860755516194589,0,normal
2026-10-06 12:47:58,92.94612768287296,0.4703448260786111,0,normal
2026-10-06 12:47:59,90.99902981468989,0.7005654583781092,0,normal
2026-10-06 12:48:00,93.80906803764009,0.7351220426382572,0,normal
2026-10-06 12:48:01,90.61554974797774,0.8325887738699609,0,normal
2026-10-06 12:48:02,95.37296975110606,0.5241942731604776,0,normal
2026-10-06 12:48:03,91.45178066025935,0.579567867930788,0,normal
2026-10-06 12:48:04,92.74115615919646,0.796417202021053,0,normal
2026-10-06 12:48:05,91.77875194348594,0.7674877745843109,0,normal
2026-10-06 12:48:06,96.28825264925473,0.9571921540955366,0,normal
2026-10-06 12:48:07,91.81170213611226,0.49104100739243495,0,normal
2026-10-06 12:48:08,92.01326827711686,0.7212945210859539,0,normal
2026-10-06 12:48:09,89.24851649123018,0.5953887795870385,0,normal
2026-10-06 12:48:10,93.68831834960777,0.6726133822125436,0,normal
2026-10-06 12:48:11,87.68493085917848,0.6968943159808249,0,normal
2026-10-06 12:48:12,90.89309489767712,0.8425551217952529,0,normal
2026-10-06 12:48:13,92.75009127647158,0.8306782517764149,0,normal
2026-10-06 12:48:14,89.17052494358828,0.8042937997807321,0,normal
2026-10-06 12:48:15,92.82161460692274,0.7466842545482937,0,normal
2026-10-06 12:48:16,93.29879547906081,0.7230279404955068,0,normal
2026-10-06 12:48:17,93.27173860085509,0.9346343656506568,0,normal
2026-10-06 12:48:18,90.2032311251581,0.8521433358889191,0,normal
2026-10-06 12:48:19,89.38210171907409,0.6800731527936473,0,normal
2026-10-06 12:48:20,89.08814774544224,0.8590385719386865,0,normal
2026-10-06 12:48:21,88.67603891288222,1.0734858349236935,0,normal
2026-10-06 12:48:22,92.23724075235991,0.806164854331237,0,normal
2026-10-06 12:48:23,93.05858517934169,0.7410757130903796,0,normal
2026-10-06 12:48:24,93.13672907162788,0.5540827368183928,0,normal
2026-10-06 12:48:25,91.55085336681942,0.7852990513012854,0,normal
2026-10-06 12:48:26,91.09987884687735,0.7913720666340238,0,normal
2026-10-06 12:48:27,93.006815027409,0.8138383284125164,0,normal
2026-10-06 12:48:28,94.11891671050452,1.0646687414929912,0,normal
2026-10-06 12:48:29,93.21485414566848,0.7844007366878682,0,normal
2026-10-06 12:48:30,92.55785539998199,0.7221089655271065,0,normal
2026-10-06 12:48:31,89.95694434796293,0.9862502257333875,0,normal
2026-10-06 12:48:32,94.11089173822222,0.620993154454961,0,normal
2026-10-06 12:48:33,90.79400256501387,0.5235645243809515,0,normal
2026-10-06 12:48:34,88.82292595231921,0.7327915601678513,0,normal
2026-10-06 12:48:35,90.7534718137454,0.8084741443128174,0,normal
2026-10-06 12:48:36,93.25269972006001,0.6329288214472683,0,normal
2026-10-06 12:48:37,94.33619290626785,0.7422270766484962,0,normal
2026-10-06 12:48:38,97.71000795604756,0.6598399915241913,0,normal
2026-10-06 12:48:39,94.45705308151523,0.7756275529480412,0,normal
2026-10-06 12:48:40,92.71126026508233,0.6990512133194833,0,normal
2026-10-06 12:48:41,88.95582893617387,0.4267525068744855,0,normal
2026-10-06 12:48:42,93.46940305080616,0.8517022249925957,0,normal
2026-10-06 12:48:43,91.45101124134946,0.6938207214687433,0,normal
2026-10-06 12:48:44,89.2880699129706,0.7139217295413945,0,normal
2026-10-06 12:48:45,86.43136762679532,0.8111628611372144,0,normal
2026-10-06 12:48:46,91.53375671972391,0.8549852855597996,0,normal
2026-10-06 12:48:47,88.17517121710225,0.8590793293672441,0,normal
2026-10-06 12:48:48,87.5488901960216,0.7169065150058161,0,normal
2026-10-06 12:48:49,93.72154571597527,0.8537951481875512,0,normal
2026-10-06 12:48:50,91.80364992824052,0.8399950992425458,0,normal
2026-10-06 12:48:51,90.76615925017744,0.7696955890642213,0,normal
2026-10-06 12:48:52,93.83839886130384,0.6958552872649819,0,normal
2026-10-06 12:48:53,92.56921019909319,0.9610748965889274,0,normal
2026-10-06 12:48:54,94.83963755907602,0.5761797805801883,0,normal
2026-10-06 12:48:55,93.07522678494735,0.7479590465211936,0,normal
2026-10-06 12:48:56,87.61054557029468,0.8908078692781468,0,normal
2026-10-06 12:48:57,90.89354616272281,0.6001891712751387,0,normal
2026-10-06 12:48:58,91.03607767858016,0.4253986506530909,0,normal
2026-10-06 12:48:59,87.35286758747849,0.7027065163830126,0,normal
2026-10-06 12:49:00,95.29938855335436,0.8127121556663754,0,normal
2026-10-06 12:49:01,88.78977185258174,0.6541203030765533,0,normal
2026-10-06 12:49:02,91.31729490628368,0.5694733602575324,0,normal
2026-10-06 12:49:03,94.16911612125855,1.0692891965098497,0,normal
2026-10-06 12:49:04,94.93128847223852,0.6549985564966984,0,normal
2026-10-06 12:49:05,91.24737487776231,0.43747825576846505,0,normal
2026-10-06 12:49:06,89.76450897108867,0.5045192171916112,0,normal
2026-10-06 12:49:07,90.27077974852838,0.6244478409206838,0,normal
2026-10-06 12:49:08,89.33524048422738,0.5265119796747382,0,normal
2026-10-06 12:49:09,89.18852595185446,0.580880359935454,0,normal
2026-10-06 12:49:10,91.7689970995112,0.8294023228251466,0,normal
2026-10-06 12:49:11,92.01770669959969,0.757461632847123,0,normal
2026-10-06 12:49:12,88.6366923393576,1.0163110598244094,0,normal
2026-10-06 12:49:13,93.27626931644039,0.7462782622733581,0,normal
2026-10-06 12:49:14,94.67067075389699,0.822376199348798,0,normal
2026-10-06 12:49:15,94.39199009412499,0.6355794341831662,0,normal
2026-10-06 12:49:16,92.87475213002702,0.7827492172333608,0,normal
2026-10-06 12:49:17,90.46088923806651,0.9862014564284092,0,normal
2026-10-06 12:49:18,90.54133220449428,0.8214289212876247,0,normal
2026-10-06 12:49:19,89.01209397467036,0.4906946624276662,0,normal
2026-10-06 12:49:20,89.67192290321599,0.759526129407903,0,normal
2026-10-06 12:49:21,88.37196527341382,0.9715633053841933,0,normal
2026-10-06 12:49:22,90.34654060090045,0.5081014690933116,0,normal
2026-10-06 12:49:23,87.51648092005779,0.56050398877122,0,normal
2026-10-06 12:49:24,90.25881207089527,0.5514567753938636,0,normal
2026-10-06 12:49:25,93.60276671615041,0.7790254952999104,0,normal
2026-10-06 12:49:26,94.13904924458642,0.9065430171949574,0,normal
2026-10-06 12:49:27,92.98951221228464,0.5922253975594995,0,normal
2026-10-06 12:49:28,98.80384832462947,0.8474179987601689,0,normal
2026-10-06 12:49:29,92.95494306862653,0.5352235686104918,0,normal
2026-10-06 12:49:30,88.48971012828264,0.8727550639184161,0,normal
2026-10-06 12:49:31,92.7431035714494,0.8432718562230955,0,normal
2026-10-06 12:49:32,92.84865056279162,0.6057885951281992,0,normal
2026-10-06 12:49:33,84.95649462685004,0.7640751855015359,0,normal
2026-10-06 12:49:34,93.26163336498426,1.0586392011654204,0,normal
2026-10-06 12:49:35,91.07050426299114,0.6656864609565758,0,normal
2026-10-06 12:49:36,93.95928444162625,0.38744627943463905,0,normal
2026-10-06 12:49:37,93.65439189655694,0.8820668946596592,0,normal
2026-10-06 12:49:38,97.22199302548607,1.0637512977929227,0,normal
2026-10-06 12:49:39,94.21038159039666,0.7869246413386597,0,normal
2026-10-06 12:49:40,93.20099612343253,0.6443911598117874,0,normal
2026-10-06 12:49:41,90.17372697332465,0.7652158088456344,0,normal
2026-10-06 12:49:42,91.73826382356877,0.5009526384606646,0,normal
2026-10-06 12:49:43,90.64503209335925,0.7215838364910074,0,normal
2026-10-06 12:49:44,89.5475143463451,1.0519857349854336,0,normal
2026-10-06 12:49:45,90.7094878193374,0.8027924658309343,0,normal
2026-10-06 12:49:46,93.85539428295941,0.6505836683676617,0,normal
2026-10-06 12:49:47,91.79811422950233,0.4350230180042249,0,normal
2026-10-06 12:49:48,93.06965755592947,0.582738245820345,0,normal
2026-10-06 12:49:49,92.40705970287713,0.7009092664725891,0,normal
2026-10-06 12:49:50,91.87909327790463,0.7617482793771766,0,normal
2026-10-06 12:49:51,94.0227926684214,0.8843994280632723,0,normal
2026-10-06 12:49:52,91.8928537121645,0.6494421096228742,0,normal
2026-10-06 12:49:53,97.45366488967665,0.9924129620273172,0,normal
2026-10-06 12:49:54,93.92031588592448,0.7533232362045624,0,normal
2026-10-06 12:49:55,90.94999399085162,0.9012193853541768,0,normal
2026-10-06 12:49:56,92.46002753529824,0.7409636686583656,0,normal
2026-10-06 12:49:57,91.65977596177697,0.8184818564649534,0,normal
2026-10-06 12:49:58,91.76218128177688,0.5332200784152655,0,normal
2026-10-06 12:49:59,89.9000067674461,0.4253974596726428,0,normal
2026-10-06 12:50:00,90.18072888627472,0.7813115069636203,0,normal
2026-10-06 12:50:01,92.90440411619583,0.783185385882192,0,normal
2026-10-06 12:50:02,90.8813804706921,1.0389497173848272,0,normal
2026-10-06 12:50:03,91.34520892251106,0.596706831401918,0,normal
2026-10-06 12:50:04,95.44303349655172,0.8265148642083645,0,normal
2026-10-06 12:50:05,95.37097910635924,0.6042464365503045,0,normal
2026-10-06 12:50:06,89.76883315738438,0.7943654647918259,0,normal
2026-10-06 12:50:07,90.25486368992435,0.7588402401022286,0,normal
2026-10-06 12:50:08,89.93985466986852,0.8402192424032314,0,normal
2026-10-06 12:50:09,90.55531406746132,0.6308035378520638,0,normal
2026-10-06 12:50:10,87.40438515547831,0.6097659460722865,0,normal
2026-10-06 12:50:11,96.41854382384798,0.5458414403920375,0,normal
2026-10-06 12:50:12,94.10720858218207,0.7526455276627787,0,normal
2026-10-06 12:50:13,91.78913055110078,0.6766311831608569,0,normal
2026-10-06 12:50:14,90.48559320208433,0.8749143900680258,0,normal
2026-10-06 12:50:15,94.86186961715077,0.6597682295008315,0,normal
2026-10-06 12:50:16,98.93664768330626,0.7105900598711226,0,normal
2026-10-06 12:50:17,92.93961762204599,0.867350142584083,0,normal
2026-10-06 12:50:18,90.78133041224648,0.6995639314548278,0,normal
2026-10-06 12:50:19,95.3046328697275,0.7238517226853735,0,normal
2026-10-06 12:50:20,89.68211857099038,0.8155937511453833,0,normal
2026-10-06 12:50:21,91.81925006694237,0.4765455827515564,0,normal
2026-10-06 12:50:22,87.1084615871775,0.8586088999156987,0,normal
2026-10-06 12:50:23,91.22915268079372,0.6971230685494677,0,normal
2026-10-06 12:50:24,93.85045243693524,0.7065598404074721,0,normal
2026-10-06 12:50:25,94.3274613094956,0.7269257846343655,0,normal
2026-10-06 12:50:26,95.60720272958397,0.6603047118907581,0,normal
2026-10-06 12:50:27,93.67905014491609,0.9271632080881922,0,normal
2026-10-06 12:50:28,96.53688529626801,0.6645669638113173,0,normal
2026-10-06 12:50:29,92.0190829700071,0.4475189669989011,0,normal
2026-10-06 12:50:30,86.40844474958865,0.824792247760769,0,normal
2026-10-06 12:50:31,88.1927951191939,0.7645583472199522,0,normal
2026-10-06 12:50:32,83.58012070852376,0.5822637936323217,0,normal
2026-10-06 12:50:33,94.3234488814862,0.5720084087349941,0,normal
2026-10-06 12:50:34,90.74719713942869,0.943423202157547,0,normal
2026-10-06 12:50:35,94.03968143486827,0.7138078379255411,0,normal
2026-10-06 12:50:36,92.74006546855982,0.5390830451006079,0,normal
2026-10-06 12:50:37,93.15735988174099,0.5558864377922527,0,normal
2026-10-06 12:50:38,97.0570160739415,0.42031195234448965,0,normal
2026-10-06 12:50:39,93.15083418484481,1.0603886892094554,0,normal
2026-10-06 12:50:40,95.98960838179048,1.0131028429081619,0,normal
2026-10-06 12:50:41,91.64554528873506,0.6481843094215017,0,normal
2026-10-06 12:50:42,86.9662988731848,0.7533729636229173,0,normal
2026-10-06 12:50:43,90.5557159417483,0.6562415825817265,0,normal
2026-10-06 12:50:44,93.23176565816411,0.4827858372174208,0,normal
2026-10-06 12:50:45,86.69926585348055,0.5573340538421542,0,normal
2026-10-06 12:50:46,91.34001704710903,0.8194596604644576,0,normal
2026-10-06 12:50:47,92.75211253407208,0.6035230865558253,0,normal
2026-10-06 12:50:48,96.04664916359604,0.6529408364608128,0,normal
2026-10-06 12:50:49,93.31467761516292,0.7308643871885359,0,normal
2026-10-06 12:50:50,94.27028572449721,0.7797318193140692,0,normal
2026-10-06 12:50:51,95.56634780922559,0.7041491608489854,0,normal
2026-10-06 12:50:52,95.31176338493468,0.8205925229725095,0,normal
2026-10-06 12:50:53,89.41677718098387,0.6699086567427193,0,normal
2026-10-06 12:50:54,88.66279481735681,0.7876873939567545,0,normal
2026-10-06 12:50:55,92.1460952544876,0.7306178360279089,0,normal
2026-10-06 12:50:56,90.23692064162455,0.7199053428474118,0,normal
2026-10-06 12:50:57,89.18856679229424,0.6046315430857061,0,normal
2026-10-06 12:50:58,93.32266160238969,0.7704785574734819,0,normal
2026-10-06 12:50:59,94.12510383656037,0.7837702973205766,0,normal
2026-10-06 12:51:00,90.92438270723784,0.8202729121994332,0,normal
2026-10-06 12:51:01,93.51797418397986,0.6361289252951384,0,normal
2026-10-06 12:51:02,94.2301472662175,0.21769847523604535,0,normal
2026-10-06 12:51:03,94.89234536425484,0.6487991818022728,0,normal
2026-10-06 12:51:04,96.55112047450208,0.7892043954767773,0,normal
2026-10-06 12:51:05,94.14272403437721,0.7705539714541629,0,normal
2026-10-06 12:51:06,87.77645065144134,0.6602365461991997,0,normal
2026-10-06 12:51:07,90.71923584958522,0.38072413702658986,0,normal
2026-10-06 12:51:08,90.87771679849529,0.8354395681832472,0,normal
2026-10-06 12:51:09,89.12559657302761,0.8182580608023393,0,normal
2026-10-06 12:51:10,94.19477868535436,0.8116310514530903,0,normal
2026-10-06 12:51:11,96.30823895928181,0.6361005068216,0,normal
2026-10-06 12:51:12,90.48856142825197,0.5966506075339295,0,normal
2026-10-06 12:51:13,91.51434472776491,0.7321343625590683,0,normal
2026-10-06 12:51:14,95.37811985522028,0.7028854011928224,0,normal
2026-10-06 12:51:15,89.87820754303847,0.8450444872936461,0,normal
2026-10-06 12:51:16,94.86201445443137,0.6360321752857413,0,normal
2026-10-06 12:51:17,92.08915264057309,0.7867985965340012,0,normal
2026-10-06 12:51:18,93.28651181331225,1.036047998938638,0,normal
2026-10-06 12:51:19,91.830092641534,1.1516638176214797,0,normal
2026-10-06 12:51:20,92.88646857394308,0.8786720666245185,0,normal
2026-10-06 12:51:21,93.89616825143288,0.8739539479684872,0,normal
2026-10-06 12:51:22,87.56505888801225,0.876133977820562,0,normal
2026-10-06 12:51:23,88.99816093213835,0.6637347362533742,0,normal
2026-10-06 12:51:24,97.71720721678143,0.7833785286130027,0,normal
2026-10-06 12:51:25,92.81869042006221,0.7746174293669313,0,normal
2026-10-06 12:51:26,93.59190698090958,0.9784594314448534,0,normal
2026-10-06 12:51:27,97.27525773857812,0.9582737898843838,0,normal
2026-10-06 12:51:28,96.98189771437343,0.5855184571783083,0,normal
2026-10-06 12:51:29,98.54051371171472,0.6851041461729807,0,normal
2026-10-06 12:51:30,91.47639181096748,0.892568615861272,0,normal
2026-10-06 12:51:31,93.0346862865502,0.9780098856693458,0,normal
2026-10-06 12:51:32,93.609483664312,0.5518668910281944,0,normal
2026-10-06 12:51:33,88.71828433515064,0.6068929149937774,0,normal
2026-10-06 12:51:34,93.45665651723833,0.7983578511023902,0,normal
2026-10-06 12:51:35,97.2098856994558,0.503661810082926,0,normal
2026-10-06 12:51:36,95.75330587312405,0.4928073332335515,0,normal
2026-10-06 12:51:37,92.0847927129992,0.7616038654261015,0,normal
2026-10-06 12:51:38,94.23762917501132,0.6983177513507127,0,normal
2026-10-06 12:51:39,92.50007479953757,0.8342289659718218,0,normal
2026-10-06 12:51:40,89.91814783840363,0.6032731439239458,0,normal
2026-10-06 12:51:41,95.35841600442686,0.6666891158306135,0,normal
2026-10-06 12:51:42,92.67034136609772,0.8939317413985918,0,normal
2026-10-06 12:51:43,92.69114517386984,0.6941524979796061,0,normal
2026-10-06 12:51:44,90.5157969649752,0.7417587584247434,0,normal
2026-10-06 12:51:45,91.99861497907658,0.6341412397494287,0,normal
2026-10-06 12:51:46,93.90316197528504,0.7291518981654257,0,normal
2026-10-06 12:51:47,96.26397017745325,0.5134311960149156,0,normal
2026-10-06 12:51:48,92.73870418063257,0.44048698271293346,0,normal
2026-10-06 12:51:49,91.13481342057821,0.536813508006311,0,normal
2026-10-06 12:51:50,93.4179998391149,0.7892263727686084,0,normal
2026-10-06 12:51:51,94.15031234911638,0.8181519086533499,0,normal
2026-10-06 12:51:52,93.37075843627616,0.5828974545441461,0,normal
2026-10-06 12:51:53,97.55886690143402,0.867875690398584,0,normal
2026-10-06 12:51:54,93.36679377027488,0.745407948358362,0,normal
2026-10-06 12:51:55,92.36572516559029,0.5219253663316961,0,normal
2026-10-06 12:51:56,89.5468988519632,0.6053231463696473,0,normal
2026-10-06 12:51:57,100.3993796003267,0.8160827042016621,0,normal
2026-10-06 12:51:58,88.67859323936996,0.5567907189470362,0,normal
2026-10-06 12:51:59,96.0238046502787,0.7202187418351852,0,normal
2026-10-06 12:52:00,89.65194441988965,0.9073415303399466,0,normal
2026-10-06 12:52:01,92.66566972355214,0.7052492477692716,0,normal
2026-10-06 12:52:02,94.3210839051428,0.6196420058797816,0,normal
2026-10-06 12:52:03,95.50601672305866,0.779689957176263,0,normal
2026-10-06 12:52:04,95.53145242391052,0.6288456189056854,0,normal
2026-10-06 12:52:05,92.82281540029057,0.707331209013372,0,normal
2026-10-06 12:52:06,97.07816492053779,0.7913992804493856,0,normal
2026-10-06 12:52:07,94.12081020003004,0.7621214031744331,0,normal
2026-10-06 12:52:08,87.76136576458688,0.8399820263308995,0,normal
2026-10-06 12:52:09,91.63046749612124,0.8615804491753374,0,normal
2026-10-06 12:52:10,94.3948545519046,0.3189503190187422,0,normal
2026-10-06 12:52:11,89.06878153526979,0.7659225546604215,0,normal
2026-10-06 12:52:12,92.14041413729436,1.0035853735049973,0,normal
2026-10-06 12:52:13,91.65088951287115,0.6106680272382399,0,normal
2026-10-06 12:52:14,100.36362496905797,0.6094818007022841,0,normal
2026-10-06 12:52:15,95.87119146399284,0.6739917445920652,0,normal
2026-10-06 12:52:16,94.69403705765646,0.5361432607092093,0,normal
2026-10-06 12:52:17,97.02280683609412,0.7449785272595514,0,normal
2026-10-06 12:52:18,97.59904362859025,0.5421917767537123,0,normal
2026-10-06 12:52:19,90.3575750422338,0.828345428843557,0,normal
2026-10-06 12:52:20,89.55684617802915,0.9929343169116998,0,normal
2026-10-06 12:52:21,92.6486673379874,0.8588259131387038,0,normal
2026-10-06 12:52:22,89.29582384116972,0.6725879073428513,0,normal
2026-10-06 12:52:23,96.19374466938132,0.8626946028967036,0,normal
2026-10-06 12:52:24,87.60463655417605,0.7891941635877479,0,normal
2026-10-06 12:52:25,93.9874047750854,0.7050090877539644,0,normal
2026-10-06 12:52:26,92.52977763307464,0.6892050943690309,0,normal
2026-10-06 12:52:27,96.20862701702002,0.8953238154233714,0,normal
2026-10-06 12:52:28,97.01128229979304,1.0537725029490526,0,normal
2026-10-06 12:52:29,95.6694001805775,0.8823478060942671,0,normal
2026-10-06 12:52:30,98.02692623282802,0.7572386279348206,0,normal
2026-10-06 12:52:31,93.4923444009742,0.48503951933696265,0,normal
2026-10-06 12:52:32,94.91674806210668,0.6178460672460477,0,normal
2026-10-06 12:52:33,91.17277568830058,0.7146413335083427,0,normal
2026-10-06 12:52:34,89.9457149487791,0.42029039016704045,0,normal
2026-10-06 12:52:35,87.04068201268073,0.8543231107849213,0,normal
2026-10-06 12:52:36,94.07995021143574,0.6837216207724726,0,normal
2026-10-06 12:52:37,91.09001451653394,0.5951264394283549,0,normal
2026-10-06 12:52:38,94.24062122851633,0.6927263199202898,0,normal
2026-10-06 12:52:39,97.03188507057689,0.8871452905203088,0,normal
2026-10-06 12:52:40,98.65602598088276,0.5387585675062841,0,normal
2026-10-06 12:52:41,93.30586569019749,0.7680064843951655,0,normal
2026-10-06 12:52:42,92.68766419213122,1.1916267986201305,0,normal
2026-10-06 12:52:43,91.56358320279247,0.8522973712243094,0,normal
2026-10-06 12:52:44,95.24411230679559,0.9801394893061898,0,normal
2026-10-06 12:52:45,89.91189844442216,0.770205138422345,0,normal
2026-10-06 12:52:46,92.77551943125907,0.9102031663363452,0,normal
2026-10-06 12:52:47,91.9611112736531,1.1442443059226757,0,normal
2026-10-06 12:52:48,91.35369075683941,0.6889618139660997,0,normal
2026-10-06 12:52:49,97.8040224866829,0.7089797583804953,0,normal
2026-10-06 12:52:50,96.3198639339326,0.7730506672542338,0,normal
2026-10-06 12:52:51,96.10659469167646,0.7887808325304224,0,normal
2026-10-06 12:52:52,95.60255939229444,0.6125642842300323,0,normal
2026-10-06 12:52:53,92.36039824025276,0.7810835427625169,0,normal
2026-10-06 12:52:54,95.17133696595043,0.6528689790447144,0,normal
2026-10-06 12:52:55,93.6104623991835,0.7067637942641025,0,normal
2026-10-06 12:52:56,91.48571013840994,0.8190845151023901,0,normal
2026-10-06 12:52:57,93.39007574407822,0.8308839342398099,0,normal
2026-10-06 12:52:58,94.79952740892202,0.8311841540869449,0,normal
2026-10-06 12:52:59,92.38866132473046,0.4875683372065161,0,normal
2026-10-06 12:53:00,90.77367506579363,1.034335177889384,0,normal
2026-10-06 12:53:01,95.75011944923757,0.8417733281690335,0,normal
2026-10-06 12:53:02,96.35342084814022,0.7845014748735692,0,normal
2026-10-06 12:53:03,94.97966801487755,0.8795130555222748,0,normal
2026-10-06 12:53:04,96.03405401861137,0.6892688970309345,0,normal
2026-10-06 12:53:05,99.39189585409353,0.7545253220965586,0,normal
2026-10-06 12:53:06,90.68124545760276,0.7199194046794811,0,normal
2026-10-06 12:53:07,91.54830449868562,0.808655563939858,0,normal
2026-10-06 12:53:08,91.88013790488225,0.8268851378898424,0,normal
2026-10-06 12:53:09,89.97905462045443,0.9715646451338003,0,normal
2026-10-06 12:53:10,90.78131169307446,0.5598505089459733,0,normal
2026-10-06 12:53:11,93.40135494063222,0.7316199378189872,0,normal
2026-10-06 12:53:12,97.46500868024368,0.8997302222233752,0,normal
2026-10-06 12:53:13,93.58040890923901,0.7183977025568624,0,normal
2026-10-06 12:53:14,96.23193985182297,0.472012877867486,0,normal
2026-10-06 12:53:15,94.92209114660943,0.4203505220590888,0,normal
2026-10-06 12:53:16,93.61401473291424,0.9165693540689948,0,normal
2026-10-06 12:53:17,95.29018934301497,0.667379454011569,0,normal
2026-10-06 12:53:18,96.16736383824717,0.6618666169424221,0,normal
2026-10-06 12:53:19,91.49302105809316,0.488887333669761,0,normal
2026-10-06 12:53:20,88.62643765114164,0.7860723131955237,0,normal
2026-10-06 12:53:21,88.64619583378418,0.546435760842564,0,normal
2026-10-06 12:53:22,93.81698529033497,0.6277265138427832,0,normal
2026-10-06 12:53:23,94.86891135029397,0.817153208070365,0,normal
2026-10-06 12:53:24,93.91782836324933,0.6967065694526824,0,normal
2026-10-06 12:53:25,95.57291554553758,0.7675338805758533,0,normal
2026-10-06 12:53:26,97.38472181330954,0.8812639594149714,0,normal
2026-10-06 12:53:27,95.74231527444263,1.0468016188185283,0,normal
2026-10-06 12:53:28,93.38694468645645,0.8404208957718378,0,normal
2026-10-06 12:53:29,93.92311548876417,1.1318907691999107,0,normal
2026-10-06 12:53:30,89.0756766573238,0.955523397434797,0,normal
2026-10-06 12:53:31,92.72114893576047,0.8529836706414895,0,normal
2026-10-06 12:53:32,93.83010458157909,0.7648536079285682,0,normal
2026-10-06 12:53:33,91.91059773417398,0.6387367684387641,0,normal
2026-10-06 12:53:34,89.2679701619826,0.7096745269598796,0,normal
2026-10-06 12:53:35,97.73078190759294,0.5993512528342826,0,normal
2026-10-06 12:53:36,93.01572302437388,0.8732149385334246,0,normal
2026-10-06 12:53:37,92.11403704157644,0.6860180796090942,0,normal
2026-10-06 12:53:38,93.89098274019666,0.7293774436982362,0,normal
2026-10-06 12:53:39,93.6982146034679,0.6291385942942945,0,normal
2026-10-06 12:53:40,93.46573304934941,0.7964143667764129,0,normal
2026-10-06 12:53:41,93.58864799803584,0.6453786445653042,0,normal
2026-10-06 12:53:42,97.82383203489196,0.9052781664274553,0,normal
2026-10-06 12:53:43,92.44365715347222,0.8116851859847228,0,normal
2026-10-06 12:53:44,92.75903057825597,0.6951986287114382,0,normal
2026-10-06 12:53:45,92.89619924715541,1.1262307963394238,0,normal
2026-10-06 12:53:46,92.89458155522149,0.6892863626995146,0,normal
2026-10-06 12:53:47,91.31999911240943,0.8359804813568783,0,normal
2026-10-06 12:53:48,90.7950740498638,0.8349337519960625,0,normal
2026-10-06 12:53:49,92.53096342670736,0.6526173190058888,0,normal
2026-10-06 12:53:50,95.23917813779357,0.8013681990754925,0,normal
2026-10-06 12:53:51,99.0686314792989,0.6859648575764529,0,normal
2026-10-06 12:53:52,95.81145426220104,0.6191004013526374,0,normal
2026-10-06 12:53:53,94.49374617972398,0.9120946419613549,0,normal
2026-10-06 12:53:54,94.81084591501153,0.7584397281281422,0,normal
2026-10-06 12:53:55,90.72981222742752,0.7175873753390576,0,normal
2026-10-06 12:53:56,97.97503998283342,0.6195438049885109,0,normal
2026-10-06 12:53:57,92.77389123987902,0.7416245510001496,0,normal
2026-10-06 12:53:58,98.3593463108772,0.7450531850715375,0,normal
2026-10-06 12:53:59,90.42574015716066,0.5202298697196215,0,normal
2026-10-06 12:54:00,89.3418537870496,0.8377060118421176,0,normal
2026-10-06 12:54:01,94.43663914797504,0.6992021774161373,0,normal
2026-10-06 12:54:02,98.55808606270337,0.5693921669562243,0,normal
2026-10-06 12:54:03,96.9244985398215,0.812569565522681,0,normal
2026-10-06 12:54:04,91.07782159964873,0.8315586006083071,0,normal
2026-10-06 12:54:05,95.37091220324776,0.6894943605553941,0,normal
2026-10-06 12:54:06,90.74079573212958,1.0744759067063687,0,normal
2026-10-06 12:54:07,93.52453618232033,0.8735830943603188,0,normal
2026-10-06 12:54:08,90.76532907167797,0.613526174870999,0,normal
2026-10-06 12:54:09,99.27364313527937,0.7571438386677091,0,normal
2026-10-06 12:54:10,89.78016711940103,0.5683421701344626,0,normal
2026-10-06 12:54:11,92.33851221585729,0.766433254875601,0,normal
2026-10-06 12:54:12,99.32562993147567,0.7210191675197695,0,normal
2026-10-06 12:54:13,99.2203686853504,0.9426401371252315,0,normal
2026-10-06 12:54:14,95.58085067347393,0.6023274302673876,0,normal
2026-10-06 12:54:15,94.43514647150833,0.8437558727633367,0,normal
2026-10-06 12:54:16,93.90879343481915,0.6144707736265935,0,normal
2026-10-06 12:54:17,90.59148502533368,0.877796676500631,0,normal
2026-10-06 12:54:18,91.76992536600628,0.7282731248333404,0,normal
2026-10-06 12:54:19,93.69297918061612,0.572698569261963,0,normal
2026-10-06 12:54:20,95.57040449604558,0.7575296746703131,0,normal
2026-10-06 12:54:21,94.39190060833357,0.627891207311322,0,normal
2026-10-06 12:54:22,95.48982394948115,0.7766277085790663,0,normal
2026-10-06 12:54:23,95.25510614145568,0.9006623518979614,0,normal
2026-10-06 12:54:24,92.66678767673521,0.6756028590669344,0,normal
2026-10-06 12:54:25,93.82802579751012,0.5419539634523681,0,normal
2026-10-06 12:54:26,97.68334345440246,0.5695030979857183,0,normal
2026-10-06 12:54:27,95.96280823888344,0.6861679299635055,0,normal
2026-10-06 12:54:28,91.65133182383947,0.7443651202601101,0,normal
2026-10-06 12:54:29,95.98303751890631,0.96773129731898,0,normal
2026-10-06 12:54:30,91.00565226833469,0.7804828742180414,0,normal
2026-10-06 12:54:31,89.04941182290422,0.9301610296998855,0,normal
2026-10-06 12:54:32,90.55081426773044,0.6284844077372753,0,normal
2026-10-06 12:54:33,92.76222629133579,0.8514790718046666,0,normal
2026-10-06 12:54:34,90.16820377981132,0.8156319065843123,0,normal
2026-10-06 12:54:35,93.90444765576828,0.7558071588189668,0,normal
2026-10-06 12:54:36,91.83383731693155,0.7362736496638614,0,normal
2026-10-06 12:54:37,91.78525632294162,0.635285856131515,0,normal
2026-10-06 12:54:38,94.3204512228909,0.5697723945954852,0,normal
2026-10-06 12:54:39,98.38409170634286,1.0170577433468218,0,normal
2026-10-06 12:54:40,97.99469583451196,0.6966209213942776,0,normal
2026-10-06 12:54:41,99.68614596691812,0.7373964576904782,0,normal
2026-10-06 12:54:42,91.38671389645278,0.797080420669876,0,normal
2026-10-06 12:54:43,94.1179333530973,0.6250991718188093,0,normal
2026-10-06 12:54:44,93.13915908021505,0.881334547993653,0,normal
2026-10-06 12:54:45,95.08003957321188,0.7125252131048317,0,normal
2026-10-06 12:54:46,93.13470518685273,0.7567183842414453,0,normal
2026-10-06 12:54:47,94.56328238981952,0.7361525445227564,0,normal
2026-10-06 12:54:48,89.5480345251957,0.6536127064254488,0,normal
2026-10-06 12:54:49,98.69330413926147,0.8295073225420591,0,normal
2026-10-06 12:54:50,95.09301984383124,0.7531961121130133,0,normal
2026-10-06 12:54:51,96.7805132157876,0.7485672029551039,0,normal
2026-10-06 12:54:52,95.76707627130003,0.8121360295819536,0,normal
2026-10-06 12:54:53,95.55498705219769,0.8666852456508547,0,normal
2026-10-06 12:54:54,95.45457348723787,0.678506807447112,0,normal
2026-10-06 12:54:55,93.73582459309593,0.4148619284806514,0,normal
2026-10-06 12:54:56,93.67267593233194,0.8689159142924707,0,normal
2026-10-06 12:54:57,99.63725006318691,0.6711083763129323,0,normal
2026-10-06 12:54:58,97.8861351494497,0.6593975990387007,0,normal
2026-10-06 12:54:59,95.8998021519356,0.6877397525203016,0,normal
2026-10-06 12:55:00,69.36457874409116,0.07819161878304147,0,normal
2026-10-06 12:55:01,70.00573259995782,0.09646192898691475,0,normal
2026-10-06 12:55:02,68.83510738717287,0.09735841049259791,0,normal
2026-10-06 12:55:03,74.48000810898056,0.08982569076150265,0,normal
2026-10-06 12:55:04,69.63371232656607,0.11093384047006023,0,normal
2026-10-06 12:55:05,72.79087983763465,0.084028991915682,0,normal
2026-10-06 12:55:06,69.94482907378416,0.08974496310996455,0,normal
2026-10-06 12:55:07,69.08787524929645,0.10754988311451806,0,normal
2026-10-06 12:55:08,67.6538513980855,0.09933492915921285,0,normal
2026-10-06 12:55:09,69.19454301411476,0.05587057990048026,0,normal
2026-10-06 12:55:10,66.96912948839355,0.07788565135900334,0,normal
2026-10-06 12:55:11,69.85654049616694,0.10660996710584872,0,normal
2026-10-06 12:55:12,67.05390757808908,0.07522385630074288,0,normal
2026-10-06 12:55:13,69.77701823212442,0.058677490484233,0,normal
2026-10-06 12:55:14,72.50826793301451,0.063278504555484,0,normal
2026-10-06 12:55:15,72.06598164268408,0.09108612940920129,0,normal
2026-10-06 12:55:16,72.16545223749603,0.06779827812742628,0,normal
2026-10-06 12:55:17,70.23712294743983,0.06676085167582664,0,normal
2026-10-06 12:55:18,68.45921039085172,0.07955003138898672,0,normal
2026-10-06 12:55:19,70.51239322137947,0.08653957171318377,0,normal
2026-10-06 12:55:20,69.27191523530362,0.08591621262136341,0,normal
2026-10-06 12:55:21,70.3889841591138,0.10842163088149953,0,normal
2026-10-06 12:55:22,70.16664967003284,0.076805116946747,0,normal
2026-10-06 12:55:23,68.34123803059825,0.1189377694060774,0,normal
2026-10-06 12:55:24,68.23858557277859,0.05838764335362326,0,normal
2026-10-06 12:55:25,70.33330986822226,0.0781904529046854,0,normal
2026-10-06 12:55:26,72.83578196542614,0.10326896466821073,0,normal
2026-10-06 12:55:27,73.72942401979213,0.05091947345935616,0,normal
2026-10-06 12:55:28,72.47463836525611,0.09784668653093972,0,normal
2026-10-06 12:55:29,69.69864944814756,0.09591923067614214,0,normal
2026-10-06 12:55:30,68.06060465448009,0.10960398339630531,0,normal
2026-10-06 12:55:31,70.48161012236699,0.06673668050727755,0,normal
2026-10-06 12:55:32,68.56961924050715,0.11334412983455586,0,normal
2026-10-06 12:55:33,68.90160213579234,0.08957202897746905,0,normal
2026-10-06 12:55:34,67.95326308339486,0.10574277101418465,0,normal
2026-10-06 12:55:35,67.22884801679255,0.08158186573350742,0,normal
2026-10-06 12:55:36,70.16864248382464,0.08525188002189561,0,normal
2026-10-06 12:55:37,71.9115981354634,0.07899699663719248,0,normal
2026-10-06 12:55:38,71.26905126941183,0.1450047677774696,0,normal
2026-10-06 12:55:39,70.71627479275583,0.0750597514226938,0,normal
2026-10-06 12:55:40,70.56303948875022,0.06829796739610597,0,normal
2026-10-06 12:55:41,71.24479800912763,0.0650571473362254,0,normal
2026-10-06 12:55:42,67.85492622688507,0.08697697607079624,0,normal
2026-10-06 12:55:43,67.56138800861272,0.06659931249256683,0,normal
2026-10-06 12:55:44,69.3156018789625,0.08861493881107345,0,normal
2026-10-06 12:55:45,68.58720384148728,0.10240322378432783,0,normal
2026-10-06 12:55:46,67.33557737144844,0.09312733601304848,0,normal
2026-10-06 12:55:47,69.29731258159484,0.09398469559591559,0,normal
2026-10-06 12:55:48,72.69428194281241,0.08885036019222717,0,normal
2026-10-06 12:55:49,70.03942823647074,0.10020768148755801,0,normal
2026-10-06 12:55:50,71.12395897906266,0.0681740190228306,1,silent_drift
2026-10-06 12:55:51,72.23339815731049,0.02854942865465541,1,silent_drift
2026-10-06 12:55:52,72.75584865666627,0.03888485277965942,1,silent_drift
2026-10-06 12:55:53,71.85015995143715,0.040165932118294445,1,silent_drift
2026-10-06 12:55:54,72.43223523885305,0.04768583862266897,1,silent_drift
2026-10-06 12:55:55,72.50314371405477,0.048072393300907644,1,silent_drift
2026-10-06 12:55:56,72.13293346708454,0.05443238303534471,1,silent_drift
2026-10-06 12:55:57,73.25256053213346,0.04793472063126873,1,silent_drift
2026-10-06 12:55:58,72.71053369530641,0.05922698095295485,1,silent_drift
2026-10-06 12:55:59,72.44466472020927,0.04662183223350105,1,silent_drift
2026-10-06 12:56:00,71.93776626925938,0.055723849470077455,1,silent_drift
2026-10-06 12:56:01,72.54766312652218,0.06306156790895333,1,silent_drift
2026-10-06 12:56:02,72.84189438996779,0.05510651045850621,1,silent_drift
2026-10-06 12:56:03,72.34682207909562,0.04903250105763123,1,silent_drift
2026-10-06 12:56:04,72.91323594443283,0.05015705428036509,1,silent_drift
2026-10-06 12:56:05,72.70581041038179,0.0466360911558036,1,silent_drift
2026-10-06 12:56:06,73.0178707283685,0.044353230490995564,1,silent_drift
2026-10-06 12:56:07,72.929098737853,0.06418976056436072,1,silent_drift
2026-10-06 12:56:08,73.40904468089252,0.04849626623680402,1,silent_drift
2026-10-06 12:56:09,72.14676802291949,0.03337284096520905,1,silent_drift
2026-10-06 12:56:10,72.98096700014419,0.05935489195691296,1,silent_drift
2026-10-06 12:56:11,74.06485241366877,0.04361987159661453,1,silent_drift
2026-10-06 12:56:12,73.48424958864821,0.04031313348064552,1,silent_drift
2026-10-06 12:56:13,73.4273442081275,0.055155363602121525,1,silent_drift
2026-10-06 12:56:14,73.83205634980077,0.03523610913231643,1,silent_drift
2026-10-06 12:56:15,73.08775407841175,0.056471597253296875,1,silent_drift
2026-10-06 12:56:16,73.44384511478982,0.05013882199958104,1,silent_drift
2026-10-06 12:56:17,73.12427274137696,0.054956359791202766,1,silent_drift
2026-10-06 12:56:18,73.64320631897101,0.06181862353523094,1,silent_drift
2026-10-06 12:56:19,73.74448478969555,0.03715542644787076,1,silent_drift
2026-10-06 12:56:20,73.31128299182345,0.05148496559219989,1,silent_drift
2026-10-06 12:56:21,73.28132185688466,0.0507710266968227,1,silent_drift
2026-10-06 12:56:22,73.66172682040991,0.044497033642599694,1,silent_drift
2026-10-06 12:56:23,72.97872721857973,0.05085189839642911,1,silent_drift
2026-10-06 12:56:24,74.05296133527189,0.03342492917856306,1,silent_drift
2026-10-06 12:56:25,74.17716965010312,0.0511651602675668,1,silent_drift
2026-10-06 12:56:26,73.80640118757665,0.0456477061103535,1,silent_drift
2026-10-06 12:56:27,74.33785864001761,0.04472149024804351,1,silent_drift
2026-10-06 12:56:28,74.09567085799527,0.033225975328338375,1,silent_drift
2026-10-06 12:56:29,73.8649281328728,0.07379589344282843,1,silent_drift
2026-10-06 12:56:30,74.4944215750261,0.050521470144301486,1,silent_drift
2026-10-06 12:56:31,74.64450971208461,0.04165996616097446,1,silent_drift
2026-10-06 12:56:32,73.87233000294916,0.05263417616723292,1,silent_drift
2026-10-06 12:56:33,73.88452642840838,0.05485558219275138,1,silent_drift
2026-10-06 12:56:34,74.81929907843745,0.05528266753050703,1,silent_drift
2026-10-06 12:56:35,74.60751890420234,0.0646625021787121,1,silent_drift
2026-10-06 12:56:36,74.48465880626723,0.043373212299533705,1,silent_drift
2026-10-06 12:56:37,74.66259744934351,0.05658663864263376,1,silent_drift
2026-10-06 12:56:38,74.83382326168315,0.06363525896838243,1,silent_drift
2026-10-06 12:56:39,74.16656647078482,0.040633806774175135,1,silent_drift
2026-10-06 12:56:40,74.78726031602288,0.04738411564433801,1,silent_drift
2026-10-06 12:56:41,75.02389787117049,0.05916212945044129,1,silent_drift
2026-10-06 12:56:42,74.7903975203072,0.057372194284911394,1,silent_drift
2026-10-06 12:56:43,74.8011819666237,0.06471103225364754,1,silent_drift
2026-10-06 12:56:44,75.15378615077384,0.04185847017368993,1,silent_drift
2026-10-06 12:56:45,74.3061937203309,0.04318565331876271,1,silent_drift
2026-10-06 12:56:46,74.43985826392598,0.044659364259487425,1,silent_drift
2026-10-06 12:56:47,74.34659160700714,0.03998980478235996,1,silent_drift
2026-10-06 12:56:48,75.2695685280925,0.034458514411175395,1,silent_drift
2026-10-06 12:56:49,74.64868100651437,0.05664190294391566,1,silent_drift
2026-10-06 12:56:50,74.9434847477179,0.05793354327220991,1,silent_drift
2026-10-06 12:56:51,75.25713435110904,0.06895080701330857,1,silent_drift
2026-10-06 12:56:52,75.7746571080561,0.06553504189154635,1,silent_drift
2026-10-06 12:56:53,74.82738312052969,0.07209963779670331,1,silent_drift
2026-10-06 12:56:54,75.98734562354642,0.0574769805492074,1,silent_drift
2026-10-06 12:56:55,75.30940267871564,0.06145827046900444,1,silent_drift
2026-10-06 12:56:56,75.84379431096848,0.04885975204378673,1,silent_drift
2026-10-06 12:56:57,75.00332249873395,0.05455361121367872,1,silent_drift
2026-10-06 12:56:58,75.49008736971916,0.059224682984683974,1,silent_drift
2026-10-06 12:56:59,75.44340553481958,0.05012005055192139,1,silent_drift
2026-10-06 12:57:00,75.34813151439387,0.04460895231907287,1,silent_drift
2026-10-06 12:57:01,75.35803911631626,0.04737275598744097,1,silent_drift
2026-10-06 12:57:02,75.89821842077376,0.04744877327092737,1,silent_drift
2026-10-06 12:57:03,75.39852131015253,0.047353021297806684,1,silent_drift
2026-10-06 12:57:04,75.99102860041593,0.04791406329774672,1,silent_drift
2026-10-06 12:57:05,75.44123012719373,0.03871670673892387,1,silent_drift
2026-10-06 12:57:06,75.51431242599551,0.03515557546638005,1,silent_drift
2026-10-06 12:57:07,75.98902183760352,0.04687825733315903,1,silent_drift
2026-10-06 12:57:08,76.00541493929218,0.056853325924298606,1,silent_drift
2026-10-06 12:57:09,75.96566411704354,0.059665598743778234,1,silent_drift
2026-10-06 12:57:10,76.28239696940696,0.06110239265630852,1,silent_drift
2026-10-06 12:57:11,76.31669836734102,0.05667191073735643,1,silent_drift
2026-10-06 12:57:12,76.81145679353129,0.05090813371765467,1,silent_drift
2026-10-06 12:57:13,75.94541667513737,0.04317520654065199,1,silent_drift
2026-10-06 12:57:14,75.57808968563322,0.03736296794950374,1,silent_drift
2026-10-06 12:57:15,76.67041619350371,0.04029810865876525,1,silent_drift
2026-10-06 12:57:16,76.40525204094118,0.05321014274299871,1,silent_drift
2026-10-06 12:57:17,77.13978091742852,0.0400614644301479,1,silent_drift
2026-10-06 12:57:18,75.96015821939675,0.05227871544671486,1,silent_drift
2026-10-06 12:57:19,76.68826146291615,0.04916471461638397,1,silent_drift
2026-10-06 12:57:20,76.78272718985379,0.05417921560240823,1,silent_drift
2026-10-06 12:57:21,77.51843160393834,0.03960732046947932,1,silent_drift
2026-10-06 12:57:22,76.69750125182928,0.039513496314308574,1,silent_drift
2026-10-06 12:57:23,76.20677099550404,0.027525996422184184,1,silent_drift
2026-10-06 12:57:24,76.43664307159914,0.06712836519615854,1,silent_drift
2026-10-06 12:57:25,76.59648633860968,0.05731251272164022,1,silent_drift
2026-10-06 12:57:26,77.17329824527941,0.041659886084968296,1,silent_drift
2026-10-06 12:57:27,77.26741749916032,0.06114003933797024,1,silent_drift
2026-10-06 12:57:28,77.50261564379831,0.04179659301101076,1,silent_drift
2026-10-06 12:57:29,77.11157095299329,0.05102462599362624,1,silent_drift
2026-10-06 12:57:30,77.46358923098522,0.046373018059658266,1,silent_drift
2026-10-06 12:57:31,76.77125993356218,0.06712006830914535,1,silent_drift
2026-10-06 12:57:32,77.65070987602469,0.058377420417379276,1,silent_drift
2026-10-06 12:57:33,77.32809936223398,0.04308319971925276,1,silent_drift
2026-10-06 12:57:34,77.3080399955399,0.05020409411968488,1,silent_drift
2026-10-06 12:57:35,78.43134757360583,0.041829973377670936,1,silent_drift
2026-10-06 12:57:36,78.40012285380614,0.039605338266890784,1,silent_drift
2026-10-06 12:57:37,77.67940249338251,0.053880353040546454,1,silent_drift
2026-10-06 12:57:38,78.08873155749112,0.02671110320227511,1,silent_drift
2026-10-06 12:57:39,77.42569427573416,0.051562118117634545,1,silent_drift
2026-10-06 12:57:40,77.82011642112147,0.05942959201337726,1,silent_drift
2026-10-06 12:57:41,77.99991840533596,0.04740160562070641,1,silent_drift
2026-10-06 12:57:42,77.25833059084253,0.06010828859672001,1,silent_drift
2026-10-06 12:57:43,77.9894278238581,0.05194828267471267,1,silent_drift
2026-10-06 12:57:44,77.62504996468348,0.0469399772842011,1,silent_drift
2026-10-06 12:57:45,77.53180936269978,0.04233946108517009,1,silent_drift
2026-10-06 12:57:46,78.04267626556918,0.05480164916143711,1,silent_drift
2026-10-06 12:57:47,77.9730155422041,0.05415478583112182,1,silent_drift
2026-10-06 12:57:48,78.11375331755781,0.05726646140969156,1,silent_drift
2026-10-06 12:57:49,78.39471847418983,0.0647556316165356,1,silent_drift
2026-10-06 12:57:50,77.68653233552082,0.05618173250782153,1,silent_drift
2026-10-06 12:57:51,78.87042016385787,0.03506789954725182,1,silent_drift
2026-10-06 12:57:52,78.70144115761784,0.04439626872686908,1,silent_drift
2026-10-06 12:57:53,78.21231699421116,0.049590082212741596,1,silent_drift
2026-10-06 12:57:54,78.52892329746925,0.05758978024628965,1,silent_drift
2026-10-06 12:57:55,78.51643048715964,0.06250748138157323,1,silent_drift
2026-10-06 12:57:56,78.89952659169066,0.06179733266602635,1,silent_drift
2026-10-06 12:57:57,78.44327435528838,0.038164663723650856,1,silent_drift
2026-10-06 12:57:58,78.59955393521359,0.04545873131310023,1,silent_drift
2026-10-06 12:57:59,78.40973292104353,0.06031145961249998,1,silent_drift
2026-10-06 12:58:00,79.053015045113,0.05610031063400377,1,silent_drift
2026-10-06 12:58:01,79.07883050040985,0.02675876945461832,1,silent_drift
2026-10-06 12:58:02,79.25379725101477,0.05855939821932564,1,silent_drift
2026-10-06 12:58:03,78.92324553619665,0.0468950385543253,1,silent_drift
2026-10-06 12:58:04,79.33609975202009,0.05823396239989887,1,silent_drift
2026-10-06 12:58:05,78.96778430063219,0.03744085240145231,1,silent_drift
2026-10-06 12:58:06,78.71689275665535,0.05520553242872613,1,silent_drift
2026-10-06 12:58:07,79.09868439104658,0.039601347269231216,1,silent_drift
2026-10-06 12:58:08,78.93274211529753,0.048095914881172264,1,silent_drift
2026-10-06 12:58:09,79.434231213193,0.0456425275621114,1,silent_drift
2026-10-06 12:58:10,79.18713638787005,0.06053755545516164,1,silent_drift
2026-10-06 12:58:11,79.06825870311113,0.04590961449801976,1,silent_drift
2026-10-06 12:58:12,79.22550969104189,0.060517648772657126,1,silent_drift
2026-10-06 12:58:13,78.7322705054301,0.05262643434566722,1,silent_drift
2026-10-06 12:58:14,79.9109561053322,0.036231805077179866,1,silent_drift
2026-10-06 12:58:15,80.2013234626535,0.05680004719774752,1,silent_drift
2026-10-06 12:58:16,79.13415874338291,0.05093548239834731,1,silent_drift
2026-10-06 12:58:17,79.14653841511506,0.04578848207453875,1,silent_drift
2026-10-06 12:58:18,80.35089969098692,0.060149865635518364,1,silent_drift
2026-10-06 12:58:19,80.13690566109659,0.04687505733865633,1,silent_drift
2026-10-06 12:58:20,78.95250620784937,0.050654308736266564,1,silent_drift
2026-10-06 12:58:21,79.3747496913049,0.034689133101966425,1,silent_drift
2026-10-06 12:58:22,80.05262611515228,0.04962050660640793,1,silent_drift
2026-10-06 12:58:23,80.010633382469,0.04017472771209232,1,silent_drift
2026-10-06 12:58:24,80.41636704054602,0.056173588372227384,1,silent_drift
2026-10-06 12:58:25,80.00665551052506,0.06112847557709884,1,silent_drift
2026-10-06 12:58:26,80.16278579889426,0.05741072573455614,1,silent_drift
2026-10-06 12:58:27,80.3808572877334,0.05310936295275573,1,silent_drift
2026-10-06 12:58:28,80.20408865026876,0.0700286247430406,1,silent_drift
2026-10-06 12:58:29,79.39419867409832,0.04140633706479106,1,silent_drift
2026-10-06 12:58:30,80.62423458019428,0.05811125172028429,1,silent_drift
2026-10-06 12:58:31,80.70293719069169,0.046074523485230764,1,silent_drift
2026-10-06 12:58:32,80.25197266723086,0.06731207095565653,1,silent_drift
2026-10-06 12:58:33,80.1923492603233,0.03828044283193312,1,silent_drift
2026-10-06 12:58:34,80.52670289186162,0.03854412624245071,1,silent_drift
2026-10-06 12:58:35,80.25669176049733,0.0491281452675734,1,silent_drift
2026-10-06 12:58:36,80.62545576720362,0.044701895806349874,1,silent_drift
2026-10-06 12:58:37,81.1774379885323,0.055362704245941065,1,silent_drift
2026-10-06 12:58:38,80.14471160858052,0.059620938455329335,1,silent_drift
2026-10-06 12:58:39,81.20505109572193,0.051186976955560834,1,silent_drift
2026-10-06 12:58:40,81.06712447345522,0.04802607619976029,1,silent_drift
2026-10-06 12:58:41,80.53569584041992,0.05027375728547433,1,silent_drift
2026-10-06 12:58:42,80.91426789707373,0.029721599429400444,1,silent_drift
2026-10-06 12:58:43,80.5441162521053,0.07002017711869846,1,silent_drift
2026-10-06 12:58:44,80.39959595599284,0.06481755735018409,1,silent_drift
2026-10-06 12:58:45,80.10339155911332,0.05674070419708547,1,silent_drift
2026-10-06 12:58:46,80.85826236628782,0.04799067370649939,1,silent_drift
2026-10-06 12:58:47,80.93427991315194,0.04471761829428398,1,silent_drift
2026-10-06 12:58:48,80.87494034993678,0.0455511891791855,1,silent_drift
2026-10-06 12:58:49,81.23724867068498,0.05767814057915274,1,silent_drift
2026-10-06 12:58:50,81.23132436292936,0.034844261707968685,1,silent_drift
2026-10-06 12:58:51,81.45495011826557,0.05556824484538021,1,silent_drift
2026-10-06 12:58:52,81.69694115261834,0.04467999317434518,1,silent_drift
2026-10-06 12:58:53,81.45909449679598,0.05628684018528277,1,silent_drift
2026-10-06 12:58:54,80.44402178562785,0.06222627914565566,1,silent_drift
2026-10-06 12:58:55,81.13547356289968,0.0635701400668931,1,silent_drift
2026-10-06 12:58:56,81.5794528581007,0.031021844614865523,1,silent_drift
2026-10-06 12:58:57,81.8658284377174,0.044757008423258846,1,silent_drift
2026-10-06 12:58:58,82.71924807783084,0.06216552762580992,1,silent_drift
2026-10-06 12:58:59,81.78242486228577,0.036761418607723,1,silent_drift
2026-10-06 12:59:00,81.53038918535907,0.05759956993275893,1,silent_drift
2026-10-06 12:59:01,81.99630960258399,0.05835741812317643,1,silent_drift
2026-10-06 12:59:02,82.1330140866471,0.05042780550474965,1,silent_drift
2026-10-06 12:59:03,81.45447907026498,0.030623342840839066,1,silent_drift
2026-10-06 12:59:04,82.44036510790517,0.04558454560627004,1,silent_drift
2026-10-06 12:59:05,82.05822058693309,0.042521411310073545,1,silent_drift
2026-10-06 12:59:06,82.40578084472929,0.05583271214558763,1,silent_drift
2026-10-06 12:59:07,81.91067089271236,0.055848996148488234,1,silent_drift
2026-10-06 12:59:08,82.80418077662081,0.04040136000596252,1,silent_drift
2026-10-06 12:59:09,82.40568891281603,0.05234895400024588,1,silent_drift
2026-10-06 12:59:10,82.68158582931196,0.05527501090318835,1,silent_drift
2026-10-06 12:59:11,82.34623286276383,0.041687958661817515,1,silent_drift
2026-10-06 12:59:12,82.08425455258639,0.05751687779903578,1,silent_drift
2026-10-06 12:59:13,82.57268650702709,0.04315387886570591,1,silent_drift
2026-10-06 12:59:14,82.68682369992219,0.03585210523060525,1,silent_drift
2026-10-06 12:59:15,81.76158560600656,0.052980150516205804,1,silent_drift
2026-10-06 12:59:16,82.62756465732305,0.04666908412361499,1,silent_drift
2026-10-06 12:59:17,82.74214290118334,0.048638311569032124,1,silent_drift
2026-10-06 12:59:18,82.38475154982015,0.052058796546383845,1,silent_drift
2026-10-06 12:59:19,82.83427848366873,0.060737632322099784,1,silent_drift
2026-10-06 12:59:20,82.92939137878348,0.04926224669007324,1,silent_drift
2026-10-06 12:59:21,82.66694687945089,0.0490398520293401,1,silent_drift
2026-10-06 12:59:22,82.77041542567216,0.06322549174472616,1,silent_drift
2026-10-06 12:59:23,82.89582567662384,0.045656571998288493,1,silent_drift
2026-10-06 12:59:24,83.25195644031359,0.04450396610973641,1,silent_drift
2026-10-06 12:59:25,82.49903644066706,0.05983413383380995,1,silent_drift
2026-10-06 12:59:26,82.65613718345902,0.056375899987718865,1,silent_drift
2026-10-06 12:59:27,83.27102152344877,0.04356599323489999,1,silent_drift
2026-10-06 12:59:28,83.15388800030178,0.054401785491336556,1,silent_drift
2026-10-06 12:59:29,83.94071474590447,0.0399900874474657,1,silent_drift
2026-10-06 12:59:30,82.76083717383315,0.06408859310383536,1,silent_drift
2026-10-06 12:59:31,83.12583897947897,0.041350158149829015,1,silent_drift
2026-10-06 12:59:32,83.11683227841138,0.029494182883299188,1,silent_drift
2026-10-06 12:59:33,83.56888982764609,0.05124431235110665,1,silent_drift
2026-10-06 12:59:34,83.41396493745793,0.042524968734451385,1,silent_drift
2026-10-06 12:59:35,82.8552749832583,0.056281016674733154,1,silent_drift
2026-10-06 12:59:36,83.48331378728051,0.03791642841760971,1,silent_drift
2026-10-06 12:59:37,83.36229813584201,0.036880774844079575,1,silent_drift
2026-10-06 12:59:38,83.54771799703325,0.052145175981647196,1,silent_drift
2026-10-06 12:59:39,83.64872885856879,0.04060381166766428,1,silent_drift
2026-10-06 12:59:40,83.77521074146578,0.04487044514735333,1,silent_drift
2026-10-06 12:59:41,83.5555696622532,0.027958190383827207,1,silent_drift
2026-10-06 12:59:42,83.36671672198902,0.02785277012484797,1,silent_drift
2026-10-06 12:59:43,83.0794579102921,0.048158483010607094,1,silent_drift
2026-10-06 12:59:44,83.93870375500688,0.05903012305724947,1,silent_drift
2026-10-06 12:59:45,84.43260763727432,0.0441844521457179,1,silent_drift
2026-10-06 12:59:46,83.875231383167,0.03876266083995204,1,silent_drift
2026-10-06 12:59:47,83.88551432166523,0.04793668782870139,1,silent_drift
2026-10-06 12:59:48,84.04628232920152,0.057779537664932185,1,silent_drift
2026-10-06 12:59:49,83.59958132741403,0.0388368660661835,1,silent_drift
2026-10-06 12:59:50,84.25087075695548,0.061741594062223265,1,silent_drift
2026-10-06 12:59:51,84.21973099942029,0.0428319416456953,1,silent_drift
2026-10-06 12:59:52,84.78298767404152,0.06428159392355995,1,silent_drift
2026-10-06 12:59:53,84.83034304042273,0.06398609338585325,1,silent_drift
2026-10-06 12:59:54,84.65785233484907,0.04151701038972729,1,silent_drift
2026-10-06 12:59:55,84.78238502875625,0.07028189932000609,1,silent_drift
2026-10-06 12:59:56,84.08174430840182,0.04736497787792894,1,silent_drift
2026-10-06 12:59:57,85.118078738357,0.03913220901719459,1,silent_drift
2026-10-06 12:59:58,84.21672032646477,0.053279577425167333,1,silent_drift
2026-10-06 12:59:59,84.58614860078194,0.06377106993434513,1,silent_drift
2026-10-06 13:00:00,84.9730982696958,0.03975510346556717,1,silent_drift
2026-10-06 13:00:01,85.28373772886253,0.03695051991510187,1,silent_drift
2026-10-06 13:00:02,84.23302350096093,0.05314867315680318,1,silent_drift
2026-10-06 13:00:03,85.00700870618203,0.042253511428343625,1,silent_drift
2026-10-06 13:00:04,83.61553875245247,0.048784735545842776,1,silent_drift
2026-10-06 13:00:05,85.82152150919882,0.054459571624390676,1,silent_drift
2026-10-06 13:00:06,85.07771214760297,0.05556344322934045,1,silent_drift
2026-10-06 13:00:07,84.85241210548088,0.057381747573938546,1,silent_drift
2026-10-06 13:00:08,85.24100849122848,0.04493832510668239,1,silent_drift
2026-10-06 13:00:09,84.96140727971144,0.040213416220306795,1,silent_drift
2026-10-06 13:00:10,85.11472864679374,0.044972996368271796,1,silent_drift
2026-10-06 13:00:11,85.26087667630055,0.050381059220935,1,silent_drift
2026-10-06 13:00:12,85.02736594559654,0.034022383049996816,1,silent_drift
2026-10-06 13:00:13,85.51661706082147,0.04176896632520719,1,silent_drift
2026-10-06 13:00:14,85.06605102346812,0.05007257354072449,1,silent_drift
2026-10-06 13:00:15,85.69546744071745,0.0532453972218088,1,silent_drift
2026-10-06 13:00:16,85.5563617595048,0.04828710066828277,1,silent_drift
2026-10-06 13:00:17,85.7627387803023,0.05888559340677314,1,silent_drift
2026-10-06 13:00:18,85.92415611047062,0.048338536515332806,1,silent_drift
2026-10-06 13:00:19,85.81496045771469,0.04352524714915915,1,silent_drift
2026-10-06 13:00:20,85.20686815014828,0.04028509496463196,1,silent_drift
2026-10-06 13:00:21,85.91181519429439,0.05037652609292917,1,silent_drift
2026-10-06 13:00:22,86.49149046939512,0.04589320437893346,1,silent_drift
2026-10-06 13:00:23,86.09818063224611,0.04408889521440616,1,silent_drift
2026-10-06 13:00:24,85.8499300043803,0.049552160658163334,1,silent_drift
2026-10-06 13:00:25,85.62914155662654,0.03908554948558276,1,silent_drift
2026-10-06 13:00:26,86.02596480784925,0.05377924553889281,1,silent_drift
2026-10-06 13:00:27,85.68896454734191,0.059679345514153485,1,silent_drift
2026-10-06 13:00:28,86.12361957648429,0.06087736658988629,1,silent_drift
2026-10-06 13:00:29,86.23007195749494,0.06700440855189124,1,silent_drift
2026-10-06 13:00:30,86.2678044916885,0.05009935687733985,1,silent_drift
2026-10-06 13:00:31,86.18779136127777,0.03737469132573897,1,silent_drift
2026-10-06 13:00:32,87.12204322789272,0.06251279078493063,1,silent_drift
2026-10-06 13:00:33,87.25712761174286,0.044296860313237145,1,silent_drift
2026-10-06 13:00:34,85.77947717581564,0.048068884535899276,1,silent_drift
2026-10-06 13:00:35,86.3284074635046,0.044516479574301805,1,silent_drift
2026-10-06 13:00:36,86.37239842987732,0.043667514018189024,1,silent_drift
2026-10-06 13:00:37,86.30349685022703,0.0625277147505882,1,silent_drift
2026-10-06 13:00:38,86.30975836480926,0.0509909907457524,1,silent_drift
2026-10-06 13:00:39,86.63841597185534,0.06051526420082376,1,silent_drift
2026-10-06 13:00:40,86.94886807182111,0.04904783756555175,1,silent_drift
2026-10-06 13:00:41,86.68032709599588,0.060217500375676636,1,silent_drift
2026-10-06 13:00:42,87.25114040713349,0.04659252994168715,1,silent_drift
2026-10-06 13:00:43,86.91139636716078,0.05177430248968472,1,silent_drift
2026-10-06 13:00:44,86.16296002102888,0.03615186163374225,1,silent_drift
2026-10-06 13:00:45,87.15841067144738,0.045921687246754356,1,silent_drift
2026-10-06 13:00:46,86.60683629413941,0.04276390185456943,1,silent_drift
2026-10-06 13:00:47,88.25351976017112,0.06178253374476208,1,silent_drift
2026-10-06 13:00:48,87.38229778861282,0.05222288964787746,1,silent_drift
2026-10-06 13:00:49,87.298867558323,0.057375251887875456,1,silent_drift
2026-10-06 13:00:50,68.72828393182556,0.05000300776491225,0,normal
2026-10-06 13:00:51,70.7954078300286,0.10616067150643506,0,normal
2026-10-06 13:00:52,70.73604334364938,0.07748805535428951,0,normal
2026-10-06 13:00:53,70.97795604600405,0.02970144480134297,0,normal
2026-10-06 13:00:54,69.77589676545608,0.09191727085404772,0,normal
2026-10-06 13:00:55,68.17410057732447,0.06439536035459832,0,normal
2026-10-06 13:00:56,68.50751971831433,0.080567825342792,0,normal
2026-10-06 13:00:57,66.90237909886174,0.0924797191647927,0,normal
2026-10-06 13:00:58,67.8722788321756,0.110686748296675,0,normal
2026-10-06 13:00:59,67.64597017805285,0.06603410625447889,0,normal
2026-10-06 13:01:00,68.62001164088363,0.07504572570849195,0,normal
2026-10-06 13:01:01,68.82067198696585,0.10951949089945634,0,normal
2026-10-06 13:01:02,66.8755516902664,0.11926280362449919,0,normal
2026-10-06 13:01:03,72.72070249034655,0.06067349619332088,0,normal
2026-10-06 13:01:04,69.91410008043854,0.06522984475935933,0,normal
2026-10-06 13:01:05,69.63364592877443,0.036459311833258214,0,normal
2026-10-06 13:01:06,69.98488555062417,0.06958708374589516,0,normal
2026-10-06 13:01:07,70.44693805366931,0.06292579859333948,0,normal
2026-10-06 13:01:08,67.55013441032858,0.09276884567882694,0,normal
2026-10-06 13:01:09,67.65002046242306,0.04914854699100121,0,normal
2026-10-06 13:01:10,67.48753265282095,0.08316295768064916,0,normal
2026-10-06 13:01:11,68.03752617599616,0.1202555326735254,0,normal
2026-10-06 13:01:12,67.71712162622029,0.06889978367995367,0,normal
2026-10-06 13:01:13,69.49578795051914,0.10773796712817994,0,normal
2026-10-06 13:01:14,68.32939238735413,0.07930276010198214,0,normal
2026-10-06 13:01:15,69.00394128279136,0.11700840857608422,0,normal
2026-10-06 13:01:16,68.57386933202395,0.08779404865340235,0,normal
2026-10-06 13:01:17,66.75584179515968,0.049621271770679404,0,normal
2026-10-06 13:01:18,67.30360428796584,0.10112929665461415,0,normal
2026-10-06 13:01:19,67.67693313357468,0.08153676084373553,0,normal
2026-10-06 13:01:20,65.42074312128841,0.09359589685501055,0,normal
2026-10-06 13:01:21,65.79841464207931,0.07733902980718615,0,normal
2026-10-06 13:01:22,68.24037805142088,0.09272874642552617,0,normal
2026-10-06 13:01:23,68.88208463951176,0.07741544892093931,0,normal
2026-10-06 13:01:24,69.80803205460644,0.10568536044644575,0,normal
2026-10-06 13:01:25,69.71022336696942,0.1133628010750139,0,normal
2026-10-06 13:01:26,69.69107218475902,0.05600846213833616,0,normal
2026-10-06 13:01:27,69.87832478935665,0.0863365399013792,0,normal
2026-10-06 13:01:28,69.9686093307482,0.05236097367345703,0,normal
2026-10-06 13:01:29,69.14307786834001,0.03882633251463709,0,normal
2026-10-06 13:01:30,71.34916621053378,0.057909398846877735,0,normal
2026-10-06 13:01:31,68.32782411644044,0.07455479674312834,0,normal
2026-10-06 13:01:32,68.23660444240195,0.05152830950042464,0,normal
2026-10-06 13:01:33,68.89446254689462,0.07663333568042832,0,normal
2026-10-06 13:01:34,67.94428867362112,0.07621090675746145,0,normal
2026-10-06 13:01:35,66.66829385269185,0.09908979822549299,0,normal
2026-10-06 13:01:36,65.70919288379868,0.08642607091335267,0,normal
2026-10-06 13:01:37,69.94342355400204,0.09855399750826839,0,normal
2026-10-06 13:01:38,69.52349233033635,0.061313217606936275,0,normal
2026-10-06 13:01:39,69.50400899250592,0.08988388854992936,0,normal
2026-10-06 13:01:40,117.88093085200686,0.04749469982886144,1,spike
2026-10-06 13:01:41,116.72614194568246,0.04677693348266124,1,spike
2026-10-06 13:01:42,114.28509189474619,0.04915896395599508,1,spike
2026-10-06 13:01:43,114.45312046366523,0.03891834710294757,1,spike
2026-10-06 13:01:44,115.98281764398573,0.06795826997640994,1,spike
2026-10-06 13:01:45,115.77088718265338,0.05217780112720962,1,spike
2026-10-06 13:01:46,116.91458423218022,0.06430275038616537,1,spike
2026-10-06 13:01:47,119.17100097064126,0.04856190732188007,1,spike
2026-10-06 13:01:48,68.4430980821641,0.08976988065435376,0,normal
2026-10-06 13:01:49,70.82496612344981,0.05932879529768968,0,normal
2026-10-06 13:01:50,67.1166157664121,0.07676205751309012,0,normal
2026-10-06 13:01:51,69.76353747003846,0.09976261312547652,0,normal
2026-10-06 13:01:52,72.27549082329472,0.09286464591045629,0,normal
2026-10-06 13:01:53,68.76950371050577,0.10162026529148994,0,normal
2026-10-06 13:01:54,66.93238865283026,0.10489367122370868,0,normal
2026-10-06 13:01:55,67.13813263783938,0.07194188859151206,0,normal
2026-10-06 13:01:56,67.44237443257904,0.049915854007369434,0,normal
2026-10-06 13:01:57,69.76638104023544,0.06683429676241537,0,normal
2026-10-06 13:01:58,66.30180499734517,0.05089781718404375,0,normal
2026-10-06 13:01:59,66.04077233322262,0.10601416248264563,0,normal
2026-10-06 13:02:00,68.15626816959788,0.08990909204777538,0,normal
2026-10-06 13:02:01,70.5518319609113,0.051931326971002334,0,normal
2026-10-06 13:02:02,70.77560607178383,0.07076497083245764,0,normal
2026-10-06 13:02:03,69.60398870193384,0.048850603945086835,0,normal
2026-10-06 13:02:04,69.899606423554,0.08122591267347187,0,normal
2026-10-06 13:02:05,70.96774751831882,0.055934343463626926,0,normal
2026-10-06 13:02:06,67.64607283281792,0.0967559982526208,0,normal
2026-10-06 13:02:07,66.48199143450744,0.04658203044622058,0,normal
2026-10-06 13:02:08,68.19159364793248,0.04335226754776395,0,normal
2026-10-06 13:02:09,66.69744228126368,0.11709694421728696,0,normal
2026-10-06 13:02:10,66.87583980270504,0.06944990793031952,0,normal
2026-10-06 13:02:11,65.58489592843225,0.07896075290640071,0,normal
2026-10-06 13:02:12,68.45018201702914,0.07471680414422067,0,normal
2026-10-06 13:02:13,66.14243410895189,0.0943424232027206,0,normal
2026-10-06 13:02:14,71.11560425024712,0.06622472677022959,0,normal
2026-10-06 13:02:15,67.8843160272575,0.0853939428516213,0,normal
2026-10-06 13:02:16,69.09566024895048,0.09356279059774454,0,normal
2026-10-06 13:02:17,68.46536250005487,0.08482330637947463,0,normal
2026-10-06 13:02:18,66.99219259838206,0.054669456364149285,0,normal
2026-10-06 13:02:19,69.8967318952584,0.14425319520400348,0,normal
2026-10-06 13:02:20,68.43352019676085,0.11406456995386041,0,normal
2026-10-06 13:02:21,67.08308168467916,0.07754370951861772,0,normal
2026-10-06 13:02:22,66.24044927771386,0.1137893951317887,0,normal
2026-10-06 13:02:23,65.94837916710942,0.09054773997501611,0,normal
2026-10-06 13:02:24,67.84734321846597,0.0835440633806689,0,normal
2026-10-06 13:02:25,72.00334805070165,0.08367150454889938,0,normal
2026-10-06 13:02:26,68.70238611767469,0.09610523510713978,0,normal
2026-10-06 13:02:27,70.24460897705015,0.0939311710749748,0,normal
2026-10-06 13:02:28,71.27959883861699,0.08846190011641451,0,normal
2026-10-06 13:02:29,68.91991634409781,0.021863613836897174,0,normal
2026-10-06 13:02:30,69.02078749091129,0.13778603610808443,0,normal
2026-10-06 13:02:31,67.06855059134229,0.08354651682208657,0,normal
2026-10-06 13:02:32,69.00335661330983,0.10883138248423876,0,normal
2026-10-06 13:02:33,68.68990961470934,0.07375564569314336,0,normal
2026-10-06 13:02:34,69.09237800972019,0.11252081360009619,0,normal
2026-10-06 13:02:35,67.28897215964714,0.07361507848240738,0,normal
2026-10-06 13:02:36,69.06412486404011,0.08301870683887262,0,normal
2026-10-06 13:02:37,69.7620275264061,0.06671000558616055,0,normal
2026-10-06 13:02:38,71.40457896104697,0.0923589782958498,0,normal
2026-10-06 13:02:39,69.16957586994947,0.08090530621542724,0,normal
2026-10-06 13:02:40,68.77036151623433,0.09473995788573164,0,normal
2026-10-06 13:02:41,69.93687811498833,0.05573682149425303,0,normal
2026-10-06 13:02:42,67.45033318920976,0.05051908697493414,0,normal
2026-10-06 13:02:43,68.86089234230874,0.05683788818048441,0,normal
2026-10-06 13:02:44,68.27817914383435,0.060780842315827144,0,normal
2026-10-06 13:02:45,68.41595199698622,0.10694624634768231,0,normal
2026-10-06 13:02:46,66.52482199705446,0.08148907691387847,0,normal
2026-10-06 13:02:47,68.52902380299145,0.09612623786060664,0,normal
2026-10-06 13:02:48,69.39930599104416,0.10726152817080424,0,normal
2026-10-06 13:02:49,67.94098363252188,0.0828462841841131,0,normal
2026-10-06 13:02:50,71.32010749962812,0.06973440550973344,0,normal
2026-10-06 13:02:51,67.98208736499821,0.07428228371393605,0,normal
2026-10-06 13:02:52,69.78410003642352,0.11779193807347234,0,normal
2026-10-06 13:02:53,67.6467088061561,0.06829239613666895,0,normal
2026-10-06 13:02:54,66.66984537423828,0.09998607317883257,0,normal
2026-10-06 13:02:55,67.56710897728885,0.07323459218810789,0,normal
2026-10-06 13:02:56,66.0604715446208,0.0598990566306061,0,normal
2026-10-06 13:02:57,68.02221364486012,0.09955340576835804,0,normal
2026-10-06 13:02:58,67.75617559406857,0.10573648576797909,0,normal
2026-10-06 13:02:59,66.44955914080005,0.0835814767519174,0,normal
2026-10-06 13:03:00,64.79378986818465,0.08416710272494239,0,normal
2026-10-06 13:03:01,66.83888122815057,0.06275418321592727,0,normal
2026-10-06 13:03:02,71.00731650021945,0.08361452207282953,0,normal
2026-10-06 13:03:03,70.29830386506208,0.1053245901861207,0,normal
2026-10-06 13:03:04,71.41725364777616,0.05339334937251593,0,normal
2026-10-06 13:03:05,70.87887739367874,0.060218641498516814,0,normal
2026-10-06 13:03:06,69.7947399373873,0.03693079425599023,0,normal
2026-10-06 13:03:07,67.428923722038,0.07916019465887958,0,normal
2026-10-06 13:03:08,66.41820653243933,0.08527984264260256,0,normal
2026-10-06 13:03:09,65.9199905950948,0.07827043752827198,0,normal
2026-10-06 13:03:10,69.20775430157916,0.06512941245850358,0,normal
2026-10-06 13:03:11,67.7624522415719,0.028369265477409082,0,normal
2026-10-06 13:03:12,68.08933126044717,0.06865138140933232,0,normal
2026-10-06 13:03:13,71.06372476211833,0.07562110380932541,0,normal
2026-10-06 13:03:14,69.86864130330147,0.08032175446551752,0,normal
2026-10-06 13:03:15,67.7295996159502,0.057194197306886935,0,normal
2026-10-06 13:03:16,71.72920799440327,0.12533175808893568,0,normal
2026-10-06 13:03:17,68.1109835086813,0.11130627370968543,0,normal
2026-10-06 13:03:18,68.46194383441882,0.0992398126486622,0,normal
2026-10-06 13:03:19,66.53506876929426,0.07552729421435267,0,normal
2026-10-06 13:03:20,67.978676813964,0.10478005240217404,0,normal
2026-10-06 13:03:21,66.76000538712906,0.10587666946198986,0,normal
2026-10-06 13:03:22,69.24248584006939,0.09251057897551636,0,normal
2026-10-06 13:03:23,69.75311757045222,0.10718714412275326,0,normal
2026-10-06 13:03:24,70.93213457232021,0.08518835903384647,0,normal
2026-10-06 13:03:25,71.33610191521106,0.03500718561439442,0,normal
2026-10-06 13:03:26,71.28400403474564,0.09760966233646456,0,normal
2026-10-06 13:03:27,70.90505871198592,0.07655486139731316,0,normal
2026-10-06 13:03:28,72.04671296516173,0.08814916394625923,0,normal
2026-10-06 13:03:29,69.45270050070208,0.1289535092148869,0,normal
2026-10-06 13:03:30,68.10277568826476,0.09944256700657075,0,normal
2026-10-06 13:03:31,70.60317345622386,0.057811298331355634,0,normal
2026-10-06 13:03:32,69.88076002711048,0.09277833436877872,0,normal
2026-10-06 13:03:33,65.37962514790384,0.10262600588966284,0,normal
2026-10-06 13:03:34,67.42919269749082,0.04718074421946109,0,normal
2026-10-06 13:03:35,69.17066788024994,0.07218384996059156,0,normal
2026-10-06 13:03:36,68.3888572163054,0.08054974144673653,0,normal
2026-10-06 13:03:37,69.1326670045205,0.0901357966203518,0,normal
2026-10-06 13:03:38,69.78264888353581,0.05205072634469608,0,normal
2026-10-06 13:03:39,68.90075420016576,0.08820544360125046,0,normal
2026-10-06 13:03:40,69.6300505720753,0.07720791827692502,0,normal
2026-10-06 13:03:41,69.05323948572159,0.10825142241691169,0,normal
2026-10-06 13:03:42,71.13818488562015,0.07188946945550446,0,normal
2026-10-06 13:03:43,67.93114112530752,0.064553876239421,0,normal
2026-10-06 13:03:44,70.2216489208353,0.12531170909101613,0,normal
2026-10-06 13:03:45,68.08001469266544,0.1074043884741867,0,normal
2026-10-06 13:03:46,65.72280482431769,0.0846059769516854,0,normal
2026-10-06 13:03:47,64.83348351279014,0.12329489901483336,0,normal
2026-10-06 13:03:48,72.08624367290203,0.11705566393763814,0,normal
2026-10-06 13:03:49,67.69464914308419,0.08370374057216631,0,normal
2026-10-06 13:03:50,68.32958646640743,0.08293391044831014,0,normal
2026-10-06 13:03:51,71.6958474354674,0.09970174979977174,0,normal
2026-10-06 13:03:52,70.11943775924927,0.09368858680561945,0,normal
2026-10-06 13:03:53,66.6866340035979,0.0854794702271007,0,normal
2026-10-06 13:03:54,64.58656374933373,0.14246173253665917,0,normal
2026-10-06 13:03:55,66.7368124499303,0.03173593038854314,0,normal
2026-10-06 13:03:56,68.8572327585557,0.06719435422331194,0,normal
2026-10-06 13:03:57,66.66459293573644,0.11499874629108986,0,normal
2026-10-06 13:03:58,67.46630178622539,0.1257110576692027,0,normal
2026-10-06 13:03:59,67.11151393279619,0.06588155497937281,0,normal
2026-10-06 13:04:00,72.25781755337263,0.0957501089238772,0,normal
2026-10-06 13:04:01,69.69163409444474,0.010413196568217167,0,normal
2026-10-06 13:04:02,72.06505193839152,0.059622314059834425,0,normal
2026-10-06 13:04:03,67.65208580557041,0.02744797635184297,0,normal
2026-10-06 13:04:04,68.10506153150175,0.0583674561533494,0,normal
2026-10-06 13:04:05,68.86067607105387,0.09457433987864938,0,normal
2026-10-06 13:04:06,69.04031156499371,0.09061127536785472,0,normal
2026-10-06 13:04:07,70.6881816162028,0.07875681604194874,0,normal
2026-10-06 13:04:08,69.40982165002319,0.08462733298206981,0,normal
2026-10-06 13:04:09,67.30571393677093,0.12250279531105762,0,normal
2026-10-06 13:04:10,0.0,0.056051812794349024,1,dropout
2026-10-06 13:04:11,0.0,0.04763587440660829,1,dropout
2026-10-06 13:04:12,0.0,0.046016480920093694,1,dropout
2026-10-06 13:04:13,0.0,0.07974965958174669,1,dropout
2026-10-06 13:04:14,0.0,0.06126538372055843,1,dropout
2026-10-06 13:04:15,0.0,0.053680943557906945,1,dropout
2026-10-06 13:04:16,0.0,0.06684670636075322,1,dropout
2026-10-06 13:04:17,0.0,0.056635258130603564,1,dropout
2026-10-06 13:04:18,0.0,0.04420563933499264,1,dropout
2026-10-06 13:04:19,0.0,0.04842898930136857,1,dropout
2026-10-06 13:04:20,0.0,0.05039499577100316,1,dropout
2026-10-06 13:04:21,0.0,0.05703191769922945,1,dropout
2026-10-06 13:04:22,0.0,0.055834151655653995,1,dropout
2026-10-06 13:04:23,0.0,0.05596616361199738,1,dropout
2026-10-06 13:04:24,0.0,0.05772558022330704,1,dropout
2026-10-06 13:04:25,0.0,0.05652653470167164,1,dropout
2026-10-06 13:04:26,0.0,0.06978952138438793,1,dropout
2026-10-06 13:04:27,0.0,0.038003846145111805,1,dropout
2026-10-06 13:04:28,0.0,0.04293883090797718,1,dropout
2026-10-06 13:04:29,0.0,0.051022303612283874,1,dropout
2026-10-06 13:04:30,0.0,0.07344224340361886,1,dropout
2026-10-06 13:04:31,0.0,0.060998677635784544,1,dropout
2026-10-06 13:04:32,0.0,0.049382255757309576,1,dropout
2026-10-06 13:04:33,0.0,0.05337280612485165,1,dropout
2026-10-06 13:04:34,0.0,0.061115817933250105,1,dropout
2026-10-06 13:04:35,66.73392280087067,0.07777568280792554,0,normal
2026-10-06 13:04:36,66.01074035617636,0.08368729303002745,0,normal
2026-10-06 13:04:37,68.82959627795066,0.06752772897380954,0,normal
2026-10-06 13:04:38,68.19971648320124,0.10241073862334113,0,normal
2026-10-06 13:04:39,69.83388391902712,0.10666467938046335,0,normal
2026-10-06 13:04:40,67.5592619367033,0.007786528637207149,0,normal
2026-10-06 13:04:41,71.90073393030904,0.06355880682599116,0,normal
2026-10-06 13:04:42,69.08188344912895,0.05449456510740658,0,normal
2026-10-06 13:04:43,66.7103618071394,0.04535067701866614,0,normal
2026-10-06 13:04:44,69.57855744614947,0.0941826677416001,0,normal
2026-10-06 13:04:45,67.01535945837074,0.07504080617536699,0,normal
2026-10-06 13:04:46,65.01289153698937,0.07850758611089914,0,normal
2026-10-06 13:04:47,67.30953784401542,0.08057988963845848,0,normal
2026-10-06 13:04:48,68.02176091346058,0.07483538851228701,0,normal
2026-10-06 13:04:49,67.62095719191716,0.04990309014547814,0,normal
2026-10-06 13:04:50,71.18362913712117,0.07923714711894143,0,normal
2026-10-06 13:04:51,70.27697394870395,0.04145962265353605,0,normal
2026-10-06 13:04:52,69.77801553242274,0.07161798730274961,0,normal
2026-10-06 13:04:53,69.49148055238057,0.06299849961161419,0,normal
2026-10-06 13:04:54,69.82917181672791,0.11594945836178325,0,normal
2026-10-06 13:04:55,67.74822329990407,0.05403891744395493,0,normal
2026-10-06 13:04:56,67.73237626377387,0.08973269135695827,0,normal
2026-10-06 13:04:57,65.59267635189477,0.11901976241690408,0,normal
2026-10-06 13:04:58,67.41043378190417,0.10021007257921796,0,normal
2026-10-06 13:04:59,66.96803705969442,0.07530133153390739,0,normal
2026-10-06 13:05:00,69.10325392891485,0.07025675220912833,0,normal
2026-10-06 13:05:01,69.14817971150111,0.09984603160335818,0,normal
2026-10-06 13:05:02,71.05569497371171,0.04773183178150294,0,normal
2026-10-06 13:05:03,71.98427395788585,0.07098071282253496,0,normal
2026-10-06 13:05:04,67.57768741710449,0.08261026244375838,0,normal
2026-10-06 13:05:05,68.12929977860556,0.0813526551049889,0,normal
2026-10-06 13:05:06,68.55355930073762,0.09927402163242205,0,normal
2026-10-06 13:05:07,66.43761934346732,0.11353380434380461,0,normal
2026-10-06 13:05:08,65.29126087879455,0.0626825700762704,0,normal
2026-10-06 13:05:09,66.54999369773753,0.08952416512471702,0,normal
2026-10-06 13:05:10,65.00017708942964,0.07607078189247556,0,normal
2026-10-06 13:05:11,69.1147095607586,0.08254602417918927,0,normal
2026-10-06 13:05:12,67.56257091831418,0.048518784809672255,0,normal
2026-10-06 13:05:13,68.91286151279672,0.0349502306720937,0,normal
2026-10-06 13:05:14,68.92810000424323,0.0619433414821387,0,normal
2026-10-06 13:05:15,70.30083635179969,0.03888915627998873,0,normal
2026-10-06 13:05:16,69.48599460608771,0.10991983763260153,0,normal
2026-10-06 13:05:17,67.47195321574604,0.07759832871316011,0,normal
2026-10-06 13:05:18,67.67126944109414,0.08861282067685457,0,normal
2026-10-06 13:05:19,70.23367585055315,0.061351291192725504,0,normal
2026-10-06 13:05:20,65.4890737499944,0.09982025533563779,0,normal
2026-10-06 13:05:21,66.39091463788064,0.10230307089071142,0,normal
2026-10-06 13:05:22,66.71911923101875,0.1041218401405386,0,normal
2026-10-06 13:05:23,66.66653818655566,0.10534400056893625,0,normal
2026-10-06 13:05:24,68.16414404978883,0.08877397383549493,0,normal
2026-10-06 13:05:25,69.67800735430602,0.0604734347010145,0,normal
2026-10-06 13:05:26,70.75696858080667,0.10605173830980286,0,normal
2026-10-06 13:05:27,70.67433924451079,0.1272204947300531,0,normal
2026-10-06 13:05:28,69.77174157754678,0.06532739486363906,0,normal
2026-10-06 13:05:29,69.84601042352227,0.05016154375037644,0,normal
2026-10-06 13:05:30,68.790270463549,0.058823099050965603,0,normal
2026-10-06 13:05:31,67.70475568972338,0.1406859258296005,0,normal
2026-10-06 13:05:32,69.20965115459023,0.09654907561599832,0,normal
2026-10-06 13:05:33,65.63056165154111,0.0990704270174339,0,normal
2026-10-06 13:05:34,66.1195097585367,0.073817874665432,0,normal
2026-10-06 13:05:35,65.87467904448587,0.06984367400318513,0,normal
2026-10-06 13:05:36,69.06038368346897,0.12742051449010153,0,normal
2026-10-06 13:05:37,73.42261664316202,0.0582764157810302,0,normal
2026-10-06 13:05:38,68.67669840645985,0.07359311426994929,0,normal
2026-10-06 13:05:39,71.09412611175803,0.08272790745317404,0,normal
2026-10-06 13:05:40,70.63128651797868,0.08498838670036378,0,normal
2026-10-06 13:05:41,68.61435081086113,0.09544165794930194,0,normal
2026-10-06 13:05:42,68.73836855073084,0.08592899185124568,0,normal
2026-10-06 13:05:43,67.74434114399364,0.08320743931965434,0,normal
2026-10-06 13:05:44,67.85315439508429,0.09828298653737216,0,normal
2026-10-06 13:05:45,67.20007028928964,0.04204986181266925,0,normal
2026-10-06 13:05:46,69.07826041899602,0.10681374307798074,0,normal
2026-10-06 13:05:47,67.96181728494051,0.08010964265895068,0,normal
2026-10-06 13:05:48,69.99766346271221,0.09194147826546618,0,normal
2026-10-06 13:05:49,67.21829177647007,0.06284415446943711,0,normal
2026-10-06 13:05:50,71.47546452960461,0.02046071121276591,0,normal
2026-10-06 13:05:51,67.72054883016126,0.07553647911144536,0,normal
2026-10-06 13:05:52,68.21918172834101,0.03726413097724955,0,normal
2026-10-06 13:05:53,70.40113515730245,0.06154805086635087,0,normal
2026-10-06 13:05:54,66.86440739885698,0.08772542772858023,0,normal
2026-10-06 13:05:55,67.72789931728175,0.015093570439808537,0,normal
2026-10-06 13:05:56,67.69697707287673,0.07546879892371618,0,normal
2026-10-06 13:05:57,68.61542870600998,0.07065258218088627,0,normal
2026-10-06 13:05:58,68.0235011833543,0.054065213530517284,0,normal
2026-10-06 13:05:59,68.24229252290466,0.08993000097719642,0,normal
2026-10-06 13:06:00,67.72136634131431,0.07686439511665334,0,normal
2026-10-06 13:06:01,69.28835169458807,0.03895967910064139,0,normal
2026-10-06 13:06:02,68.680019817798,0.08623643591468351,0,normal
2026-10-06 13:06:03,71.22095780633154,0.05697463437985554,0,normal
2026-10-06 13:06:04,67.82185599808194,0.10056686514473108,0,normal
2026-10-06 13:06:05,69.18295326869439,0.10336679006476705,0,normal
2026-10-06 13:06:06,71.33533299114713,0.11310854085129363,0,normal
2026-10-06 13:06:07,67.05753448505206,0.06448639556383438,0,normal
2026-10-06 13:06:08,67.04969668205496,0.12474565607823623,0,normal
2026-10-06 13:06:09,65.74819398071676,0.04064797219099309,0,normal
2026-10-06 13:06:10,68.35645390436875,0.08678482032004542,0,normal
2026-10-06 13:06:11,67.18126294246267,0.10290422086639198,0,normal
2026-10-06 13:06:12,68.30327341767655,0.07774249971171034,0,normal
2026-10-06 13:06:13,64.85159321215103,0.08443728301186552,0,normal
2026-10-06 13:06:14,69.91828111845255,0.08158002644284118,0,normal
2026-10-06 13:06:15,70.39030192950656,0.07894342002509383,0,normal
2026-10-06 13:06:16,70.99265388886991,0.09275942563469006,0,normal
2026-10-06 13:06:17,70.02797652329382,0.10451408773881138,0,normal
2026-10-06 13:06:18,65.10510453866438,0.1178356130286487,0,normal
2026-10-06 13:06:19,67.66604029120109,0.05244334077760869,0,normal
2026-10-06 13:06:20,64.73651854588883,0.0948854076159922,0,normal
2026-10-06 13:06:21,67.5604298269711,0.10057089252781916,0,normal
2026-10-06 13:06:22,68.13465425435932,0.06305277439083344,0,normal
2026-10-06 13:06:23,66.9812665055827,0.07109853777054384,0,normal
2026-10-06 13:06:24,70.5902116290883,0.09902190948201639,0,normal
2026-10-06 13:06:25,69.6249875697902,0.1145004773617577,0,normal
2026-10-06 13:06:26,66.84314973277012,0.06603684561871052,0,normal
2026-10-06 13:06:27,70.13731167413978,0.079036705283027,0,normal
2026-10-06 13:06:28,69.9980947167332,0.0634462272194942,0,normal
2026-10-06 13:06:29,69.28360717129098,0.08589006941167132,0,normal
2026-10-06 13:06:30,67.42578270450284,0.06476432814041592,0,normal
2026-10-06 13:06:31,66.0703728512711,0.08862211382586581,0,normal
2026-10-06 13:06:32,69.00511215655139,0.06620248476265989,0,normal
2026-10-06 13:06:33,66.4923616955945,0.10417228205298748,0,normal
2026-10-06 13:06:34,64.45773141259168,0.08316906086195741,0,normal
2026-10-06 13:06:35,69.14865133254234,0.08868832407887949,0,normal
2026-10-06 13:06:36,70.14045652880557,0.07106809030235425,0,normal
2026-10-06 13:06:37,67.57463702127488,0.07658780184291347,0,normal
2026-10-06 13:06:38,73.61135266470484,0.030519733894795995,0,normal
2026-10-06 13:06:39,68.36215600094414,0.10921272567471159,0,normal
2026-10-06 13:06:40,69.78446139735433,0.0440889150201523,1,silent_drift
2026-10-06 13:06:41,69.02045666924734,0.047900554380203256,1,silent_drift
2026-10-06 13:06:42,69.95833053070238,0.04626434353013419,1,silent_drift
2026-10-06 13:06:43,69.49686906290152,0.07520619763691357,1,silent_drift
2026-10-06 13:06:44,69.05334343198138,0.0669938593931092,1,silent_drift
2026-10-06 13:06:45,69.70732935307437,0.055846518475123855,1,silent_drift
2026-10-06 13:06:46,69.90179411685675,0.029679309772846343,1,silent_drift
2026-10-06 13:06:47,70.38881415559229,0.04620907616525651,1,silent_drift
2026-10-06 13:06:48,69.97578648387952,0.036947842156998145,1,silent_drift
2026-10-06 13:06:49,69.23094772249642,0.05599040056165311,1,silent_drift
2026-10-06 13:06:50,69.53462842217178,0.05065618159217065,1,silent_drift
2026-10-06 13:06:51,69.8889332816666,0.045848661310480876,1,silent_drift
2026-10-06 13:06:52,69.91759972272529,0.05604219018869491,1,silent_drift
2026-10-06 13:06:53,69.4476563859291,0.05493040485376603,1,silent_drift
2026-10-06 13:06:54,69.52950927435646,0.05572515577726983,1,silent_drift
2026-10-06 13:06:55,70.44957499605181,0.0570435761734727,1,silent_drift
2026-10-06 13:06:56,70.03152493316574,0.06205880717235883,1,silent_drift
2026-10-06 13:06:57,70.13783877428644,0.0329727885009361,1,silent_drift
2026-10-06 13:06:58,70.28634853363134,0.047542825605523385,1,silent_drift
2026-10-06 13:06:59,70.1165642747388,0.05047992210419372,1,silent_drift
2026-10-06 13:07:00,70.76394607180856,0.06387022506830808,1,silent_drift
2026-10-06 13:07:01,70.3052860850024,0.03561287214823161,1,silent_drift
2026-10-06 13:07:02,70.40221900101152,0.03902575765476522,1,silent_drift
2026-10-06 13:07:03,70.09572126482843,0.03722531542651963,1,silent_drift
2026-10-06 13:07:04,70.52827154635281,0.05134269928673958,1,silent_drift
2026-10-06 13:07:05,70.79109975499189,0.060214759383804994,1,silent_drift
2026-10-06 13:07:06,70.84322898720697,0.042181608141154625,1,silent_drift
2026-10-06 13:07:07,70.55719745497774,0.041250713508193704,1,silent_drift
2026-10-06 13:07:08,70.54099452953912,0.04813317162976908,1,silent_drift
2026-10-06 13:07:09,70.55675935095077,0.03974206667280474,1,silent_drift
2026-10-06 13:07:10,71.39537540344385,0.024839339983962306,1,silent_drift
2026-10-06 13:07:11,71.4451880853709,0.05109757752141349,1,silent_drift
2026-10-06 13:07:12,70.39318380528803,0.053112771463338385,1,silent_drift
2026-10-06 13:07:13,71.5362411787903,0.04712042077104081,1,silent_drift
2026-10-06 13:07:14,70.37283331206022,0.044661356415910194,1,silent_drift
2026-10-06 13:07:15,71.29072342605977,0.04013211345086536,1,silent_drift
2026-10-06 13:07:16,71.24743306765646,0.07539410588591396,1,silent_drift
2026-10-06 13:07:17,71.15436627621612,0.045806056215354746,1,silent_drift
2026-10-06 13:07:18,71.69595033073915,0.044083320387720046,1,silent_drift
2026-10-06 13:07:19,71.69249631968309,0.04473344992718267,1,silent_drift
2026-10-06 13:07:20,72.2774868984601,0.03524559360663682,1,silent_drift
2026-10-06 13:07:21,71.51054103515801,0.06524551983388428,1,silent_drift
2026-10-06 13:07:22,71.15952049833577,0.04231556956440934,1,silent_drift
2026-10-06 13:07:23,70.91813268697416,0.04258005325483598,1,silent_drift
2026-10-06 13:07:24,71.84624881560303,0.05487459025572596,1,silent_drift
2026-10-06 13:07:25,71.07744585443804,0.04296619010358126,1,silent_drift
2026-10-06 13:07:26,71.60740128600133,0.06887676725981984,1,silent_drift
2026-10-06 13:07:27,71.98584885190068,0.05767414430085356,1,silent_drift
2026-10-06 13:07:28,71.37364685902044,0.06961723161406246,1,silent_drift
2026-10-06 13:07:29,71.62856723754282,0.040656655454331794,1,silent_drift
2026-10-06 13:07:30,71.97112019341716,0.0485789593178085,1,silent_drift
2026-10-06 13:07:31,70.7872660570234,0.05627704373146724,1,silent_drift
2026-10-06 13:07:32,71.25868645387195,0.0455283422904832,1,silent_drift
2026-10-06 13:07:33,72.72289624413898,0.048080811475990456,1,silent_drift
2026-10-06 13:07:34,72.32481999713028,0.05527462319617625,1,silent_drift
2026-10-06 13:07:35,72.1373992199357,0.06810792862726434,1,silent_drift
2026-10-06 13:07:36,72.8500063872641,0.05557684552523564,1,silent_drift
2026-10-06 13:07:37,72.10516182120963,0.058885829067822956,1,silent_drift
2026-10-06 13:07:38,72.76326122017664,0.05466378979304926,1,silent_drift
2026-10-06 13:07:39,72.24770810339885,0.06516411636981223,1,silent_drift
2026-10-06 13:07:40,72.441162870239,0.06165522698448243,1,silent_drift
2026-10-06 13:07:41,72.60119664890667,0.05094659916069497,1,silent_drift
2026-10-06 13:07:42,72.68931247118205,0.041636818322016,1,silent_drift
2026-10-06 13:07:43,73.10927347957895,0.0348361701757821,1,silent_drift
2026-10-06 13:07:44,73.01246996564564,0.05612865359006199,1,silent_drift
2026-10-06 13:07:45,72.87596061953948,0.05186887275440446,1,silent_drift
2026-10-06 13:07:46,72.64452365614848,0.039038184593239364,1,silent_drift
2026-10-06 13:07:47,72.72036192310692,0.051552875084724496,1,silent_drift
2026-10-06 13:07:48,72.2871244490763,0.05632457859986573,1,silent_drift
2026-10-06 13:07:49,72.87580604098456,0.0590413389587985,1,silent_drift
2026-10-06 13:07:50,72.92459552382597,0.06634512445801186,1,silent_drift
2026-10-06 13:07:51,72.68907458934255,0.04268765525150825,1,silent_drift
2026-10-06 13:07:52,72.57377557815309,0.03254882513236291,1,silent_drift
2026-10-06 13:07:53,72.84750720936069,0.053585743683680236,1,silent_drift
2026-10-06 13:07:54,72.90819066450138,0.04883334037469806,1,silent_drift
2026-10-06 13:07:55,72.46482424965468,0.036404759944724426,1,silent_drift
2026-10-06 13:07:56,73.87075762527539,0.034892709724811025,1,silent_drift
2026-10-06 13:07:57,72.94424210145374,0.06671391440610307,1,silent_drift
2026-10-06 13:07:58,72.89265746628338,0.046156823409651514,1,silent_drift
2026-10-06 13:07:59,73.98872571939293,0.05427469609273416,1,silent_drift
2026-10-06 13:08:00,73.7674205646371,0.060721110694572436,1,silent_drift
2026-10-06 13:08:01,73.88112967554541,0.05296564442284439,1,silent_drift
2026-10-06 13:08:02,72.99757445388437,0.06675761098052213,1,silent_drift
2026-10-06 13:08:03,73.36551201278871,0.047497055401970724,1,silent_drift
2026-10-06 13:08:04,73.21324395642593,0.051326215193256385,1,silent_drift
2026-10-06 13:08:05,74.01666027815692,0.05064362981181864,1,silent_drift
2026-10-06 13:08:06,73.14332561809734,0.05570263110431799,1,silent_drift
2026-10-06 13:08:07,73.88005327624386,0.057851953734668574,1,silent_drift
2026-10-06 13:08:08,73.31211138851262,0.05821783668378058,1,silent_drift
2026-10-06 13:08:09,74.25773372860107,0.044115355815536814,1,silent_drift
2026-10-06 13:08:10,74.52760737653661,0.059585129779146734,1,silent_drift
2026-10-06 13:08:11,74.27434324564388,0.03639605884395878,1,silent_drift
2026-10-06 13:08:12,73.80229618914154,0.04532945787434579,1,silent_drift
2026-10-06 13:08:13,74.6743827762561,0.04694470623636969,1,silent_drift
2026-10-06 13:08:14,73.35472893767103,0.041781540876684675,1,silent_drift
2026-10-06 13:08:15,74.3289416276501,0.047254510734373756,1,silent_drift
2026-10-06 13:08:16,73.74601805107639,0.05042474333156789,1,silent_drift
2026-10-06 13:08:17,74.29993815809387,0.03672453984129712,1,silent_drift
2026-10-06 13:08:18,74.16222517254134,0.06485934368816063,1,silent_drift
2026-10-06 13:08:19,74.30108284998997,0.03704198656768047,1,silent_drift
2026-10-06 13:08:20,74.0976561486929,0.0614176384325474,1,silent_drift
2026-10-06 13:08:21,74.22195998836358,0.059814953980553226,1,silent_drift
2026-10-06 13:08:22,74.50571810957922,0.05607667945365154,1,silent_drift
2026-10-06 13:08:23,75.0362769480717,0.05466312203673002,1,silent_drift
2026-10-06 13:08:24,74.80256050937165,0.06437883546415585,1,silent_drift
2026-10-06 13:08:25,74.80796044204375,0.045778362215788,1,silent_drift
2026-10-06 13:08:26,75.01424797924936,0.03706345920973839,1,silent_drift
2026-10-06 13:08:27,75.1171953625576,0.04118990285860172,1,silent_drift
2026-10-06 13:08:28,74.47032260253705,0.04912297400323619,1,silent_drift
2026-10-06 13:08:29,75.21411359281501,0.06631721374883173,1,silent_drift
2026-10-06 13:08:30,75.21704201606642,0.06050697502498094,1,silent_drift
2026-10-06 13:08:31,74.15985380994579,0.053989942733457454,1,silent_drift
2026-10-06 13:08:32,74.98169052184821,0.05680276822506357,1,silent_drift
2026-10-06 13:08:33,74.74838794576111,0.0607971598093692,1,silent_drift
2026-10-06 13:08:34,75.13701575135113,0.0427218096638128,1,silent_drift
2026-10-06 13:08:35,76.11946010112278,0.05507926680969146,1,silent_drift
2026-10-06 13:08:36,75.40480834066199,0.048646809448395195,1,silent_drift
2026-10-06 13:08:37,74.91883986291276,0.041895103174145014,1,silent_drift
2026-10-06 13:08:38,75.65449727536121,0.057238118731314645,1,silent_drift
2026-10-06 13:08:39,75.80152066572009,0.05546056792685051,1,silent_drift
2026-10-06 13:08:40,75.75454557307319,0.05586820592794673,1,silent_drift
2026-10-06 13:08:41,75.70524939182619,0.04533319119755889,1,silent_drift
2026-10-06 13:08:42,76.50874612000786,0.049878987948397395,1,silent_drift
2026-10-06 13:08:43,75.53310123622909,0.03752111684826127,1,silent_drift
2026-10-06 13:08:44,76.14872777124518,0.05032725819960534,1,silent_drift
2026-10-06 13:08:45,75.13585684196605,0.0596214669153948,1,silent_drift
2026-10-06 13:08:46,76.00826921371142,0.05513999018881241,1,silent_drift
2026-10-06 13:08:47,75.05889151995707,0.04320053648638062,1,silent_drift
2026-10-06 13:08:48,75.73054132089132,0.05521621379849932,1,silent_drift
2026-10-06 13:08:49,74.97085802146874,0.05808819232952023,1,silent_drift
2026-10-06 13:08:50,76.1429690519528,0.05451164538385152,1,silent_drift
2026-10-06 13:08:51,76.32962330851387,0.051443951246860596,1,silent_drift
2026-10-06 13:08:52,76.32237319561877,0.06207749435531573,1,silent_drift
2026-10-06 13:08:53,76.20912517562408,0.03938460547796105,1,silent_drift
2026-10-06 13:08:54,75.85205925029719,0.0488513660664648,1,silent_drift
2026-10-06 13:08:55,75.85468871473509,0.0684638153744387,1,silent_drift
2026-10-06 13:08:56,75.84673841144077,0.05183733225064435,1,silent_drift
2026-10-06 13:08:57,75.93839586419035,0.055740061045363644,1,silent_drift
2026-10-06 13:08:58,75.76746076774268,0.032045793968130704,1,silent_drift
2026-10-06 13:08:59,76.39171187489649,0.049991584784609744,1,silent_drift
2026-10-06 13:09:00,76.46803907603025,0.06456720470382055,1,silent_drift
2026-10-06 13:09:01,76.07241726992373,0.03379451008764678,1,silent_drift
2026-10-06 13:09:02,76.72837838825183,0.0344628875734454,1,silent_drift
2026-10-06 13:09:03,76.18321813200791,0.05531016714714446,1,silent_drift
2026-10-06 13:09:04,76.71987146219638,0.04051118838241867,1,silent_drift
2026-10-06 13:09:05,76.85036565029817,0.05446268601803789,1,silent_drift
2026-10-06 13:09:06,76.90931121769047,0.04984522827686945,1,silent_drift
2026-10-06 13:09:07,76.94453299981143,0.047616404026932305,1,silent_drift
2026-10-06 13:09:08,77.03988590244413,0.03498966186526596,1,silent_drift
2026-10-06 13:09:09,76.94793833692465,0.05696150113055976,1,silent_drift
2026-10-06 13:09:10,77.3217277775911,0.04603135642226608,1,silent_drift
2026-10-06 13:09:11,77.63652194706508,0.04386555894960798,1,silent_drift
2026-10-06 13:09:12,77.5733287785398,0.056083254377044194,1,silent_drift
2026-10-06 13:09:13,77.53457252745936,0.06326754966790335,1,silent_drift
2026-10-06 13:09:14,77.2409220861628,0.06657687528099065,1,silent_drift
2026-10-06 13:09:15,77.26061670622653,0.048732454341247955,1,silent_drift
2026-10-06 13:09:16,76.737516660028,0.05222498369659324,1,silent_drift
2026-10-06 13:09:17,78.0205809409952,0.03374323107085494,1,silent_drift
2026-10-06 13:09:18,77.65338764184197,0.03251177266175631,1,silent_drift
2026-10-06 13:09:19,77.33972797978889,0.037048689568558675,1,silent_drift
2026-10-06 13:09:20,77.17687393128705,0.06154968407940677,1,silent_drift
2026-10-06 13:09:21,77.80237394037772,0.05128233415413306,1,silent_drift
2026-10-06 13:09:22,76.93204857519399,0.050770828241795615,1,silent_drift
2026-10-06 13:09:23,77.48484608497957,0.0404290457110224,1,silent_drift
2026-10-06 13:09:24,77.92610487691499,0.04566489901991287,1,silent_drift
2026-10-06 13:09:25,77.76366916936446,0.05123948413947065,1,silent_drift
2026-10-06 13:09:26,77.44491676044233,0.060377757554429194,1,silent_drift
2026-10-06 13:09:27,77.71800189616108,0.054863969658883883,1,silent_drift
2026-10-06 13:09:28,77.35907957002621,0.058728808119122275,1,silent_drift
2026-10-06 13:09:29,78.83457040232037,0.05313385435521426,1,silent_drift
2026-10-06 13:09:30,77.03235657637504,0.05822648231077518,1,silent_drift
2026-10-06 13:09:31,77.54671704264479,0.05193769687437215,1,silent_drift
2026-10-06 13:09:32,77.23231326106688,0.04849271889481366,1,silent_drift
2026-10-06 13:09:33,77.70114016353769,0.0505407139284564,1,silent_drift
2026-10-06 13:09:34,78.17612801215071,0.06311996135500651,1,silent_drift
2026-10-06 13:09:35,78.53542388614542,0.06753312099621242,1,silent_drift
2026-10-06 13:09:36,78.30522459374815,0.04752838523875276,1,silent_drift
2026-10-06 13:09:37,78.67465030551365,0.06458493761677733,1,silent_drift
2026-10-06 13:09:38,78.0436807610476,0.05218643531666906,1,silent_drift
2026-10-06 13:09:39,78.31819080318172,0.040836676814393305,1,silent_drift
2026-10-06 13:09:40,78.29569950553496,0.043456418939724815,1,silent_drift
2026-10-06 13:09:41,78.34528954242784,0.05653056153723141,1,silent_drift
2026-10-06 13:09:42,78.3086159678902,0.038030422835412914,1,silent_drift
2026-10-06 13:09:43,78.67681787935061,0.05043458020147281,1,silent_drift
2026-10-06 13:09:44,78.39571392669406,0.045192830514550274,1,silent_drift
2026-10-06 13:09:45,78.90448726903992,0.027325739953983835,1,silent_drift
2026-10-06 13:09:46,77.88006079584797,0.04567921699146167,1,silent_drift
2026-10-06 13:09:47,78.90919933906781,0.05835165006328874,1,silent_drift
2026-10-06 13:09:48,79.25108424058975,0.04327346424769392,1,silent_drift
2026-10-06 13:09:49,79.0172392811305,0.05246865833070742,1,silent_drift
2026-10-06 13:09:50,78.03004408774892,0.04463234176848123,1,silent_drift
2026-10-06 13:09:51,79.3892522585516,0.041036252642140045,1,silent_drift
2026-10-06 13:09:52,79.47559176034724,0.051563638386849936,1,silent_drift
2026-10-06 13:09:53,79.03927312244548,0.06460234680314898,1,silent_drift
2026-10-06 13:09:54,79.30991420823976,0.05753277039699443,1,silent_drift
2026-10-06 13:09:55,79.56441575861258,0.06164382779679929,1,silent_drift
2026-10-06 13:09:56,78.88258026735916,0.030062061740684945,1,silent_drift
2026-10-06 13:09:57,79.23742280289804,0.04017148475165383,1,silent_drift
2026-10-06 13:09:58,79.66663195519348,0.047431315399011846,1,silent_drift
2026-10-06 13:09:59,78.89249452065059,0.04507901037022864,1,silent_drift
2026-10-06 13:10:00,79.17807565334759,0.05075385332982075,1,silent_drift
2026-10-06 13:10:01,79.15320074535006,0.06094335064321253,1,silent_drift
2026-10-06 13:10:02,80.18946146749556,0.06016253362248016,1,silent_drift
2026-10-06 13:10:03,79.84671516753863,0.05213198133551248,1,silent_drift
2026-10-06 13:10:04,79.12798191508261,0.027810808158399102,1,silent_drift
2026-10-06 13:10:05,79.24821227015148,0.06869503795868652,1,silent_drift
2026-10-06 13:10:06,79.62227340038024,0.053631793332088576,1,silent_drift
2026-10-06 13:10:07,80.02415566627168,0.04138011471576827,1,silent_drift
2026-10-06 13:10:08,80.32019963545667,0.046919654734148115,1,silent_drift
2026-10-06 13:10:09,79.21428030806148,0.04241681292509541,1,silent_drift
2026-10-06 13:10:10,79.28053448859694,0.04966035510343183,1,silent_drift
2026-10-06 13:10:11,80.24269180475261,0.041309562525988525,1,silent_drift
2026-10-06 13:10:12,79.97163612870673,0.04416422399821397,1,silent_drift
2026-10-06 13:10:13,80.37865911506752,0.05663226386084945,1,silent_drift
2026-10-06 13:10:14,80.11617475161975,0.04544903068068128,1,silent_drift
2026-10-06 13:10:15,79.90184961777943,0.055755994029513985,1,silent_drift
2026-10-06 13:10:16,81.24292809121721,0.05484109001330475,1,silent_drift
2026-10-06 13:10:17,80.08629244845582,0.04207625341970393,1,silent_drift
2026-10-06 13:10:18,80.00149088005377,0.04931502618187895,1,silent_drift
2026-10-06 13:10:19,79.97325185597937,0.05751562834095717,1,silent_drift
2026-10-06 13:10:20,80.72323251525965,0.058892428195025444,1,silent_drift
2026-10-06 13:10:21,80.76101935084475,0.058775650920989395,1,silent_drift
2026-10-06 13:10:22,81.0336640287166,0.05217952625491201,1,silent_drift
2026-10-06 13:10:23,80.8050087639247,0.04491394551859072,1,silent_drift
2026-10-06 13:10:24,80.25686914462923,0.05246762984580187,1,silent_drift
2026-10-06 13:10:25,80.65508547731264,0.06990981404024836,1,silent_drift
2026-10-06 13:10:26,80.74532236366855,0.046415235144042034,1,silent_drift
2026-10-06 13:10:27,80.90331591421277,0.05961161076528886,1,silent_drift
2026-10-06 13:10:28,81.52866968581999,0.04173548574898468,1,silent_drift
2026-10-06 13:10:29,80.86329098585286,0.03897896080649574,1,silent_drift
2026-10-06 13:10:30,81.16528280415082,0.059243943596079665,1,silent_drift
2026-10-06 13:10:31,81.21950355423657,0.057086478998529255,1,silent_drift
2026-10-06 13:10:32,80.59748887821007,0.04605252652649798,1,silent_drift
2026-10-06 13:10:33,80.85530410509313,0.05381835340472541,1,silent_drift
2026-10-06 13:10:34,81.70095177489168,0.04768801647218699,1,silent_drift
2026-10-06 13:10:35,81.06474731687763,0.04707538185421345,1,silent_drift
2026-10-06 13:10:36,80.97241975446437,0.03373789708974537,1,silent_drift
2026-10-06 13:10:37,81.11669392659292,0.04792576652418176,1,silent_drift
2026-10-06 13:10:38,81.24547087114794,0.07318599414588114,1,silent_drift
2026-10-06 13:10:39,81.66567966735853,0.061469076660081994,1,silent_drift
2026-10-06 13:10:40,81.16082352860369,0.048100731732106855,1,silent_drift
2026-10-06 13:10:41,81.17811364230762,0.048656786932105546,1,silent_drift
2026-10-06 13:10:42,81.37737214085836,0.05244137267598408,1,silent_drift
2026-10-06 13:10:43,81.5239892982792,0.04928503538207257,1,silent_drift
2026-10-06 13:10:44,82.29681540409504,0.050625587113913545,1,silent_drift
2026-10-06 13:10:45,81.94329072195256,0.050053513570161724,1,silent_drift
2026-10-06 13:10:46,81.64596994372408,0.06316282754169883,1,silent_drift
2026-10-06 13:10:47,82.14387267320971,0.06394138555696312,1,silent_drift
2026-10-06 13:10:48,81.97360793636061,0.036293450025538396,1,silent_drift
2026-10-06 13:10:49,81.79489730714664,0.04536798423503132,1,silent_drift
2026-10-06 13:10:50,82.21681946363023,0.04101847398525327,1,silent_drift
2026-10-06 13:10:51,81.52320164244504,0.05246922907415166,1,silent_drift
2026-10-06 13:10:52,81.71347871780107,0.043026358081528486,1,silent_drift
2026-10-06 13:10:53,82.907552949139,0.05442825542837591,1,silent_drift
2026-10-06 13:10:54,82.88499679135583,0.04672551090053937,1,silent_drift
2026-10-06 13:10:55,81.70187419533984,0.06538627481149177,1,silent_drift
2026-10-06 13:10:56,82.0434115435053,0.042808245577160585,1,silent_drift
2026-10-06 13:10:57,82.37621993361782,0.04846133725805757,1,silent_drift
2026-10-06 13:10:58,82.4153092068731,0.06104798190907933,1,silent_drift
2026-10-06 13:10:59,82.46013301204557,0.045026140087626065,1,silent_drift
2026-10-06 13:11:00,82.3314972927321,0.0462814214885038,1,silent_drift
2026-10-06 13:11:01,82.51524855551781,0.04194154593473668,1,silent_drift
2026-10-06 13:11:02,82.31768097847024,0.04928582163604934,1,silent_drift
2026-10-06 13:11:03,82.22256746159537,0.0605345412361188,1,silent_drift
2026-10-06 13:11:04,82.45595468404343,0.0612044081668889,1,silent_drift
2026-10-06 13:11:05,82.48481528683776,0.060103332244414706,1,silent_drift
2026-10-06 13:11:06,82.935987347085,0.050396512835009885,1,silent_drift
2026-10-06 13:11:07,82.68066127180765,0.04051658903809765,1,silent_drift
2026-10-06 13:11:08,83.23826281119194,0.03740032111746122,1,silent_drift
2026-10-06 13:11:09,83.78765992718841,0.04780190198543558,1,silent_drift
2026-10-06 13:11:10,83.86171822903349,0.05412277236833361,1,silent_drift
2026-10-06 13:11:11,82.13198639405235,0.045679369363282464,1,silent_drift
2026-10-06 13:11:12,82.75517696704654,0.06043206682730406,1,silent_drift
2026-10-06 13:11:13,83.1083562568729,0.04359946043925448,1,silent_drift
2026-10-06 13:11:14,83.75261075450368,0.054938823861728284,1,silent_drift
2026-10-06 13:11:15,83.27040993736682,0.049002601734524344,1,silent_drift
2026-10-06 13:11:16,82.85202043610744,0.043750368118313385,1,silent_drift
2026-10-06 13:11:17,83.55946439858941,0.03133224703295459,1,silent_drift
2026-10-06 13:11:18,83.20823579467775,0.03705015825602743,1,silent_drift
2026-10-06 13:11:19,83.17216714675703,0.047300005591550405,1,silent_drift
2026-10-06 13:11:20,83.49130340191934,0.04123002153800268,1,silent_drift
2026-10-06 13:11:21,83.50649551034094,0.045447860828819596,1,silent_drift
2026-10-06 13:11:22,82.70733123953671,0.04230584183724919,1,silent_drift
2026-10-06 13:11:23,83.57061871080212,0.04869901268323304,1,silent_drift
2026-10-06 13:11:24,83.67937784907795,0.043691082158572425,1,silent_drift
2026-10-06 13:11:25,83.86444195177398,0.03951934575260184,1,silent_drift
2026-10-06 13:11:26,83.48261028894032,0.05167846177045213,1,silent_drift
2026-10-06 13:11:27,84.13613205689781,0.02877045890044544,1,silent_drift
2026-10-06 13:11:28,83.96231904019821,0.05252250036120244,1,silent_drift
2026-10-06 13:11:29,83.84167348111298,0.04560325327242089,1,silent_drift
2026-10-06 13:11:30,84.19396659507368,0.04672827248273452,1,silent_drift
2026-10-06 13:11:31,84.04436313091003,0.05118076479463695,1,silent_drift
2026-10-06 13:11:32,83.89021554152421,0.05122783917929895,1,silent_drift
2026-10-06 13:11:33,83.71729390973576,0.051492891608525215,1,silent_drift
2026-10-06 13:11:34,84.09185737780857,0.053541920300636196,1,silent_drift
2026-10-06 13:11:35,84.27461125806315,0.051546973613021387,1,silent_drift
2026-10-06 13:11:36,84.58056109094544,0.04471807918981776,1,silent_drift
2026-10-06 13:11:37,84.3967364098571,0.03389556373794969,1,silent_drift
2026-10-06 13:11:38,83.91727280075136,0.02893426808788379,1,silent_drift
2026-10-06 13:11:39,84.07608347332965,0.05312403233904672,1,silent_drift
2026-10-06 13:11:40,68.92752759760839,0.0623826799719229,0,normal
2026-10-06 13:11:41,68.98931674366413,0.06953922588323826,0,normal
2026-10-06 13:11:42,68.45180188990065,0.10371831972898465,0,normal
2026-10-06 13:11:43,66.10805692792265,0.06656389473937807,0,normal
2026-10-06 13:11:44,64.59424777603927,0.0418140015561374,0,normal
2026-10-06 13:11:45,67.94391435166571,0.11215815691141925,0,normal
2026-10-06 13:11:46,67.34517756876288,0.0536918237890653,0,normal
2026-10-06 13:11:47,69.68394649537902,0.06057192499369886,0,normal
2026-10-06 13:11:48,69.21270134767923,0.043580107817128434,0,normal
2026-10-06 13:11:49,68.91323523178437,0.11457735623253965,0,normal
2026-10-06 13:11:50,69.67877178523105,0.070702910771873,0,normal
2026-10-06 13:11:51,69.823254749055,0.1084514027360016,0,normal
2026-10-06 13:11:52,69.47225459928978,0.057179078599253516,0,normal
2026-10-06 13:11:53,67.56146519130562,0.059294674463608366,0,normal
2026-10-06 13:11:54,68.13144030281086,0.11818932347087335,0,normal
2026-10-06 13:11:55,68.75676662093599,0.029494359815378207,0,normal
2026-10-06 13:11:56,67.02315180556141,0.10580148477925981,0,normal
2026-10-06 13:11:57,67.64107591881134,0.07744491262640647,0,normal
2026-10-06 13:11:58,67.93706328386254,0.08397982250529648,0,normal
2026-10-06 13:11:59,65.03812301138343,0.06309704294128926,0,normal
2026-10-06 13:12:00,67.87469663359133,0.11467063843989117,0,normal
2026-10-06 13:12:01,67.26795176894629,0.09156028213667701,0,normal
2026-10-06 13:12:02,69.4018431832868,0.04086628975230093,0,normal
2026-10-06 13:12:03,68.20469718334965,0.03771818521695886,0,normal
2026-10-06 13:12:04,68.86890554954351,0.08950755876628295,0,normal
2026-10-06 13:12:05,67.56910840693126,0.06325845795792208,0,normal
2026-10-06 13:12:06,68.43305369152911,0.07256086141494081,0,normal
2026-10-06 13:12:07,66.63283519227801,0.11603828206036121,0,normal
2026-10-06 13:12:08,66.51245760269028,0.12980501129903993,0,normal
2026-10-06 13:12:09,65.81596438699648,0.10645376344940254,0,normal
2026-10-06 13:12:10,67.59768666652856,0.08988563940385101,0,normal
2026-10-06 13:12:11,67.31061205940307,0.059370549102062714,0,normal
2026-10-06 13:12:12,69.4473939967971,0.06441928719413705,0,normal
2026-10-06 13:12:13,67.38387128157655,0.1112645919424105,0,normal
2026-10-06 13:12:14,68.86084798612795,0.054637889030928456,0,normal
2026-10-06 13:12:15,67.65484184790537,0.10590753705548828,0,normal
2026-10-06 13:12:16,68.78306049548026,0.07836269296316505,0,normal
2026-10-06 13:12:17,68.02439968096218,0.05651307056665286,0,normal
2026-10-06 13:12:18,69.91645659439531,0.060960061482910485,0,normal
2026-10-06 13:12:19,68.11325436350616,0.09264026418420718,0,normal
2026-10-06 13:12:20,65.47134864760487,0.04645055750122084,0,normal
2026-10-06 13:12:21,65.60488953923578,0.09804086016366938,0,normal
2026-10-06 13:12:22,67.15934593542345,0.06116802169025478,0,normal
2026-10-06 13:12:23,66.49210773138041,0.09296884359519313,0,normal
2026-10-06 13:12:24,66.78908760155096,0.038643061944792265,0,normal
2026-10-06 13:12:25,70.66161327562533,0.037771070107286545,0,normal
2026-10-06 13:12:26,68.32232903279514,0.09300511115897722,0,normal
2026-10-06 13:12:27,68.0186362180879,0.1321590182986875,0,normal
2026-10-06 13:12:28,70.1309598270727,0.06872580699351825,0,normal
2026-10-06 13:12:29,69.98819369041021,0.04860953871309822,0,normal
2026-10-06 13:12:30,67.06646335482688,0.07341179459362353,0,normal
2026-10-06 13:12:31,68.11686904856145,0.07516012186676443,0,normal
2026-10-06 13:12:32,67.9523284118058,0.05964830863798702,0,normal
2026-10-06 13:12:33,67.61473378909794,0.07913486905253173,0,normal
2026-10-06 13:12:34,66.65466789594295,0.07116265665553305,0,normal
2026-10-06 13:12:35,66.16917597604203,0.09195956396941418,0,normal
2026-10-06 13:12:36,66.94140522012054,0.09358518351404027,0,normal
2026-10-06 13:12:37,67.43760531427205,0.1104826864383095,0,normal
2026-10-06 13:12:38,71.45949498056724,0.08579895666308915,0,normal
2026-10-06 13:12:39,72.25047454579237,0.0749032273146364,0,normal
2026-10-06 13:12:40,68.6316260145493,0.0454049281497873,0,normal
2026-10-06 13:12:41,68.38311016644099,0.09547481023815613,0,normal
2026-10-06 13:12:42,65.7766219398791,0.04417736479351741,0,normal
2026-10-06 13:12:43,69.08408659016392,0.08057657569470629,0,normal
2026-10-06 13:12:44,65.26418168904176,0.08814324327942198,0,normal
2026-10-06 13:12:45,65.76183955369882,0.09030969954215713,0,normal
2026-10-06 13:12:46,69.13797092800993,0.09556169561599219,0,normal
2026-10-06 13:12:47,67.6895275603364,0.06942398371462959,0,normal
2026-10-06 13:12:48,66.52320976641506,0.031499367229484154,0,normal
2026-10-06 13:12:49,68.15849988016748,0.1046422044097813,0,normal
2026-10-06 13:12:50,70.95183087601298,0.09653914383984931,0,normal
2026-10-06 13:12:51,68.40971833470697,0.10371322402725199,0,normal
2026-10-06 13:12:52,68.39130322472306,0.09989906582619493,0,normal
2026-10-06 13:12:53,67.19115826318207,0.039165919282811545,0,normal
2026-10-06 13:12:54,66.71336639100349,0.06674571282362152,0,normal
2026-10-06 13:12:55,66.74483678389302,0.11342238813667077,0,normal
2026-10-06 13:12:56,69.10903464766442,0.09245604158273524,0,normal
2026-10-06 13:12:57,68.28602154495405,0.09525905152803199,0,normal
2026-10-06 13:12:58,64.86533461196635,0.07491988248316224,0,normal
2026-10-06 13:12:59,65.37873568960302,0.06510907572578292,0,normal
2026-10-06 13:13:00,68.78083135392463,0.08111555968825514,0,normal
2026-10-06 13:13:01,68.20416778910392,0.09403791537189883,0,normal
2026-10-06 13:13:02,68.74882597964024,0.0765483521882179,0,normal
2026-10-06 13:13:03,70.76239728981234,0.07008789893274163,0,normal
2026-10-06 13:13:04,69.84194727803991,0.051212645510301524,0,normal
2026-10-06 13:13:05,69.18463334646954,0.0945205695098637,0,normal
2026-10-06 13:13:06,69.30178802912096,0.11040826732576861,0,normal
2026-10-06 13:13:07,67.47004188565994,0.04316591727194476,0,normal
2026-10-06 13:13:08,69.06285201651,0.08087232606451794,0,normal
2026-10-06 13:13:09,66.58276485626561,0.11328372493553343,0,normal
2026-10-06 13:13:10,67.62020120761166,0.04837475971112982,0,normal
2026-10-06 13:13:11,66.99145835267358,0.07760217292795138,0,normal
2026-10-06 13:13:12,70.1209166190997,0.05876331321484482,0,normal
2026-10-06 13:13:13,68.45343072062076,0.07455841887023519,0,normal
2026-10-06 13:13:14,70.06324966969949,0.1062071804400316,0,normal
2026-10-06 13:13:15,68.09474219954312,0.10274664774736095,0,normal
2026-10-06 13:13:16,65.22990450418709,0.11732403823752967,0,normal
2026-10-06 13:13:17,68.23417134317219,0.06763910945969533,0,normal
2026-10-06 13:13:18,65.68332363661796,0.07380646505466103,0,normal
2026-10-06 13:13:19,67.26669432859326,0.08625046060432134,0,normal
2026-10-06 13:13:20,110.68915619281171,0.06427084959572739,1,spike
2026-10-06 13:13:21,114.53698067369433,0.026458397434662863,1,spike
2026-10-06 13:13:22,112.03371219765623,0.053128992089253764,1,spike
2026-10-06 13:13:23,114.46084311111377,0.06135399150096627,1,spike
2026-10-06 13:13:24,114.42685730154656,0.07138920678459082,1,spike
2026-10-06 13:13:25,116.43180240512784,0.04822364058947037,1,spike
2026-10-06 13:13:26,67.56643097115251,0.10778514114635568,0,normal
2026-10-06 13:13:27,68.93304840479016,0.1023606341323012,0,normal
2026-10-06 13:13:28,68.38303977931251,0.08588458303226819,0,normal
2026-10-06 13:13:29,68.48807504170668,0.09116627571840169,0,normal
2026-10-06 13:13:30,67.64114349778964,0.0854074440168686,0,normal
2026-10-06 13:13:31,68.30041484977087,0.06847458442525696,0,normal
2026-10-06 13:13:32,64.01543153535587,0.1173444034135358,0,normal
2026-10-06 13:13:33,66.28387834832625,0.046897131632344956,0,normal
2026-10-06 13:13:34,64.37067152230287,0.04294465704240979,0,normal
2026-10-06 13:13:35,67.80490716688486,0.06378995687980445,0,normal
2026-10-06 13:13:36,67.28423271473046,0.0771589584227846,0,normal
2026-10-06 13:13:37,68.89619217722658,0.11556325164320999,0,normal
2026-10-06 13:13:38,70.63984069042881,0.07885042460794148,0,normal
2026-10-06 13:13:39,70.2309672298944,0.08990737761201094,0,normal
2026-10-06 13:13:40,68.9956143076754,0.07031252383034722,0,normal
2026-10-06 13:13:41,67.16503976175852,0.06758723988118717,0,normal
2026-10-06 13:13:42,69.56371339464803,0.05161204215600615,0,normal
2026-10-06 13:13:43,67.2520879676676,0.058776194365323275,0,normal
2026-10-06 13:13:44,69.32017325128405,0.12350566221469628,0,normal
2026-10-06 13:13:45,64.08064608351387,0.085139835796433,0,normal
2026-10-06 13:13:46,65.51055943385538,0.06487970012711042,0,normal
2026-10-06 13:13:47,67.90778094973753,0.025813786917917976,0,normal
2026-10-06 13:13:48,66.72215951424866,0.0663184577309899,0,normal
2026-10-06 13:13:49,66.49042119847971,0.07498166006873008,0,normal
2026-10-06 13:13:50,69.10027011914171,0.04592731332393342,0,normal
2026-10-06 13:13:51,70.72320826871558,0.09147770415392768,0,normal
2026-10-06 13:13:52,68.87834632120625,0.09459919732749242,0,normal
2026-10-06 13:13:53,68.31380640771035,0.044512010375853055,0,normal
2026-10-06 13:13:54,66.70618729687497,0.046266831653103746,0,normal
2026-10-06 13:13:55,67.53036888392394,0.06478372667870924,0,normal
2026-10-06 13:13:56,63.241775674984126,0.06813532715039164,0,normal
2026-10-06 13:13:57,61.19761207578122,0.04820620473885679,0,normal
2026-10-06 13:13:58,66.13071177226301,0.11704180863498873,0,normal
2026-10-06 13:13:59,66.01399637384884,0.06144394797240132,0,normal
2026-10-06 13:14:00,69.41784728953313,0.08927097063581081,0,normal
2026-10-06 13:14:01,68.46763712790096,0.07564320517224862,0,normal
2026-10-06 13:14:02,67.88214296418148,0.07845363491760755,0,normal
2026-10-06 13:14:03,70.08957333349882,0.06557390976637487,0,normal
2026-10-06 13:14:04,70.3486717882853,0.07345618920717262,0,normal
2026-10-06 13:14:05,69.8749082851071,0.05537427034481969,0,normal
2026-10-06 13:14:06,65.69095258304496,0.16334210869008553,0,normal
2026-10-06 13:14:07,69.49683607238084,0.12304001113501745,0,normal
2026-10-06 13:14:08,67.31036465177145,0.12267684237049267,0,normal
2026-10-06 13:14:09,67.46985503585442,0.06248331013090352,0,normal
2026-10-06 13:14:10,66.06950572163788,0.08833194484606621,0,normal
2026-10-06 13:14:11,67.30445185307381,0.08062639842147205,0,normal
2026-10-06 13:14:12,64.41562829592672,0.029582605979780727,0,normal
2026-10-06 13:14:13,70.24879990401436,0.05306675342671305,0,normal
2026-10-06 13:14:14,68.83446931232051,0.10243081297245901,0,normal
2026-10-06 13:14:15,69.19234874782964,0.10088173851597705,0,normal
2026-10-06 13:14:16,69.70795388937194,0.09272367339346285,0,normal
2026-10-06 13:14:17,67.9617523666538,0.07459507635231356,0,normal
2026-10-06 13:14:18,68.32101105135511,0.12382781113363794,0,normal
2026-10-06 13:14:19,64.43258245780264,0.08659942945198598,0,normal
2026-10-06 13:14:20,66.42752291806805,0.098013043779095,0,normal
2026-10-06 13:14:21,65.49838846867561,0.09888427738420749,0,normal
2026-10-06 13:14:22,71.14774040642678,0.05489506936854126,0,normal
2026-10-06 13:14:23,66.2766998548559,0.08331576131613545,0,normal
2026-10-06 13:14:24,66.83076797034664,0.08291647809999048,0,normal
2026-10-06 13:14:25,64.96342963065169,0.07237026981850546,0,normal
2026-10-06 13:14:26,70.17463072396198,0.05136583499768588,0,normal
2026-10-06 13:14:27,71.54536740009834,0.028388422666239817,0,normal
2026-10-06 13:14:28,68.4715222049859,0.0541033124435151,0,normal
2026-10-06 13:14:29,65.59431338745085,0.12072499398626933,0,normal
2026-10-06 13:14:30,67.52099006067675,0.05864163078727533,0,normal
2026-10-06 13:14:31,64.91841400571921,0.08433838660460002,0,normal
2026-10-06 13:14:32,65.62335518719348,0.06478633457407817,0,normal
2026-10-06 13:14:33,65.19675559744412,0.08634512401219865,0,normal
2026-10-06 13:14:34,65.25645264496838,0.0752641849651474,0,normal
2026-10-06 13:14:35,66.89751064011725,0.09501363936814267,0,normal
2026-10-06 13:14:36,69.39447687947745,0.08558251793180294,0,normal
2026-10-06 13:14:37,68.58236017960296,0.05960116794988921,0,normal
2026-10-06 13:14:38,68.26302930807063,0.07576373264865381,0,normal
2026-10-06 13:14:39,70.00110320598827,0.06817181373902245,0,normal
2026-10-06 13:14:40,70.66231562524608,0.08415714211415436,0,normal
2026-10-06 13:14:41,66.7395480238529,0.04867748483102693,0,normal
2026-10-06 13:14:42,68.71073167093631,0.11090113332540666,0,normal
2026-10-06 13:14:43,67.82432431463428,0.09137632127141339,0,normal
2026-10-06 13:14:44,70.52820290182774,0.07775569908558072,0,normal
2026-10-06 13:14:45,67.03334555204782,0.028509413534533096,0,normal
2026-10-06 13:14:46,68.63375949727781,0.09828941676832406,0,normal
2026-10-06 13:14:47,68.66880038769776,0.07556584214902122,0,normal
2026-10-06 13:14:48,67.13600435115708,0.07980986588916407,0,normal
2026-10-06 13:14:49,70.17330553751081,0.052226125067690456,0,normal
2026-10-06 13:14:50,67.84108961891037,0.08901723089587876,0,normal
2026-10-06 13:14:51,69.31004199240601,0.11324478978709847,0,normal
2026-10-06 13:14:52,64.26741839946261,0.03988597640443612,0,normal
2026-10-06 13:14:53,68.43885177565343,0.03536375636897164,0,normal
2026-10-06 13:14:54,69.16661316710095,0.06985298254529759,0,normal
2026-10-06 13:14:55,68.3876194543543,0.0793888418568004,0,normal
2026-10-06 13:14:56,65.49980999062333,0.11916039133563587,0,normal
2026-10-06 13:14:57,68.2451457224221,0.11206632021417451,0,normal
2026-10-06 13:14:58,66.14195163756231,0.07697094123690244,0,normal
2026-10-06 13:14:59,68.41265134736072,0.11278301726466866,0,normal
2026-10-06 13:15:00,68.04285398015159,0.09365895644886772,0,normal
2026-10-06 13:15:01,72.06149270933268,0.11463119365572377,0,normal
2026-10-06 13:15:02,67.61875272696969,0.079562766531361,0,normal
2026-10-06 13:15:03,68.88623975398569,0.034305731690244076,0,normal
2026-10-06 13:15:04,70.94508455748353,0.06557980912469344,0,normal
2026-10-06 13:15:05,69.32013435487652,0.07725310745811591,0,normal
2026-10-06 13:15:06,65.20567288151676,0.07329443716044631,0,normal
2026-10-06 13:15:07,66.21051641541278,0.07585730318297382,0,normal
2026-10-06 13:15:08,65.96574091481585,0.081669624013451,0,normal
2026-10-06 13:15:09,64.16918843892171,0.09060035538690242,0,normal
2026-10-06 13:15:10,65.05621237866858,0.06187111635524438,0,normal
2026-10-06 13:15:11,68.49254536043037,0.06996359383501627,0,normal
2026-10-06 13:15:12,64.81584749631566,0.08335060274135202,0,normal
2026-10-06 13:15:13,65.26880522635292,0.1104135793487088,0,normal
2026-10-06 13:15:14,67.76594379563619,0.06394987756447636,0,normal
2026-10-06 13:15:15,68.8998192715016,0.09024760643576103,0,normal
2026-10-06 13:15:16,67.30685912579759,0.07946135064841191,0,normal
2026-10-06 13:15:17,69.00494513110321,0.04650383583226433,0,normal
2026-10-06 13:15:18,67.70120719902701,0.09460609203567069,0,normal
2026-10-06 13:15:19,69.94024984590874,0.05103818740149344,0,normal
2026-10-06 13:15:20,67.3833471370259,0.0888595869492842,0,normal
2026-10-06 13:15:21,66.55324441209342,0.05336645872999843,0,normal
2026-10-06 13:15:22,64.16218581812046,0.05566878074691604,0,normal
2026-10-06 13:15:23,66.85707262765732,0.12791046128461112,0,normal
2026-10-06 13:15:24,67.6684014013881,0.007952263964188522,0,normal
2026-10-06 13:15:25,69.39491800548682,0.019254757882551994,0,normal
2026-10-06 13:15:26,65.61152989342217,0.11605748426058504,0,normal
2026-10-06 13:15:27,67.98417932724641,0.05807576956462518,0,normal
2026-10-06 13:15:28,68.37485651058192,0.11945025969955209,0,normal
2026-10-06 13:15:29,69.48220682569546,0.09485162405970518,0,normal
2026-10-06 13:15:30,68.72046717868206,0.08401081135558884,0,normal
2026-10-06 13:15:31,65.81955448449776,0.07879011410488672,0,normal
2026-10-06 13:15:32,64.46393260675819,0.0639007718953652,0,normal
2026-10-06 13:15:33,65.10904242629401,0.0839943263586952,0,normal
2026-10-06 13:15:34,68.82575900081947,0.11005351781508946,0,normal
2026-10-06 13:15:35,68.05778998739724,0.06869813812868483,0,normal
2026-10-06 13:15:36,67.7996943425219,0.126535253838107,0,normal
2026-10-06 13:15:37,67.74059496158598,0.06193899652806949,0,normal
2026-10-06 13:15:38,68.57557316120695,0.088898227975275,0,normal
2026-10-06 13:15:39,70.41593053995818,0.09864646303282619,0,normal
2026-10-06 13:15:40,68.15699452881216,0.07847960262395341,0,normal
2026-10-06 13:15:41,67.76714763319478,0.01476838121431967,0,normal
2026-10-06 13:15:42,66.96292452905966,0.05692581206272057,0,normal
2026-10-06 13:15:43,67.72340644513869,0.049640229803670735,0,normal
2026-10-06 13:15:44,65.77953260343916,0.04558133472541536,0,normal
2026-10-06 13:15:45,66.62584060912951,0.06493344484021235,0,normal
2026-10-06 13:15:46,68.89323737996908,0.060371337475367264,0,normal
2026-10-06 13:15:47,68.79981753420283,0.07184457696362698,0,normal
2026-10-06 13:15:48,70.07105932467537,0.0809015498702408,0,normal
2026-10-06 13:15:49,67.88177897231779,0.07302008820616067,0,normal
2026-10-06 13:15:50,70.04645327227612,0.09526040175398595,0,normal
2026-10-06 13:15:51,70.53073976870483,0.03360416969654811,0,normal
2026-10-06 13:15:52,69.83622327019572,0.05761325246895803,0,normal
2026-10-06 13:15:53,70.95260243204369,0.10340031812124621,0,normal
2026-10-06 13:15:54,67.36783162582047,0.07710349420095756,0,normal
2026-10-06 13:15:55,65.83747281586551,0.1210476045359875,0,normal
2026-10-06 13:15:56,66.82391890867565,0.08259502274802717,0,normal
2026-10-06 13:15:57,65.79979405643641,0.10748415683609998,0,normal
2026-10-06 13:15:58,68.4397243647079,0.04906183806808323,0,normal
2026-10-06 13:15:59,66.37302205178426,0.12683492987364775,0,normal
2026-10-06 13:16:00,66.63800579526212,0.08534746310393183,0,normal
2026-10-06 13:16:01,68.72839840801491,0.08349496844058936,0,normal
2026-10-06 13:16:02,68.38289264845086,0.05926516816692027,0,normal
2026-10-06 13:16:03,67.0203912848569,0.07288684954139912,0,normal
2026-10-06 13:16:04,68.97744961264316,0.07315950844581261,0,normal
2026-10-06 13:16:05,71.27472344537284,0.0935444589079775,0,normal
2026-10-06 13:16:06,65.16038557878262,0.07259147938514539,0,normal
2026-10-06 13:16:07,66.17459549352739,0.09952129418481326,0,normal
2026-10-06 13:16:08,65.53557892036223,0.06867387155850535,0,normal
2026-10-06 13:16:09,64.56637279910312,0.09403297397643413,0,normal
2026-10-06 13:16:10,67.68621026726973,0.07555047194922401,0,normal
2026-10-06 13:16:11,67.29789524561664,0.06391158069865924,0,normal
2026-10-06 13:16:12,68.89059595986953,0.08171100040157464,0,normal
2026-10-06 13:16:13,70.05698497661851,0.09442599614073992,0,normal
2026-10-06 13:16:14,69.33745157597448,0.08194591774181265,0,normal
2026-10-06 13:16:15,71.84312442995768,0.063943857670815,0,normal
2026-10-06 13:16:16,70.91945673023515,0.056946241809399695,0,normal
2026-10-06 13:16:17,66.6215874626814,0.07538383841482986,0,normal
2026-10-06 13:16:18,67.71167156094337,0.10748951452972451,0,normal
2026-10-06 13:16:19,67.0876528118108,0.05947377856090087,0,normal
2026-10-06 13:16:20,65.59909482979862,0.06555666586059869,0,normal
2026-10-06 13:16:21,66.19359030616202,0.03804589305825519,0,normal
2026-10-06 13:16:22,65.3971555638981,0.07610229384162344,0,normal
2026-10-06 13:16:23,67.02079068125036,0.1085625476587374,0,normal
2026-10-06 13:16:24,64.84703179099657,0.08022760081423122,0,normal
2026-10-06 13:16:25,66.73428657765169,0.11436894733895946,0,normal
2026-10-06 13:16:26,69.82506522170634,0.12144015308409513,0,normal
2026-10-06 13:16:27,70.36199826964331,0.09088211782572934,0,normal
2026-10-06 13:16:28,71.04872029619173,0.07623268579577222,0,normal
2026-10-06 13:16:29,69.52778683998127,0.10015982942214106,0,normal
2026-10-06 13:16:30,69.3926085636351,0.08644851404597313,0,normal
2026-10-06 13:16:31,65.82257041930588,0.04976950473116276,0,normal
2026-10-06 13:16:32,63.90584986912276,0.11386310377687942,0,normal
2026-10-06 13:16:33,68.04390731721458,0.10535321869524131,0,normal
2026-10-06 13:16:34,67.80270719636368,0.0911296019235174,0,normal
2026-10-06 13:16:35,66.05120643294951,0.07644836728142419,0,normal
2026-10-06 13:16:36,68.23860978783999,0.08287879697890557,0,normal
2026-10-06 13:16:37,68.07196639891977,0.09358762629059597,0,normal
2026-10-06 13:16:38,68.04950536907796,0.07868202854916229,0,normal
2026-10-06 13:16:39,72.16578525433272,0.06563435473005959,0,normal
2026-10-06 13:16:40,69.0,0.05077642521546021,1,dropout
2026-10-06 13:16:41,69.0,0.05081779417873985,1,dropout
2026-10-06 13:16:42,69.0,0.050581363522218065,1,dropout
2026-10-06 13:16:43,69.0,0.03484234455643041,1,dropout
2026-10-06 13:16:44,69.0,0.048971220435757176,1,dropout
2026-10-06 13:16:45,69.0,0.0373242517277627,1,dropout
2026-10-06 13:16:46,69.0,0.05217508109021013,1,dropout
2026-10-06 13:16:47,69.0,0.04222831830291439,1,dropout
2026-10-06 13:16:48,69.0,0.04456333377293174,1,dropout
2026-10-06 13:16:49,69.0,0.04059954982425471,1,dropout
2026-10-06 13:16:50,69.0,0.0565599681047057,1,dropout
2026-10-06 13:16:51,69.0,0.050058646441175025,1,dropout
2026-10-06 13:16:52,69.0,0.037286802483706576,1,dropout
2026-10-06 13:16:53,69.0,0.04112100490498549,1,dropout
2026-10-06 13:16:54,69.0,0.046669498419826067,1,dropout
2026-10-06 13:16:55,69.0,0.04465077632274545,1,dropout
2026-10-06 13:16:56,69.0,0.04869792885671385,1,dropout
2026-10-06 13:16:57,69.0,0.06907672587110417,1,dropout
2026-10-06 13:16:58,64.41259996871547,0.08308315847200684,0,normal
2026-10-06 13:16:59,67.03455288382071,0.09262180132687947,0,normal
2026-10-06 13:17:00,66.88024917372894,0.09674376104956028,0,normal
2026-10-06 13:17:01,67.69118729152883,0.11609292080463078,0,normal
2026-10-06 13:17:02,68.91909248767682,0.10864687051402397,0,normal
2026-10-06 13:17:03,70.06749702608795,0.09462077773054971,0,normal
2026-10-06 13:17:04,72.02890670022789,0.06030644236002862,0,normal
2026-10-06 13:17:05,69.7543408708937,0.08018442410419166,0,normal
2026-10-06 13:17:06,67.12411838101602,0.10848987864581024,0,normal
2026-10-06 13:17:07,68.3617818849803,0.09399534748074742,0,normal
2026-10-06 13:17:08,66.08794524653996,0.11706465171733352,0,normal
2026-10-06 13:17:09,64.96789681443703,0.10123267418616441,0,normal
2026-10-06 13:17:10,66.28363777590143,0.05693049103532158,0,normal
2026-10-06 13:17:11,67.3045313179652,0.09818797181157936,0,normal
2026-10-06 13:17:12,65.78385726442197,0.10304474935273525,0,normal
2026-10-06 13:17:13,67.43683281232308,0.06952896214420666,0,normal
2026-10-06 13:17:14,67.86427083209503,0.07845111403887287,0,normal
2026-10-06 13:17:15,68.04781497439902,0.041018516627743765,0,normal
2026-10-06 13:17:16,69.06205057681078,0.14638843068884133,0,normal
2026-10-06 13:17:17,64.10248811088455,0.08617696308672547,0,normal
2026-10-06 13:17:18,66.5493960941548,0.1010088568033651,0,normal
2026-10-06 13:17:19,68.09287027025644,0.008439432298640151,0,normal
2026-10-06 13:17:20,68.76447724382518,0.08732577088965274,0,normal
2026-10-06 13:17:21,65.33659328976258,0.06561035436625204,0,normal
2026-10-06 13:17:22,64.78164036456468,0.06492325625678155,0,normal
2026-10-06 13:17:23,67.2561339716162,0.0834868162570238,0,normal
2026-10-06 13:17:24,68.01709992810281,0.08842311766661103,0,normal
2026-10-06 13:17:25,66.62276003290049,0.08657969274947566,0,normal
2026-10-06 13:17:26,69.87998055971768,0.0798435479812293,0,normal
2026-10-06 13:17:27,68.39601239574687,0.09514476778818023,0,normal
2026-10-06 13:17:28,69.0710243632022,0.04405507410442296,0,normal
2026-10-06 13:17:29,68.88878739319132,0.1050858100464664,0,normal
2026-10-06 13:17:30,68.17196031822934,0.1019074972097482,0,normal
2026-10-06 13:17:31,66.39533040346842,0.07248040805712003,0,normal
2026-10-06 13:17:32,66.45228939718038,0.0968377399652172,0,normal
2026-10-06 13:17:33,66.41670572664223,0.08631429313829764,0,normal
2026-10-06 13:17:34,68.81689001601228,0.08349040784104775,0,normal
2026-10-06 13:17:35,66.0338232786599,0.07089230661005162,0,normal
2026-10-06 13:17:36,67.86342947693512,0.07374781742183059,0,normal
2026-10-06 13:17:37,68.59819324494013,0.08505500522919661,0,normal
2026-10-06 13:17:38,69.86954101908006,0.06376039509828696,0,normal
2026-10-06 13:17:39,68.88315282104054,0.057337974979341316,0,normal
2026-10-06 13:17:40,70.75621493726842,0.11349361766078123,0,normal
2026-10-06 13:17:41,68.72481364266181,0.056091649399012664,0,normal
2026-10-06 13:17:42,66.24156720106481,0.050742232953830554,0,normal
2026-10-06 13:17:43,70.46590731961484,0.05950136631375872,0,normal
2026-10-06 13:17:44,63.694979790179346,0.08680005823599023,0,normal
2026-10-06 13:17:45,66.11368852901748,0.07276384618284762,0,normal
2026-10-06 13:17:46,68.51304229551957,0.07133321860976351,0,normal
2026-10-06 13:17:47,68.49457304874967,0.11815165859723306,0,normal
2026-10-06 13:17:48,67.42374131285604,0.12071650665575026,0,normal
2026-10-06 13:17:49,67.71504908186853,0.0985088559252838,0,normal
2026-10-06 13:17:50,70.14777697329903,0.033555306874608504,0,normal
2026-10-06 13:17:51,63.57835611205999,0.08070635263890903,0,normal
2026-10-06 13:17:52,67.6981998879982,0.06730984398193846,0,normal
2026-10-06 13:17:53,69.69219014468115,0.09668358565228605,0,normal
2026-10-06 13:17:54,70.22134669893254,0.09407680174357974,0,normal
2026-10-06 13:17:55,66.46321379511915,0.059825607599491765,0,normal
2026-10-06 13:17:56,66.50174887358658,0.07609788293260268,0,normal
2026-10-06 13:17:57,63.9396818521422,0.07210486090648646,0,normal
2026-10-06 13:17:58,63.965890740183646,0.08501974132675508,0,normal
2026-10-06 13:17:59,67.47192589479118,0.11060400143216349,0,normal
2026-10-06 13:18:00,66.68668590959459,0.0961447356424705,0,normal
2026-10-06 13:18:01,66.58374773323526,0.0834480419796104,0,normal
2026-10-06 13:18:02,66.1885658278076,0.0780765989773634,0,normal
2026-10-06 13:18:03,67.59265367336732,0.07558532048710144,0,normal
2026-10-06 13:18:04,66.66106187662018,0.07530188565994261,0,normal
2026-10-06 13:18:05,69.58310651402572,0.08809351314278252,0,normal
2026-10-06 13:18:06,65.63181088046413,0.07912148852863832,0,normal
2026-10-06 13:18:07,66.02421855701348,0.0609856078303877,0,normal
2026-10-06 13:18:08,67.59228120593693,0.17441462608156555,0,normal
2026-10-06 13:18:09,65.24053694434086,0.06180987486911717,0,normal
2026-10-06 13:18:10,69.06767915733697,0.0873857404621626,0,normal
2026-10-06 13:18:11,69.32945830498133,0.0650396654336631,0,normal
2026-10-06 13:18:12,67.45689855469176,0.09247955955819645,0,normal
2026-10-06 13:18:13,66.45007800314009,0.049922299744380436,0,normal
2026-10-06 13:18:14,70.63148156590654,0.09898701929681765,0,normal
2026-10-06 13:18:15,67.14417165182404,0.08500506777888521,0,normal
2026-10-06 13:18:16,67.66553829481511,0.06613877949744008,0,normal
2026-10-06 13:18:17,69.41857985368131,0.08424782284373047,0,normal
2026-10-06 13:18:18,68.22086240999383,0.04637686686396932,0,normal
2026-10-06 13:18:19,67.82579187075824,0.08419518511804186,0,normal
2026-10-06 13:18:20,65.82257413067406,0.09470566718700342,0,normal
2026-10-06 13:18:21,69.46576508448179,0.05779351673171497,0,normal
2026-10-06 13:18:22,68.22032801847169,0.09717258872645003,0,normal
2026-10-06 13:18:23,66.51989211567336,0.10021147264288591,0,normal
2026-10-06 13:18:24,66.62298608438704,0.08830346045457363,0,normal
2026-10-06 13:18:25,69.1993515508351,0.07697736505626016,0,normal
2026-10-06 13:18:26,65.08084971890702,0.0358631501528579,0,normal
2026-10-06 13:18:27,70.40889229815662,0.06632212348837123,0,normal
2026-10-06 13:18:28,68.71767303329142,0.051311848522407694,0,normal
2026-10-06 13:18:29,66.89126118089774,0.10696928075788509,0,normal
2026-10-06 13:18:30,62.83780203212505,0.11824781790238491,0,normal
2026-10-06 13:18:31,64.72254770620331,0.0758045131783893,0,normal
2026-10-06 13:18:32,67.64721278216149,0.07252595812130955,0,normal
2026-10-06 13:18:33,67.38948676516233,0.05960903472909096,0,normal
2026-10-06 13:18:34,65.57400388017264,0.06641057551778749,0,normal
2026-10-06 13:18:35,67.59576853034218,0.04963099427935663,0,normal
2026-10-06 13:18:36,68.6328557383767,0.11018418154388254,0,normal
2026-10-06 13:18:37,68.89401823964604,0.10805406081960105,0,normal
2026-10-06 13:18:38,67.90718511675321,0.08747647545570648,0,normal
2026-10-06 13:18:39,68.3219339783389,0.08113751044631311,0,normal
2026-10-06 13:18:40,68.2271519469021,0.09019785560145822,0,normal
2026-10-06 13:18:41,68.99172572682818,0.1374756231400195,0,normal
2026-10-06 13:18:42,68.67141760930737,0.10706762520025843,0,normal
2026-10-06 13:18:43,66.97329352846646,0.09440214882214314,0,normal
2026-10-06 13:18:44,65.95060097790643,0.04403298075521921,0,normal
2026-10-06 13:18:45,65.1919299645934,0.11372977256126424,0,normal
2026-10-06 13:18:46,65.88397142332482,0.08815773749959019,0,normal
2026-10-06 13:18:47,67.49054009004244,0.06809600102028794,0,normal
2026-10-06 13:18:48,67.40128221773995,0.07877965386436162,0,normal
2026-10-06 13:18:49,69.8475332003508,0.0868177479616701,0,normal
2026-10-06 13:18:50,66.26023759507413,0.08563888593487078,0,normal
2026-10-06 13:18:51,69.70750936240086,0.07271574403425388,0,normal
2026-10-06 13:18:52,68.34191662044982,0.09054420863749683,0,normal
2026-10-06 13:18:53,67.72343153122202,0.08809065517925788,0,normal
2026-10-06 13:18:54,65.41437812381389,0.11167165409056579,0,normal
2026-10-06 13:18:55,65.32990226013432,0.06576464568347394,0,normal
2026-10-06 13:18:56,64.22213876674743,0.1213518485435154,0,normal
2026-10-06 13:18:57,65.84700017370602,0.07605764198697001,0,normal
2026-10-06 13:18:58,66.25479317452034,0.08547730256733803,0,normal
2026-10-06 13:18:59,64.4438560254849,0.1061495315061199,0,normal
2026-10-06 13:19:00,69.38070883793063,0.05874474328945599,0,normal
2026-10-06 13:19:01,67.28660770893802,0.0922391490662675,0,normal
2026-10-06 13:19:02,69.87629697989428,0.1013566407595838,0,normal
2026-10-06 13:19:03,70.82555836364243,0.07949314035519196,0,normal
2026-10-06 13:19:04,68.26496323975759,0.05265832280285554,0,normal
2026-10-06 13:19:05,66.9662523934146,0.032431010953924866,0,normal
2026-10-06 13:19:06,64.7056894204316,0.11705261899201141,0,normal
2026-10-06 13:19:07,65.94991170610585,0.07198608818460209,0,normal
2026-10-06 13:19:08,66.5639816115708,0.08242051679889915,0,normal
2026-10-06 13:19:09,69.59912730078285,0.07319086596148251,0,normal
2026-10-06 13:19:10,66.20671412924591,0.061220411294569066,0,normal
2026-10-06 13:19:11,64.90369793615929,0.10353863507734336,0,normal
2026-10-06 13:19:12,69.39839518466977,0.057602780107279115,0,normal
2026-10-06 13:19:13,69.28841650556012,0.048326342401842984,0,normal
2026-10-06 13:19:14,67.64333876627117,0.04269535826768548,0,normal
2026-10-06 13:19:15,70.52162732232956,0.016238800747703938,0,normal
2026-10-06 13:19:16,66.49296498053883,0.07969184385678901,0,normal
2026-10-06 13:19:17,69.65846110158098,0.06879216986047393,0,normal
2026-10-06 13:19:18,68.04366312336758,0.11480978706862366,0,normal
2026-10-06 13:19:19,72.42052755310533,0.10697426115843789,0,normal
2026-10-06 13:19:20,65.53894513435134,0.08627035795715082,0,normal
2026-10-06 13:19:21,65.9786610040309,0.06316060311956528,0,normal
2026-10-06 13:19:22,67.95051364295007,0.12215226068044392,0,normal
2026-10-06 13:19:23,68.11217843281868,0.07787081954838243,0,normal
2026-10-06 13:19:24,66.24445329522024,0.09230788018711418,0,normal
2026-10-06 13:19:25,67.88938698674309,0.030542279467124546,0,normal
2026-10-06 13:19:26,68.88310656873975,0.09888395893631474,0,normal
2026-10-06 13:19:27,70.11371382175952,0.0866524876823895,0,normal
2026-10-06 13:19:28,67.0661615067194,0.08779204370029264,0,normal
2026-10-06 13:19:29,68.5280213747956,0.08186834499472072,0,normal
2026-10-06 13:19:30,68.29489344083575,0.09041691248508524,0,normal
2026-10-06 13:19:31,69.5548334828934,0.011545049501089852,0,normal
2026-10-06 13:19:32,68.19423075733769,0.04419642448091244,0,normal
2026-10-06 13:19:33,68.46868896549297,0.07992516253309216,0,normal
2026-10-06 13:19:34,64.8108492568079,0.06605588699983728,0,normal
2026-10-06 13:19:35,65.32250697286189,0.093441405817626,0,normal
2026-10-06 13:19:36,68.34900947787916,0.09548353057065641,0,normal
2026-10-06 13:19:37,64.99456693094665,0.11550946077424945,0,normal
2026-10-06 13:19:38,67.42899215058519,0.09078262100961793,0,normal
2026-10-06 13:19:39,69.13435023356585,0.10732539985231809,0,normal
2026-10-06 13:19:40,67.63574049457362,0.0737510170299647,0,normal
2026-10-06 13:19:41,65.26212629068068,0.11192789483436111,0,normal
2026-10-06 13:19:42,67.80606918239914,0.0721440197716924,0,normal
2026-10-06 13:19:43,64.90820900869215,0.04564260047706656,0,normal
2026-10-06 13:19:44,67.55706869125058,0.05556725010833391,0,normal
2026-10-06 13:19:45,65.06580273536248,0.06887271583220529,0,normal
2026-10-06 13:19:46,64.52305152451422,0.05686217306708593,0,normal
2026-10-06 13:19:47,66.83390401003689,0.10221883798970559,0,normal
2026-10-06 13:19:48,65.39617777791908,0.08320183668866345,0,normal
2026-10-06 13:19:49,67.84298394761389,0.05671571852341466,0,normal
2026-10-06 13:19:50,66.86371566788334,0.05602898167822115,0,normal
2026-10-06 13:19:51,68.280118283742,0.12174841474054288,0,normal
2026-10-06 13:19:52,68.22425398753671,0.08099562527936423,0,normal
2026-10-06 13:19:53,68.62921599482893,0.047403327118583236,0,normal
2026-10-06 13:19:54,64.5958613545115,0.1042948041508612,0,normal
2026-10-06 13:19:55,67.10473966858946,0.06343383715857906,0,normal
2026-10-06 13:19:56,63.83531102129383,0.05410459041601462,0,normal
2026-10-06 13:19:57,65.95645315859537,0.09443513339124077,0,normal
2026-10-06 13:19:58,66.34618840031524,0.11024502467871478,0,normal
2026-10-06 13:19:59,62.97147906611857,0.05890115450113269,0,normal
2026-10-06 13:20:00,85.01133707183371,0.6823273543209181,0,normal
2026-10-06 13:20:01,89.4970051319193,1.008453003507254,0,normal
2026-10-06 13:20:02,91.38058459337897,0.8930282498194435,0,normal
2026-10-06 13:20:03,90.79829087039728,0.8412825592968507,0,normal
2026-10-06 13:20:04,94.01232702986512,0.6389201444749631,0,normal
2026-10-06 13:20:05,88.27333949575795,0.6401234259118648,0,normal
2026-10-06 13:20:06,82.86948022149733,0.7325963071106764,0,normal
2026-10-06 13:20:07,84.40585548824576,0.6566406132184132,0,normal
2026-10-06 13:20:08,82.78902190177854,0.7034025408739106,0,normal
2026-10-06 13:20:09,82.58496996834633,0.7940554061386758,0,normal
2026-10-06 13:20:10,85.17168894936616,0.6501235430916799,0,normal
2026-10-06 13:20:11,88.66685545438305,0.7403908462360976,0,normal
2026-10-06 13:20:12,89.77026427837721,0.5448585159075147,0,normal
2026-10-06 13:20:13,87.93595176947483,0.752707386656612,0,normal
2026-10-06 13:20:14,86.60622431331805,0.5015098639405104,0,normal
2026-10-06 13:20:15,84.3556251654055,0.6829883473365415,0,normal
2026-10-06 13:20:16,87.94341563113385,0.620607336386372,0,normal
2026-10-06 13:20:17,83.57857198199416,0.6716615442829137,0,normal
2026-10-06 13:20:18,87.93170662088504,0.8751338714309136,0,normal
2026-10-06 13:20:19,83.288190062737,0.5680982272024876,0,normal
2026-10-06 13:20:20,88.84082991127087,0.5823996536639847,0,normal
2026-10-06 13:20:21,85.59004332891008,1.164748354931259,0,normal
2026-10-06 13:20:22,90.67668551440717,0.9291709443450579,0,normal
2026-10-06 13:20:23,81.65933095500998,0.5847973724131733,0,normal
2026-10-06 13:20:24,88.66906488236971,0.9922865518943663,0,normal
2026-10-06 13:20:25,90.4822255950378,0.7424390659115622,0,normal
2026-10-06 13:20:26,87.41593358591605,0.7852880053906199,0,normal
2026-10-06 13:20:27,87.0866192827917,0.6560847281144195,0,normal
2026-10-06 13:20:28,86.14635583100569,0.7928492237472035,0,normal
2026-10-06 13:20:29,86.24420351091344,0.8589563772707492,0,normal
2026-10-06 13:20:30,85.90468834012567,0.6342741930139647,0,normal
2026-10-06 13:20:31,84.71068770788278,0.6387958466950188,0,normal
2026-10-06 13:20:32,91.97951607924078,0.6736513597852577,0,normal
2026-10-06 13:20:33,85.96127309977187,0.7128048430179295,0,normal
2026-10-06 13:20:34,86.85622564747993,0.7988207163755443,0,normal
2026-10-06 13:20:35,91.48113247277416,0.601186671855527,0,normal
2026-10-06 13:20:36,86.78936531423756,1.042939783631061,0,normal
2026-10-06 13:20:37,90.24826159316967,0.7589910484099237,0,normal
2026-10-06 13:20:38,91.0662911605715,0.688576773617693,0,normal
2026-10-06 13:20:39,86.79632698449113,0.6382844708215666,0,normal
2026-10-06 13:20:40,89.95830762372006,0.8800771910213567,0,normal
2026-10-06 13:20:41,85.86822005737923,0.7855616070492193,0,normal
2026-10-06 13:20:42,86.7903099091436,0.9182855140443946,0,normal
2026-10-06 13:20:43,86.52148021754846,0.9073233338166955,0,normal
2026-10-06 13:20:44,87.19666235648316,0.7472975739335214,0,normal
2026-10-06 13:20:45,85.97599991626495,0.746851725232254,0,normal
2026-10-06 13:20:46,83.78433059371126,0.4951833096318513,0,normal
2026-10-06 13:20:47,89.13857537180209,0.7067900354422668,0,normal
2026-10-06 13:20:48,91.67549772267853,0.9614859453797705,0,normal
2026-10-06 13:20:49,88.00142484973699,0.8948678698240435,0,normal
2026-10-06 13:20:50,87.13023590521973,0.6782351907206663,0,normal
2026-10-06 13:20:51,86.93362345510403,1.0304858125850718,0,normal
2026-10-06 13:20:52,81.20670794220592,0.5211029169718832,0,normal
2026-10-06 13:20:53,87.42576560909336,0.751799658878126,0,normal
2026-10-06 13:20:54,89.84154383678516,0.9970365579041895,0,normal
2026-10-06 13:20:55,88.54967026834876,1.0045086500832787,0,normal
2026-10-06 13:20:56,84.42948877146559,0.8208429062017228,0,normal
2026-10-06 13:20:57,86.79063780908494,0.6171161559455562,0,normal
2026-10-06 13:20:58,84.56879731264867,0.5850303671314558,0,normal
2026-10-06 13:20:59,89.84003232982826,0.6891674787180104,0,normal
2026-10-06 13:21:00,92.50535256303876,0.44689020908113575,0,normal
2026-10-06 13:21:01,85.18089479324344,0.6189795641683394,0,normal
2026-10-06 13:21:02,91.19405594305819,0.8044551947270535,0,normal
2026-10-06 13:21:03,86.93811915943341,0.7384264411893693,0,normal
2026-10-06 13:21:04,87.02206440866505,0.7995990721664739,0,normal
2026-10-06 13:21:05,92.40116481048995,1.0221172623437589,0,normal
2026-10-06 13:21:06,89.8906683156319,0.6691262647008672,0,normal
2026-10-06 13:21:07,82.88899163243978,0.5666036441437963,0,normal
2026-10-06 13:21:08,86.23958484153856,0.40839147520744995,0,normal
2026-10-06 13:21:09,87.23694597734386,0.7290165677190362,0,normal
2026-10-06 13:21:10,87.24798283242146,0.8505959636701497,0,normal
2026-10-06 13:21:11,87.50032902323244,0.5204178089318631,0,normal
2026-10-06 13:21:12,88.73923534108506,1.0477529338215774,0,normal
2026-10-06 13:21:13,93.50157985984255,0.42206630098761944,0,normal
2026-10-06 13:21:14,90.31831150386455,0.6741165337963547,0,normal
2026-10-06 13:21:15,90.14736699101618,0.9458850005681645,0,normal
2026-10-06 13:21:16,90.98622632495612,0.6305389305618555,0,normal
2026-10-06 13:21:17,89.10005273318433,0.49664134363204504,0,normal
2026-10-06 13:21:18,90.29080717008245,0.6707169271586921,0,normal
2026-10-06 13:21:19,87.30663998202162,0.8505208946882212,0,normal
2026-10-06 13:21:20,88.9572761690754,0.6477913729888957,0,normal
2026-10-06 13:21:21,86.56400412923128,0.7389078122587174,0,normal
2026-10-06 13:21:22,83.43874249844534,0.446819805608897,0,normal
2026-10-06 13:21:23,88.54984456099379,0.5601049940736215,0,normal
2026-10-06 13:21:24,85.10552138812498,0.7705414762610342,0,normal
2026-10-06 13:21:25,89.32340231574833,1.1006289680920176,0,normal
2026-10-06 13:21:26,88.11386918410335,0.9428042988407213,0,normal
2026-10-06 13:21:27,88.57071854019321,0.6492172452386215,0,normal
2026-10-06 13:21:28,89.5859224061425,0.9904064893674537,0,normal
2026-10-06 13:21:29,90.24773528362213,0.6907138553063955,0,normal
2026-10-06 13:21:30,85.8316903695296,0.8386527933768149,0,normal
2026-10-06 13:21:31,88.2820200868759,0.4875785269964665,0,normal
2026-10-06 13:21:32,82.78233036530632,0.7764873269649951,0,normal
2026-10-06 13:21:33,85.39645280108573,0.8144347892086328,0,normal
2026-10-06 13:21:34,84.84369237528747,0.8810317669316119,0,normal
2026-10-06 13:21:35,86.77250631757117,0.7953707523200054,0,normal
2026-10-06 13:21:36,87.90618423872212,0.8159033546329033,0,normal
2026-10-06 13:21:37,88.20874009523132,1.05266200038399,0,normal
2026-10-06 13:21:38,91.57099201393588,1.0176111147666806,0,normal
2026-10-06 13:21:39,85.2710175121056,0.8521079896170034,0,normal
2026-10-06 13:21:40,89.28698167044597,0.4785025580807779,0,normal
2026-10-06 13:21:41,89.26743142084446,0.681069215799327,0,normal
2026-10-06 13:21:42,93.03506764710332,0.7808426264881899,0,normal
2026-10-06 13:21:43,88.76229436162247,0.7550049006225966,0,normal
2026-10-06 13:21:44,86.88370131072672,0.8962036280467476,0,normal
2026-10-06 13:21:45,86.07515973301372,0.6309941521039524,0,normal
2026-10-06 13:21:46,89.2234980585963,1.00719408787978,0,normal
2026-10-06 13:21:47,86.87347040903674,0.9364811213432027,0,normal
2026-10-06 13:21:48,89.9986552947271,0.7354908659296326,0,normal
2026-10-06 13:21:49,87.39332574211862,0.6827499563222247,0,normal
2026-10-06 13:21:50,93.71798070212162,0.914653684662424,0,normal
2026-10-06 13:21:51,87.3808399360531,0.8449236552488694,0,normal
2026-10-06 13:21:52,91.09872228309867,0.9157017036802,0,normal
2026-10-06 13:21:53,88.57275447716445,0.8453783254543251,0,normal
2026-10-06 13:21:54,91.57000630546213,1.036927707622818,0,normal
2026-10-06 13:21:55,83.82117251291427,0.9352947011973942,0,normal
2026-10-06 13:21:56,88.7714628466807,0.8607671981101738,0,normal
2026-10-06 13:21:57,87.08731439390836,0.8531145413764719,0,normal
2026-10-06 13:21:58,84.30779302965065,0.7348877008801561,0,normal
2026-10-06 13:21:59,88.88974412570408,0.9152569001042932,0,normal
2026-10-06 13:22:00,88.94369856444362,0.6142605680332407,0,normal
2026-10-06 13:22:01,88.28787715117733,0.8543253193195172,0,normal
2026-10-06 13:22:02,89.56587774771776,0.5746781198625032,0,normal
2026-10-06 13:22:03,92.8962242271111,0.8092246848332879,0,normal
2026-10-06 13:22:04,91.98039574930476,0.644095798581463,0,normal
2026-10-06 13:22:05,88.75543872149913,0.6957110199706603,0,normal
2026-10-06 13:22:06,85.80289682696335,0.6518357361453134,0,normal
2026-10-06 13:22:07,88.69702389095691,0.8022988521543611,0,normal
2026-10-06 13:22:08,87.04727608639472,0.8960426559456915,0,normal
2026-10-06 13:22:09,90.62588261252509,0.808599825242912,0,normal
2026-10-06 13:22:10,87.56314669615891,0.7319672528616153,0,normal
2026-10-06 13:22:11,86.53230794889994,0.8654133671653688,0,normal
2026-10-06 13:22:12,88.52012518406178,0.7182730546389674,0,normal
2026-10-06 13:22:13,91.04932103985458,0.43970459194187916,0,normal
2026-10-06 13:22:14,92.37345563764511,1.1258498770424183,0,normal
2026-10-06 13:22:15,89.54102248875547,0.6386384988157634,0,normal
2026-10-06 13:22:16,88.63775246047253,0.6918664133586983,0,normal
2026-10-06 13:22:17,91.5297300303836,0.5831767372689259,0,normal
2026-10-06 13:22:18,86.16379047140464,0.4808155614720398,0,normal
2026-10-06 13:22:19,84.32453279527674,0.7013518609306307,0,normal
2026-10-06 13:22:20,85.70846707125358,0.8241556625410817,0,normal
2026-10-06 13:22:21,95.67983608999926,0.8016158161425174,0,normal
2026-10-06 13:22:22,87.87428950171751,0.6872726454680503,0,normal
2026-10-06 13:22:23,90.57190335504484,0.7800773668164865,0,normal
2026-10-06 13:22:24,87.12822745067116,0.47746560930505755,0,normal
2026-10-06 13:22:25,91.0079552836979,0.968203969218578,0,normal
2026-10-06 13:22:26,88.83611105369388,0.5815680334256599,0,normal
2026-10-06 13:22:27,91.81752193455222,0.6505102943974227,0,normal
2026-10-06 13:22:28,87.20677658574778,0.7131827576543358,0,normal
2026-10-06 13:22:29,88.4134423150124,0.9439086154774118,0,normal
2026-10-06 13:22:30,86.83536740845176,0.6430535205595672,0,normal
2026-10-06 13:22:31,83.53564406107357,0.9489412546203315,0,normal
2026-10-06 13:22:32,86.72658875133014,0.6768516596037908,0,normal
2026-10-06 13:22:33,83.23274150855165,0.8251314786446345,0,normal
2026-10-06 13:22:34,84.43216819054064,0.47185998776968363,0,normal
2026-10-06 13:22:35,85.274105673493,0.8471271990485637,0,normal
2026-10-06 13:22:36,86.88003943218429,0.8211125616185999,0,normal
2026-10-06 13:22:37,88.43300159145804,0.9155369480814073,0,normal
2026-10-06 13:22:38,88.93964099958372,0.8097184094673419,0,normal
2026-10-06 13:22:39,91.1938187754318,1.0618480907159797,0,normal
2026-10-06 13:22:40,99.07579893373287,0.51481808920316,0,normal
2026-10-06 13:22:41,87.88618902236993,0.7029044048412973,0,normal
2026-10-06 13:22:42,87.13869431443779,0.8624747571629756,0,normal
2026-10-06 13:22:43,90.20638962637388,0.8614764559149193,0,normal
2026-10-06 13:22:44,89.71999758633773,0.7091487055045812,0,normal
2026-10-06 13:22:45,82.67363070928964,0.7795914206474721,0,normal
2026-10-06 13:22:46,92.26391419792549,0.9368466721952365,0,normal
2026-10-06 13:22:47,85.9008887036025,0.853433715746244,0,normal
2026-10-06 13:22:48,93.32543140319753,0.7664837165867248,0,normal
2026-10-06 13:22:49,89.67324654693125,0.7123921869892966,0,normal
2026-10-06 13:22:50,92.41072203142267,0.9956437207383149,0,normal
2026-10-06 13:22:51,93.37702501009227,0.7394315513129179,0,normal
2026-10-06 13:22:52,91.15199156957631,0.8959989440862606,0,normal
2026-10-06 13:22:53,87.48763807617908,0.5518588013556461,0,normal
2026-10-06 13:22:54,85.97667963878763,0.8758036368253422,0,normal
2026-10-06 13:22:55,92.07819262248802,0.5528068951817734,0,normal
2026-10-06 13:22:56,86.98495433104779,0.8185010015429546,0,normal
2026-10-06 13:22:57,82.38323580656606,0.8886956472851555,0,normal
2026-10-06 13:22:58,88.38027712600663,0.7191704782781078,0,normal
2026-10-06 13:22:59,87.22991169217974,0.9853345841471675,0,normal
2026-10-06 13:23:00,86.35700231288382,0.7804201136431254,0,normal
2026-10-06 13:23:01,91.56927877891313,0.9726434843945364,0,normal
2026-10-06 13:23:02,93.29112798429071,0.6780870745349864,0,normal
2026-10-06 13:23:03,92.24133598649428,0.7849464183080416,0,normal
2026-10-06 13:23:04,92.2938166738478,0.637106310502757,0,normal
2026-10-06 13:23:05,91.04530830420947,0.8339377072082192,0,normal
2026-10-06 13:23:06,90.77829158840089,0.7420110334133293,0,normal
2026-10-06 13:23:07,88.90958227762619,0.7312531510114098,0,normal
2026-10-06 13:23:08,86.00447668863762,0.8086938374375379,0,normal
2026-10-06 13:23:09,85.78931453903009,0.8715519213672892,0,normal
2026-10-06 13:23:10,88.48592128453787,0.7695219692902464,0,normal
2026-10-06 13:23:11,89.70755693751886,0.5187391112158812,0,normal
2026-10-06 13:23:12,91.4043031422338,0.6983770662184621,0,normal
2026-10-06 13:23:13,94.20115822751785,0.9557114381632418,0,normal
2026-10-06 13:23:14,88.69269060782148,1.025277092413231,0,normal
2026-10-06 13:23:15,88.31652502735348,0.8723719710914307,0,normal
2026-10-06 13:23:16,88.18161675427392,0.8534979638390875,0,normal
2026-10-06 13:23:17,86.22327007328612,0.5806226141352064,0,normal
2026-10-06 13:23:18,90.54665783898878,0.7759363561391674,0,normal
2026-10-06 13:23:19,89.34015978029201,0.9819622071763887,0,normal
2026-10-06 13:23:20,90.84179664315955,0.6938225708431451,0,normal
2026-10-06 13:23:21,89.60617050466114,0.589787625870317,0,normal
2026-10-06 13:23:22,86.30566264040093,0.945153098575794,0,normal
2026-10-06 13:23:23,92.17293143963269,0.7099843190020791,0,normal
2026-10-06 13:23:24,88.69269215065461,0.7389764443246701,0,normal
2026-10-06 13:23:25,91.24434908482654,0.5319716378366248,0,normal
2026-10-06 13:23:26,91.75499289019164,0.746721405319153,0,normal
2026-10-06 13:23:27,87.07633109935266,0.5040746429711662,0,normal
2026-10-06 13:23:28,88.01345711093416,0.6892012126856363,0,normal
2026-10-06 13:23:29,89.6361839158683,0.9735518545696519,0,normal
2026-10-06 13:23:30,93.48852733152214,0.8814047137955772,0,normal
2026-10-06 13:23:31,89.45685970725347,0.668165129290547,0,normal
2026-10-06 13:23:32,89.79014938705409,0.9167056962555385,0,normal
2026-10-06 13:23:33,87.12505401330985,0.8756710354039043,0,normal
2026-10-06 13:23:34,88.19061643610523,0.8447767156561542,0,normal
2026-10-06 13:23:35,87.03289792611167,1.0539722765463628,0,normal
2026-10-06 13:23:36,93.38087616738842,0.7174638545600562,0,normal
2026-10-06 13:23:37,90.33858573230424,0.7510028542927829,0,normal
2026-10-06 13:23:38,94.27316909190448,1.0065952639508466,0,normal
2026-10-06 13:23:39,94.0148133842772,0.6818708876747044,0,normal
2026-10-06 13:23:40,91.06500794165551,0.8478048407461486,0,normal
2026-10-06 13:23:41,86.72355625840213,0.6234396379548912,0,normal
2026-10-06 13:23:42,91.85386923067526,0.8820640516155153,0,normal
2026-10-06 13:23:43,90.87621572804875,0.7755276537357344,0,normal
2026-10-06 13:23:44,82.61605727769603,0.6645673700538671,0,normal
2026-10-06 13:23:45,83.84824473713195,0.6807086164372821,0,normal
2026-10-06 13:23:46,88.45335134961951,0.8572628808756101,0,normal
2026-10-06 13:23:47,89.44555204192646,0.7982718639504041,0,normal
2026-10-06 13:23:48,86.01028552361767,0.3894852136146145,0,normal
2026-10-06 13:23:49,90.06355024394387,0.9189073627431982,0,normal
2026-10-06 13:23:50,90.34138396113622,0.6896760674167255,0,normal
2026-10-06 13:23:51,92.24784300285086,0.7897853531220816,0,normal
2026-10-06 13:23:52,93.90474729563678,0.7894327376713247,0,normal
2026-10-06 13:23:53,90.52735098145148,0.9759830446994899,0,normal
2026-10-06 13:23:54,89.78964446475565,1.0338190390691833,0,normal
2026-10-06 13:23:55,92.81300974212925,0.8005107158562351,0,normal
2026-10-06 13:23:56,94.19737455184159,0.6794483853466233,0,normal
2026-10-06 13:23:57,90.04460778388608,0.9084419331167027,0,normal
2026-10-06 13:23:58,90.50539971043807,0.5021148612360216,0,normal
2026-10-06 13:23:59,91.33497276852528,0.9170030838088931,0,normal
2026-10-06 13:24:00,88.59120915652116,0.5925053045036638,0,normal
2026-10-06 13:24:01,90.15600053473787,0.9554951204546616,0,normal
2026-10-06 13:24:02,93.6321783496356,0.6242983618230863,0,normal
2026-10-06 13:24:03,89.35848074739256,1.0223487683214025,0,normal
2026-10-06 13:24:04,87.54545113041189,0.8251391631023359,0,normal
2026-10-06 13:24:05,89.21648935855602,0.7643600862511676,0,normal
2026-10-06 13:24:06,89.24199369865589,0.7802043308782435,0,normal
2026-10-06 13:24:07,91.7280908967738,0.77701153655603,0,normal
2026-10-06 13:24:08,91.61203783977483,0.5814200251752611,0,normal
2026-10-06 13:24:09,88.56741984161629,0.6902392381353477,0,normal
2026-10-06 13:24:10,90.40149296022737,0.43640430288241644,0,normal
2026-10-06 13:24:11,90.07439404934185,0.8099666521878609,0,normal
2026-10-06 13:24:12,86.7121015770291,0.6807603517000893,0,normal
2026-10-06 13:24:13,90.91337889955976,0.907345570095551,0,normal
2026-10-06 13:24:14,85.34446972788008,0.8706490720790959,0,normal
2026-10-06 13:24:15,90.67324492868478,0.6989245131715982,0,normal
2026-10-06 13:24:16,92.81799878481732,0.6321205752593306,0,normal
2026-10-06 13:24:17,91.01595402072486,0.5756969021255787,0,normal
2026-10-06 13:24:18,93.21981675822393,0.6270573107045083,0,normal
2026-10-06 13:24:19,80.09629870538589,0.8712413040005385,0,normal
2026-10-06 13:24:20,88.93401517153656,0.7809417252368379,0,normal
2026-10-06 13:24:21,89.01559160316091,0.8123820684616259,0,normal
2026-10-06 13:24:22,84.90816552895913,0.6739826095177829,0,normal
2026-10-06 13:24:23,91.40011670557452,0.7258030449716621,0,normal
2026-10-06 13:24:24,91.31446768198639,0.9583396278658612,0,normal
2026-10-06 13:24:25,88.50593348462196,0.7673648089371948,0,normal
2026-10-06 13:24:26,91.15840467797993,0.5797819655885783,0,normal
2026-10-06 13:24:27,90.38376423126729,0.6725133132880696,0,normal
2026-10-06 13:24:28,93.03028694998115,0.6441725847860962,0,normal
2026-10-06 13:24:29,89.99799600275108,0.7838412953881568,0,normal
2026-10-06 13:24:30,87.55042513371117,0.7510927935028221,0,normal
2026-10-06 13:24:31,87.74600012425563,0.6630032281066967,0,normal
2026-10-06 13:24:32,84.73094321897796,1.094844575319033,0,normal
2026-10-06 13:24:33,85.64750655742203,0.8914843658960541,0,normal
2026-10-06 13:24:34,88.66430077419726,0.9222214116974627,0,normal
2026-10-06 13:24:35,91.35705050416018,0.8227546161222378,0,normal
2026-10-06 13:24:36,90.97630694986177,1.042765843977056,0,normal
2026-10-06 13:24:37,86.28933806706593,0.8834403158239434,0,normal
2026-10-06 13:24:38,92.31122921703519,0.9286212658340723,0,normal
2026-10-06 13:24:39,94.646289969527,0.7674307769234346,0,normal
2026-10-06 13:24:40,93.40300756691443,0.6386893274069066,0,normal
2026-10-06 13:24:41,91.12057446492727,0.6416093692472906,0,normal
2026-10-06 13:24:42,91.94959386543492,0.9208977501041451,0,normal
2026-10-06 13:24:43,91.25487132450341,0.7734598021537502,0,normal
2026-10-06 13:24:44,87.72192271744758,0.6816595052422711,0,normal
2026-10-06 13:24:45,92.14051673760262,0.6475580410770454,0,normal
2026-10-06 13:24:46,84.53450092727222,0.7149243661461937,0,normal
2026-10-06 13:24:47,94.65657251772143,0.5869795107045869,0,normal
2026-10-06 13:24:48,90.10363164131667,0.8204209590684943,0,normal
2026-10-06 13:24:49,91.531728622207,0.8128087066312953,0,normal
2026-10-06 13:24:50,94.29584514049294,0.8229814771164427,0,normal
2026-10-06 13:24:51,90.47869771471721,0.4327719678484292,0,normal
2026-10-06 13:24:52,93.83763842929655,1.0211827659903663,0,normal
2026-10-06 13:24:53,90.70808955747037,0.7478911975880003,0,normal
2026-10-06 13:24:54,90.46629290682229,0.6818461563312617,0,normal
2026-10-06 13:24:55,91.17265210744617,0.9916476933350268,0,normal
2026-10-06 13:24:56,85.48036591584832,0.7387039504582452,0,normal
2026-10-06 13:24:57,89.31688832672268,1.0453303851955904,0,normal
2026-10-06 13:24:58,89.07054360564996,0.7554517690914638,0,normal
2026-10-06 13:24:59,90.6945231712292,0.6772406728628,0,normal
2026-10-06 13:25:00,88.91774274715725,0.8224572746751118,0,normal
2026-10-06 13:25:01,91.60939849497926,0.9952286578535691,0,normal
2026-10-06 13:25:02,95.24201680120319,0.6394579152422605,0,normal
2026-10-06 13:25:03,90.80201166525491,0.9577614870406171,0,normal
2026-10-06 13:25:04,93.99320168849957,0.7285837940687547,0,normal
2026-10-06 13:25:05,92.47224869074338,0.5234622781425221,0,normal
2026-10-06 13:25:06,89.69648363814603,0.8377841069291345,0,normal
2026-10-06 13:25:07,91.91939812098528,0.8747032646700592,0,normal
2026-10-06 13:25:08,88.63969047618735,0.4483615899068076,0,normal
2026-10-06 13:25:09,86.44405756599122,0.6094314158366593,0,normal
2026-10-06 13:25:10,88.021820988603,0.6514914630989092,0,normal
2026-10-06 13:25:11,90.50927654411129,0.7002727664466805,0,normal
2026-10-06 13:25:12,91.60425978147532,0.50442452848671,0,normal
2026-10-06 13:25:13,89.34377914368743,0.9108075449498856,0,normal
2026-10-06 13:25:14,91.76872463412805,0.8934065382539916,0,normal
2026-10-06 13:25:15,89.94471339309646,0.7734532050995558,0,normal
2026-10-06 13:25:16,91.3483473909285,0.8245579555831432,0,normal
2026-10-06 13:25:17,88.58032220310555,0.6458493754366502,0,normal
2026-10-06 13:25:18,85.76706729722142,0.6773522353312479,0,normal
2026-10-06 13:25:19,86.76475129548108,0.9003037080818315,0,normal
2026-10-06 13:25:20,87.56648919661818,0.48461317726498465,0,normal
2026-10-06 13:25:21,88.59961303605431,0.7606160095453435,0,normal
2026-10-06 13:25:22,92.28923004539806,0.5668971684714055,0,normal
2026-10-06 13:25:23,90.1214267950525,0.6642516578470827,0,normal
2026-10-06 13:25:24,89.37802064464647,0.48151677850899716,0,normal
2026-10-06 13:25:25,88.76931812199454,0.7144509807027254,0,normal
2026-10-06 13:25:26,91.50195561085889,0.7008119778872405,0,normal
2026-10-06 13:25:27,92.68354179314834,0.9274476744910816,0,normal
2026-10-06 13:25:28,88.9368103646353,0.8103637229738988,0,normal
2026-10-06 13:25:29,93.9730731142054,0.829373642495695,0,normal
2026-10-06 13:25:30,93.74997118993807,0.8872360122764166,0,normal
2026-10-06 13:25:31,89.94407817456556,0.7618257570230214,0,normal
2026-10-06 13:25:32,86.63576742855805,0.9830302577945838,0,normal
2026-10-06 13:25:33,88.36211736072165,0.763071351408453,0,normal
2026-10-06 13:25:34,87.27625533427349,0.4053131668942704,0,normal
2026-10-06 13:25:35,90.98610727010625,0.5443414808738267,0,normal
2026-10-06 13:25:36,88.41379334530649,0.8306731684026781,0,normal
2026-10-06 13:25:37,92.97628341731364,0.5333300954053223,0,normal
2026-10-06 13:25:38,88.76690660417543,0.7194839688458659,0,normal
2026-10-06 13:25:39,91.36953765648812,0.9133158929204526,0,normal
2026-10-06 13:25:40,88.97495032644262,0.7401511566143606,0,normal
2026-10-06 13:25:41,91.80579213952888,0.8420192564043075,0,normal
2026-10-06 13:25:42,93.1873505740835,0.8332741846469963,0,normal
2026-10-06 13:25:43,86.15061404269541,0.4967289104957853,0,normal
2026-10-06 13:25:44,89.59187555654083,0.4150775716004322,0,normal
2026-10-06 13:25:45,92.22890861673976,1.1050554381558602,0,normal
2026-10-06 13:25:46,90.10480052014182,0.8844041837370014,0,normal
2026-10-06 13:25:47,93.06872300504098,0.6532370388931221,0,normal
2026-10-06 13:25:48,91.69984617907876,1.025698905768846,0,normal
2026-10-06 13:25:49,92.49674041290257,0.7652617971596615,0,normal
2026-10-06 13:25:50,97.3389947614409,0.7091184551028041,0,normal
2026-10-06 13:25:51,99.37015948078269,0.8184351989184873,0,normal
2026-10-06 13:25:52,90.06498546188048,0.8528061631763445,0,normal
2026-10-06 13:25:53,91.53628172587612,0.8092377240184676,0,normal
2026-10-06 13:25:54,90.82305920966425,0.6058020398949944,0,normal
2026-10-06 13:25:55,91.09836505016139,0.9292099876950126,0,normal
2026-10-06 13:25:56,94.82653754634528,0.7377643027763299,0,normal
2026-10-06 13:25:57,88.95251469492628,0.6206376250156863,0,normal
2026-10-06 13:25:58,91.82393720237968,0.677978063814262,0,normal
2026-10-06 13:25:59,90.18652249153538,0.9598440509840972,0,normal
2026-10-06 13:26:00,86.08542882955878,0.9081493261876382,0,normal
2026-10-06 13:26:01,94.4748774020434,0.7317254678399496,0,normal
2026-10-06 13:26:02,88.94095558844583,0.5297428406619847,0,normal
2026-10-06 13:26:03,93.29635600928808,0.7485493614306641,0,normal
2026-10-06 13:26:04,93.35265964452964,0.8789326649963769,0,normal
2026-10-06 13:26:05,87.41190894790337,0.7621964314832512,0,normal
2026-10-06 13:26:06,91.37045542364172,0.781212255697338,0,normal
2026-10-06 13:26:07,88.24288216457614,0.8095694291868037,0,normal
2026-10-06 13:26:08,92.00372878953083,0.861231138192552,0,normal
2026-10-06 13:26:09,89.2639585771809,0.6094990419095634,0,normal
2026-10-06 13:26:10,86.556130345556,0.6508441803397358,0,normal
2026-10-06 13:26:11,91.69476879401516,0.4520748256172237,0,normal
2026-10-06 13:26:12,91.54808339984447,0.7102507362442507,0,normal
2026-10-06 13:26:13,92.31195649396965,0.8004318369283808,0,normal
2026-10-06 13:26:14,87.33177929258585,1.0084155657994536,0,normal
2026-10-06 13:26:15,91.25398384392487,1.042291969506028,0,normal
2026-10-06 13:26:16,96.68194770187938,0.9082794468991234,0,normal
2026-10-06 13:26:17,95.33969322136241,0.6602765314950123,0,normal
2026-10-06 13:26:18,87.91141494058118,0.6340439555857972,0,normal
2026-10-06 13:26:19,91.04875691911684,1.0067394676432415,0,normal
2026-10-06 13:26:20,90.11195829132242,0.8631615744179527,0,normal
2026-10-06 13:26:21,90.7534379822375,0.8403518970482495,0,normal
2026-10-06 13:26:22,87.54186993927965,0.8230801637262228,0,normal
2026-10-06 13:26:23,88.16588698929063,0.5916452850940813,0,normal
2026-10-06 13:26:24,88.84676430320252,0.7436790215950352,0,normal
2026-10-06 13:26:25,90.19343549860037,0.8330488995435568,0,normal
2026-10-06 13:26:26,88.73409934664515,0.5822218130165638,0,normal
2026-10-06 13:26:27,90.80459239287687,0.6339852390523922,0,normal
2026-10-06 13:26:28,91.66364047386561,0.8639469670512857,0,normal
2026-10-06 13:26:29,95.08206518372491,0.9957088102966976,0,normal
2026-10-06 13:26:30,90.7119139336746,0.589260657062711,0,normal
2026-10-06 13:26:31,91.34243276351435,0.7504317965721145,0,normal
2026-10-06 13:26:32,89.96786638302557,0.7332319074891478,0,normal
2026-10-06 13:26:33,91.70305077578922,0.8961489130544142,0,normal
2026-10-06 13:26:34,87.40982760463973,0.5773212755763689,0,normal
2026-10-06 13:26:35,89.60908384582041,0.6755138644350028,0,normal
2026-10-06 13:26:36,94.900803894146,0.6896730802964719,0,normal
2026-10-06 13:26:37,92.9981450373761,0.7577362982380869,0,normal
2026-10-06 13:26:38,87.88737203738812,0.7007622011192625,0,normal
2026-10-06 13:26:39,94.1777786736943,0.7227104697983392,0,normal
2026-10-06 13:26:40,93.78436876760082,0.6779938366359586,0,normal
2026-10-06 13:26:41,98.02607106117483,0.632117301587462,0,normal
2026-10-06 13:26:42,86.71546101595102,0.799139261106976,0,normal
2026-10-06 13:26:43,92.94496747990297,0.8484272679459299,0,normal
2026-10-06 13:26:44,89.16160859476486,1.0246909931825792,0,normal
2026-10-06 13:26:45,94.58768721437434,0.6342287610728101,0,normal
2026-10-06 13:26:46,90.09411563028455,0.7353422961277188,0,normal
2026-10-06 13:26:47,91.87603392822056,0.6205567840350588,0,normal
2026-10-06 13:26:48,88.98234584367411,0.613836298371333,0,normal
2026-10-06 13:26:49,94.46148345333353,0.8007737398729181,0,normal
2026-10-06 13:26:50,91.4292794398613,0.8245502622221786,0,normal
2026-10-06 13:26:51,90.50430709782506,0.9483057932997191,0,normal
2026-10-06 13:26:52,94.72502037669132,0.9156046095123002,0,normal
2026-10-06 13:26:53,94.41732277375125,0.749397781519098,0,normal
2026-10-06 13:26:54,91.30323708169287,0.5335150909388373,0,normal
2026-10-06 13:26:55,91.48034048238303,0.5392352534383569,0,normal
2026-10-06 13:26:56,85.24187105946814,0.8474885158011184,0,normal
2026-10-06 13:26:57,89.16409896777132,0.8198620770721745,0,normal
2026-10-06 13:26:58,90.41236166627417,0.6752638406768198,0,normal
2026-10-06 13:26:59,87.68614108872802,0.9573025551016046,0,normal
2026-10-06 13:27:00,94.13443187049724,0.4279715142236714,0,normal
2026-10-06 13:27:01,93.23247612218715,0.8189031095108428,0,normal
2026-10-06 13:27:02,94.30209496826554,0.7699704021445675,0,normal
2026-10-06 13:27:03,97.44473035335987,0.6753531187172722,0,normal
2026-10-06 13:27:04,97.29522541155444,0.6844346930069515,0,normal
2026-10-06 13:27:05,90.05990801669437,0.6648818510176187,0,normal
2026-10-06 13:27:06,95.12026872155089,0.7661672765011714,0,normal
2026-10-06 13:27:07,94.36985053767252,0.8820431171349912,0,normal
2026-10-06 13:27:08,88.90105169062731,0.41922839753380053,0,normal
2026-10-06 13:27:09,92.30003506314263,0.7900295141542283,0,normal
2026-10-06 13:27:10,91.8274398989838,0.6807560183993491,0,normal
2026-10-06 13:27:11,88.34357436207895,0.4218138168105719,0,normal
2026-10-06 13:27:12,87.1664522133961,0.9037192493220004,0,normal
2026-10-06 13:27:13,92.15583395423864,0.6956826372760923,0,normal
2026-10-06 13:27:14,92.30524199056991,0.7426623551575869,0,normal
2026-10-06 13:27:15,91.8740147660931,0.8298094019716431,0,normal
2026-10-06 13:27:16,93.13160851404994,0.7098908834511428,0,normal
2026-10-06 13:27:17,87.73314614694596,0.7554892657550222,0,normal
2026-10-06 13:27:18,87.99932357727467,0.8487657455357775,0,normal
2026-10-06 13:27:19,91.44400498043767,1.038860637262914,0,normal
2026-10-06 13:27:20,87.11320380594238,0.76107063510631,0,normal
2026-10-06 13:27:21,89.71832713133969,0.7126350308781917,0,normal
2026-10-06 13:27:22,92.01276512274241,1.0242401385317255,0,normal
2026-10-06 13:27:23,89.59150958507702,0.695249621276952,0,normal
2026-10-06 13:27:24,94.09253158607774,0.8112849039358287,0,normal
2026-10-06 13:27:25,92.6541617520512,0.5771948032814486,0,normal
2026-10-06 13:27:26,94.33622935227106,0.8134353985729595,0,normal
2026-10-06 13:27:27,97.42400881754064,0.8565908501429368,0,normal
2026-10-06 13:27:28,89.6047996222319,0.6513756284975145,0,normal
2026-10-06 13:27:29,92.4174203587298,0.992556674294611,0,normal
2026-10-06 13:27:30,93.65970196819772,0.5552144592105072,0,normal
2026-10-06 13:27:31,91.21497687431214,0.7805881444030571,0,normal
2026-10-06 13:27:32,89.12402844295092,0.92553589972992,0,normal
2026-10-06 13:27:33,85.39550030770144,0.8060288095019078,0,normal
2026-10-06 13:27:34,90.54386291072439,0.5721172239817294,0,normal
2026-10-06 13:27:35,89.75019783839164,0.7644398926144415,0,normal
2026-10-06 13:27:36,89.39391422903502,0.8809347725967536,0,normal
2026-10-06 13:27:37,88.83267901340838,0.740996447599312,0,normal
2026-10-06 13:27:38,94.82916331335039,0.7715493723822604,0,normal
2026-10-06 13:27:39,96.07328365328367,0.8750438950500158,0,normal
2026-10-06 13:27:40,87.40611836537353,0.7349656086554014,0,normal
2026-10-06 13:27:41,91.56831473643848,0.8312210460958033,0,normal
2026-10-06 13:27:42,89.75974631861509,0.4567848378414866,0,normal
2026-10-06 13:27:43,91.11454458709801,0.6951122222726029,0,normal
2026-10-06 13:27:44,91.9335697887467,0.7573059046034442,0,normal
2026-10-06 13:27:45,90.8567556647552,0.9637115076086901,0,normal
2026-10-06 13:27:46,89.80535020606521,0.752783667291068,0,normal
2026-10-06 13:27:47,93.64786221842199,0.625960296315484,0,normal
2026-10-06 13:27:48,92.91031801604265,0.8150959953867832,0,normal
2026-10-06 13:27:49,95.29182747207359,0.7447393158765254,0,normal
2026-10-06 13:27:50,92.66654580410163,0.7012749468485872,0,normal
2026-10-06 13:27:51,89.96423631931793,0.869011847658709,0,normal
2026-10-06 13:27:52,92.97910379150682,0.5136093234422935,0,normal
2026-10-06 13:27:53,87.74363986225201,0.8680391945301489,0,normal
2026-10-06 13:27:54,90.60345229286881,0.6558834056428468,0,normal
2026-10-06 13:27:55,94.06853299988889,0.64265326188975,0,normal
2026-10-06 13:27:56,91.61733861542486,0.6016860792336721,0,normal
2026-10-06 13:27:57,91.96948805214653,0.7447914692076109,0,normal
2026-10-06 13:27:58,93.3834034096503,0.8444764290956966,0,normal
2026-10-06 13:27:59,90.46236294676373,0.6953585599064958,0,normal
2026-10-06 13:28:00,67.5899945511546,0.10097151330999903,0,normal
2026-10-06 13:28:01,68.69346629842282,0.06101421778618189,0,normal
2026-10-06 13:28:02,67.85895619915911,0.06246662184975606,0,normal
2026-10-06 13:28:03,67.58945731396788,0.0811095330683101,0,normal
2026-10-06 13:28:04,70.45786828078812,0.07741814200141926,0,normal
2026-10-06 13:28:05,69.89597325163736,0.09965060150376355,0,normal
2026-10-06 13:28:06,67.75013375980369,0.009639242033060769,0,normal
2026-10-06 13:28:07,65.87139142325472,0.08253226735523363,0,normal
2026-10-06 13:28:08,66.40519093622792,0.10949987594684843,0,normal
2026-10-06 13:28:09,66.2661042375915,0.07351967773848934,0,normal
2026-10-06 13:28:10,64.42240607339151,0.09747208913192297,0,normal
2026-10-06 13:28:11,65.98004434883816,0.07913010883201665,0,normal
2026-10-06 13:28:12,66.96968369736685,0.10802701322490817,0,normal
2026-10-06 13:28:13,71.02568481179101,0.10338987924748189,0,normal
2026-10-06 13:28:14,71.20850324662744,0.06130779779164178,0,normal
2026-10-06 13:28:15,70.4921039239566,0.014551989122970954,0,normal
2026-10-06 13:28:16,68.80156261964429,0.12790267151597617,0,normal
2026-10-06 13:28:17,70.15531674003715,0.09796435745987514,0,normal
2026-10-06 13:28:18,68.04328305673843,0.06500983267165167,0,normal
2026-10-06 13:28:19,65.27941160009556,0.0499373912577617,0,normal
2026-10-06 13:28:20,64.69186034947198,0.09012544575956949,0,normal
2026-10-06 13:28:21,67.80821092480642,0.058473795361012715,0,normal
2026-10-06 13:28:22,61.17054587209893,0.07090235726471983,0,normal
2026-10-06 13:28:23,64.98425716412805,0.08715767430860244,0,normal
2026-10-06 13:28:24,66.01272673327749,0.0970154600593747,0,normal
2026-10-06 13:28:25,67.29992391560727,0.028847903126380997,0,normal
2026-10-06 13:28:26,66.47716866469345,0.07530154684379133,0,normal
2026-10-06 13:28:27,67.3934740081833,0.10041667136244108,0,normal
2026-10-06 13:28:28,67.03249312400119,0.08010971142183175,0,normal
2026-10-06 13:28:29,67.00807786688166,0.05132452421926295,0,normal
2026-10-06 13:28:30,68.37580653682801,0.06354957672925635,0,normal
2026-10-06 13:28:31,67.81508620901407,0.07670511431883936,0,normal
2026-10-06 13:28:32,65.44118266946228,0.07095802077768314,0,normal
2026-10-06 13:28:33,64.60212376434716,0.051190227588090866,0,normal
2026-10-06 13:28:34,64.03582455950122,0.12456927256521119,0,normal
2026-10-06 13:28:35,66.17807101413075,0.12418114401358679,0,normal
2026-10-06 13:28:36,65.19072682098324,0.0842688026151652,0,normal
2026-10-06 13:28:37,66.47708139910158,0.08097042918386965,0,normal
2026-10-06 13:28:38,67.38434892378963,0.07244215731420182,0,normal
2026-10-06 13:28:39,69.69525621825952,0.046300293243631774,0,normal
2026-10-06 13:28:40,66.61503324337528,0.007902733182844068,0,normal
2026-10-06 13:28:41,67.41932236299664,0.08468222689510194,0,normal
2026-10-06 13:28:42,67.83379742080191,0.09915197850074736,0,normal
2026-10-06 13:28:43,64.30322293388268,0.08231212918091506,0,normal
2026-10-06 13:28:44,65.36856829083627,0.09856195118931402,0,normal
2026-10-06 13:28:45,63.43255397130072,0.06294856928967647,0,normal
2026-10-06 13:28:46,64.69576146609926,0.09220127437489307,0,normal
2026-10-06 13:28:47,68.31387178440917,0.08376831929021997,0,normal
2026-10-06 13:28:48,66.7771086991742,0.06301575589590076,0,normal
2026-10-06 13:28:49,69.12485474250617,0.0857500220946984,0,normal
2026-10-06 13:28:50,70.62721211897897,0.07049667406118276,0,normal
2026-10-06 13:28:51,67.19672435574952,0.07376794735412191,0,normal
2026-10-06 13:28:52,69.45333896458577,0.10791244846258005,0,normal
2026-10-06 13:28:53,68.14840010768775,0.06037634855323458,0,normal
2026-10-06 13:28:54,69.14035637641736,0.06716310200369574,0,normal
2026-10-06 13:28:55,65.54872374272435,0.07403289928820543,0,normal
2026-10-06 13:28:56,65.21296488318097,0.08679175431581769,0,normal
2026-10-06 13:28:57,66.7269211912072,0.07576598067777593,0,normal
2026-10-06 13:28:58,66.9156797483807,0.12840313911779588,0,normal
2026-10-06 13:28:59,66.0379739276345,0.10079468297353904,0,normal
2026-10-06 13:29:00,65.4183178808555,0.0788436639694239,0,normal
2026-10-06 13:29:01,66.38692505782942,0.08063921980227969,0,normal
2026-10-06 13:29:02,68.3123568825988,0.09540218366076225,0,normal
2026-10-06 13:29:03,69.27965902038679,0.13096410628503716,0,normal
2026-10-06 13:29:04,67.29593588624087,0.13451161685863133,0,normal
2026-10-06 13:29:05,67.92613505724889,0.15819499849001672,0,normal
2026-10-06 13:29:06,66.01924987056894,0.05802678757389023,0,normal
2026-10-06 13:29:07,66.34316294605718,0.0761998372932822,0,normal
2026-10-06 13:29:08,64.64732472474473,0.05434125775496129,0,normal
2026-10-06 13:29:09,66.38310587835586,0.07527929397080742,0,normal
2026-10-06 13:29:10,67.07928527103698,0.04991377046207493,1,silent_drift
2026-10-06 13:29:11,66.5727407006889,0.04260980040320936,1,silent_drift
2026-10-06 13:29:12,66.45314251656781,0.06040510642250803,1,silent_drift
2026-10-06 13:29:13,66.63531037567662,0.04558400449169242,1,silent_drift
2026-10-06 13:29:14,67.04381906040867,0.0511756749558372,1,silent_drift
2026-10-06 13:29:15,67.17178525272395,0.04531163887241209,1,silent_drift
2026-10-06 13:29:16,67.14924396697833,0.03200234932154281,1,silent_drift
2026-10-06 13:29:17,67.33749837174734,0.057826143178075426,1,silent_drift
2026-10-06 13:29:18,67.10527326525394,0.050528284971430394,1,silent_drift
2026-10-06 13:29:19,66.83946573073949,0.04797370444035678,1,silent_drift
2026-10-06 13:29:20,67.18131609095077,0.06507542883742184,1,silent_drift
2026-10-06 13:29:21,67.45773159980105,0.041252498898409345,1,silent_drift
2026-10-06 13:29:22,67.63747290294434,0.06716983700954468,1,silent_drift
2026-10-06 13:29:23,67.22963178187572,0.05184723327330753,1,silent_drift
2026-10-06 13:29:24,66.9671643521719,0.05152173746144311,1,silent_drift
2026-10-06 13:29:25,67.97873859530944,0.05027722567619475,1,silent_drift
2026-10-06 13:29:26,67.27782354552141,0.04192029216982763,1,silent_drift
2026-10-06 13:29:27,67.68263145989017,0.0466862733295731,1,silent_drift
2026-10-06 13:29:28,68.12487099722617,0.04959085101796825,1,silent_drift
2026-10-06 13:29:29,67.97433744278872,0.050421760750780954,1,silent_drift
2026-10-06 13:29:30,67.4976514911339,0.035399782782907174,1,silent_drift
2026-10-06 13:29:31,67.82870938150928,0.03948619643363272,1,silent_drift
2026-10-06 13:29:32,67.32071215499958,0.04665551484988032,1,silent_drift
2026-10-06 13:29:33,67.85884793365206,0.04814953681626181,1,silent_drift
2026-10-06 13:29:34,67.8463127393814,0.041716845185948884,1,silent_drift
2026-10-06 13:29:35,68.54904769026301,0.05170681734985581,1,silent_drift
2026-10-06 13:29:36,68.30805228079157,0.03575996458999632,1,silent_drift
2026-10-06 13:29:37,67.55604620711793,0.032035660165339076,1,silent_drift
2026-10-06 13:29:38,67.90104597609232,0.04489321651226336,1,silent_drift
2026-10-06 13:29:39,68.45422618822879,0.047499765298288144,1,silent_drift
2026-10-06 13:29:40,68.2904546353783,0.05295611185166271,1,silent_drift
2026-10-06 13:29:41,68.29139684083907,0.045835585615346855,1,silent_drift
2026-10-06 13:29:42,68.80232604914737,0.04078308187277319,1,silent_drift
2026-10-06 13:29:43,68.17892974445218,0.03476742564778991,1,silent_drift
2026-10-06 13:29:44,68.25218424651565,0.05119737991186187,1,silent_drift
2026-10-06 13:29:45,67.49162513252473,0.04504312097901259,1,silent_drift
2026-10-06 13:29:46,68.2954075137058,0.04620521242573481,1,silent_drift
2026-10-06 13:29:47,68.3588403430176,0.055345789185657156,1,silent_drift
2026-10-06 13:29:48,68.71483631013488,0.04132249598253222,1,silent_drift
2026-10-06 13:29:49,68.52765587429928,0.03591768753958328,1,silent_drift
2026-10-06 13:29:50,68.75472479321886,0.05569688676909631,1,silent_drift
2026-10-06 13:29:51,68.88162067334697,0.03462370772350873,1,silent_drift
2026-10-06 13:29:52,68.7664722331979,0.05695177085899525,1,silent_drift
2026-10-06 13:29:53,68.49675087623682,0.051124082559808236,1,silent_drift
2026-10-06 13:29:54,69.39808611705027,0.06173064872929746,1,silent_drift
2026-10-06 13:29:55,68.83991186671558,0.05440203658478632,1,silent_drift
2026-10-06 13:29:56,68.79601684694296,0.05330303778047602,1,silent_drift
2026-10-06 13:29:57,69.12421668076416,0.05579422327175374,1,silent_drift
2026-10-06 13:29:58,69.22760186734207,0.057406721101380086,1,silent_drift
2026-10-06 13:29:59,68.42387656992413,0.052826185007621804,1,silent_drift
2026-10-06 13:30:00,68.82783094815413,0.05069683990866612,1,silent_drift
2026-10-06 13:30:01,69.74685939762331,0.05458386426905698,1,silent_drift
2026-10-06 13:30:02,69.11905847790815,0.061954855025917736,1,silent_drift
2026-10-06 13:30:03,69.23871050859319,0.044869115309002304,1,silent_drift
2026-10-06 13:30:04,69.24995742320343,0.044762109923313344,1,silent_drift
2026-10-06 13:30:05,69.80381677858438,0.05340666971748848,1,silent_drift
2026-10-06 13:30:06,69.78065575385335,0.04270444407174105,1,silent_drift
2026-10-06 13:30:07,69.22998882811459,0.04345910845637725,1,silent_drift
2026-10-06 13:30:08,69.55240601855034,0.05419096156117483,1,silent_drift
2026-10-06 13:30:09,68.76786699513961,0.04548145973963005,1,silent_drift
2026-10-06 13:30:10,69.24746420770214,0.061029856246353854,1,silent_drift
2026-10-06 13:30:11,69.78855459408705,0.04892849277704338,1,silent_drift
2026-10-06 13:30:12,70.0472547779173,0.037625081626000645,1,silent_drift
2026-10-06 13:30:13,70.32333261321506,0.0542025825864585,1,silent_drift
2026-10-06 13:30:14,69.61138401946542,0.05125809891531456,1,silent_drift
2026-10-06 13:30:15,69.50125934327819,0.04304408151754182,1,silent_drift
2026-10-06 13:30:16,69.82110210083022,0.029993725654406337,1,silent_drift
2026-10-06 13:30:17,70.14561614335149,0.04407669342233169,1,silent_drift
2026-10-06 13:30:18,70.98193207812548,0.051554323745081225,1,silent_drift
2026-10-06 13:30:19,69.53914301612085,0.038714024238599605,1,silent_drift
2026-10-06 13:30:20,70.0892956792548,0.04458145950839179,1,silent_drift
2026-10-06 13:30:21,70.33123307515949,0.04685585665060738,1,silent_drift
2026-10-06 13:30:22,70.59371867112817,0.05306563653833468,1,silent_drift
2026-10-06 13:30:23,70.24589108204678,0.05555509754172635,1,silent_drift
2026-10-06 13:30:24,70.44197055106909,0.03942180149773307,1,silent_drift
2026-10-06 13:30:25,70.50772176701034,0.054227744974710064,1,silent_drift
2026-10-06 13:30:26,70.0472699543839,0.037380353439629095,1,silent_drift
2026-10-06 13:30:27,70.36541332338793,0.04292060008118363,1,silent_drift
2026-10-06 13:30:28,70.99895790047415,0.03995025051827373,1,silent_drift
2026-10-06 13:30:29,70.93083544495926,0.04500152950343665,1,silent_drift
2026-10-06 13:30:30,70.55758884843048,0.06825327460350235,1,silent_drift
2026-10-06 13:30:31,71.52392043705561,0.044874211932414566,1,silent_drift
2026-10-06 13:30:32,70.77903428332463,0.04651743871679443,1,silent_drift
2026-10-06 13:30:33,71.41415070972349,0.04962402719667626,1,silent_drift
2026-10-06 13:30:34,70.8193220289223,0.0359977849144545,1,silent_drift
2026-10-06 13:30:35,70.5573262638715,0.03130262806713223,1,silent_drift
2026-10-06 13:30:36,71.26933662282072,0.04731464838662077,1,silent_drift
2026-10-06 13:30:37,70.67282092081598,0.052904738513860246,1,silent_drift
2026-10-06 13:30:38,71.07159956332391,0.056785467203719894,1,silent_drift
2026-10-06 13:30:39,71.2244866906833,0.054675069572636195,1,silent_drift
2026-10-06 13:30:40,70.53338941193445,0.0621032733146873,1,silent_drift
2026-10-06 13:30:41,71.5232100128347,0.0731448185123955,1,silent_drift
2026-10-06 13:30:42,71.44215770625182,0.04348745433369474,1,silent_drift
2026-10-06 13:30:43,72.1645070100206,0.039256457664822456,1,silent_drift
2026-10-06 13:30:44,71.9333203996819,0.034820236168706865,1,silent_drift
2026-10-06 13:30:45,71.93130312804223,0.05670211756352876,1,silent_drift
2026-10-06 13:30:46,71.83125199315064,0.04730020202416473,1,silent_drift
2026-10-06 13:30:47,71.33808123434785,0.0488188475080645,1,silent_drift
2026-10-06 13:30:48,72.00176095878274,0.05952321794434164,1,silent_drift
2026-10-06 13:30:49,71.48730346453178,0.030370727516663813,1,silent_drift
2026-10-06 13:30:50,71.79807643745265,0.030457524073078265,1,silent_drift
2026-10-06 13:30:51,72.03371542572565,0.03843260195406977,1,silent_drift
2026-10-06 13:30:52,72.22429041876099,0.03148975230816141,1,silent_drift
2026-10-06 13:30:53,71.52571184731042,0.032538722077087745,1,silent_drift
2026-10-06 13:30:54,71.54405272206961,0.05164127697456724,1,silent_drift
2026-10-06 13:30:55,72.26586786898652,0.044505592421635355,1,silent_drift
2026-10-06 13:30:56,71.36597008224093,0.05097302059268676,1,silent_drift
2026-10-06 13:30:57,72.15644102520336,0.05305258690019238,1,silent_drift
2026-10-06 13:30:58,71.74690540037481,0.05621433487342537,1,silent_drift
2026-10-06 13:30:59,72.54476781556573,0.0480664420566928,1,silent_drift
2026-10-06 13:31:00,71.89831195104463,0.040663276559972636,1,silent_drift
2026-10-06 13:31:01,72.31846263501426,0.04259859352668887,1,silent_drift
2026-10-06 13:31:02,72.18056084916178,0.051571917348554125,1,silent_drift
2026-10-06 13:31:03,71.95407961113804,0.029869138002396146,1,silent_drift
2026-10-06 13:31:04,72.61753887384886,0.05003315741222236,1,silent_drift
2026-10-06 13:31:05,72.05836168852846,0.039944870357640744,1,silent_drift
2026-10-06 13:31:06,72.04198925557144,0.044139734191809187,1,silent_drift
2026-10-06 13:31:07,72.47304658364098,0.047909482535345355,1,silent_drift
2026-10-06 13:31:08,72.36023431447823,0.0322803807883362,1,silent_drift
2026-10-06 13:31:09,73.20634374153117,0.04668831112125159,1,silent_drift
2026-10-06 13:31:10,72.78539066412,0.05554970815547874,1,silent_drift
2026-10-06 13:31:11,72.46065650022379,0.04210136287685898,1,silent_drift
2026-10-06 13:31:12,72.3542321570309,0.05440025453257519,1,silent_drift
2026-10-06 13:31:13,72.21526596441043,0.03841390008847393,1,silent_drift
2026-10-06 13:31:14,72.05464142794405,0.05102585356218337,1,silent_drift
2026-10-06 13:31:15,72.37475272275344,0.06048148569033143,1,silent_drift
2026-10-06 13:31:16,73.9246665329933,0.05622141733785327,1,silent_drift
2026-10-06 13:31:17,73.3661611564923,0.053907220329205904,1,silent_drift
2026-10-06 13:31:18,73.4705031253977,0.034755421547865095,1,silent_drift
2026-10-06 13:31:19,73.1332895466819,0.030371339736455828,1,silent_drift
2026-10-06 13:31:20,72.82126168033986,0.03949654665145308,1,silent_drift
2026-10-06 13:31:21,72.98073685718512,0.05800875862247668,1,silent_drift
2026-10-06 13:31:22,73.91112863102795,0.061078232199924525,1,silent_drift
2026-10-06 13:31:23,72.71885002764239,0.040311233879482,1,silent_drift
2026-10-06 13:31:24,73.1235936100068,0.059069835540837196,1,silent_drift
2026-10-06 13:31:25,74.15925838970196,0.031131840782508455,1,silent_drift
2026-10-06 13:31:26,73.62068413529425,0.0547969110790235,1,silent_drift
2026-10-06 13:31:27,74.21195379232017,0.05193102508751682,1,silent_drift
2026-10-06 13:31:28,73.89835225265297,0.047933409358933775,1,silent_drift
2026-10-06 13:31:29,73.83013215417525,0.0580258231998953,1,silent_drift
2026-10-06 13:31:30,73.42144563565674,0.04077272967678949,1,silent_drift
2026-10-06 13:31:31,73.57569541709113,0.046905700012270485,1,silent_drift
2026-10-06 13:31:32,73.86852733154426,0.06047710907356255,1,silent_drift
2026-10-06 13:31:33,74.55415490781125,0.05296139715069634,1,silent_drift
2026-10-06 13:31:34,74.03254666313944,0.043366133374860526,1,silent_drift
2026-10-06 13:31:35,74.6637253274792,0.05435116246201208,1,silent_drift
2026-10-06 13:31:36,73.68352968791714,0.04855611169391144,1,silent_drift
2026-10-06 13:31:37,74.02146560690872,0.052811653421939546,1,silent_drift
2026-10-06 13:31:38,74.61854429959655,0.0613200095308105,1,silent_drift
2026-10-06 13:31:39,74.60544938366748,0.04787014748023458,1,silent_drift
2026-10-06 13:31:40,73.72056183774758,0.05011117786698515,1,silent_drift
2026-10-06 13:31:41,74.22376069270837,0.03949269945487828,1,silent_drift
2026-10-06 13:31:42,74.08389351499305,0.024799419652713872,1,silent_drift
2026-10-06 13:31:43,74.21464942627085,0.04592584738338242,1,silent_drift
2026-10-06 13:31:44,74.70097706126765,0.044810173220353154,1,silent_drift
2026-10-06 13:31:45,74.75117634352249,0.03856573055955099,1,silent_drift
2026-10-06 13:31:46,74.69044065544547,0.05275732115973975,1,silent_drift
2026-10-06 13:31:47,74.76265454445681,0.04901392506901635,1,silent_drift
2026-10-06 13:31:48,75.65087772739618,0.040458986303630935,1,silent_drift
2026-10-06 13:31:49,74.4703043341388,0.04888962209583023,1,silent_drift
2026-10-06 13:31:50,74.99410545789009,0.04739608575576369,1,silent_drift
2026-10-06 13:31:51,75.00860064240871,0.0451011915336283,1,silent_drift
2026-10-06 13:31:52,74.78645080362362,0.05490677684552505,1,silent_drift
2026-10-06 13:31:53,74.61312887860291,0.0502448031479239,1,silent_drift
2026-10-06 13:31:54,74.85613447690649,0.049164949439169346,1,silent_drift
2026-10-06 13:31:55,74.10230933137068,0.056736896768769904,1,silent_drift
2026-10-06 13:31:56,75.68962672037014,0.047694915539202215,1,silent_drift
2026-10-06 13:31:57,75.67434173938507,0.06260719868882145,1,silent_drift
2026-10-06 13:31:58,74.66354122518533,0.04311982331069042,1,silent_drift
2026-10-06 13:31:59,75.35976670701953,0.056630523241505824,1,silent_drift
2026-10-06 13:32:00,75.83600621266159,0.0513846513026404,1,silent_drift
2026-10-06 13:32:01,75.49440002697017,0.054654742446278715,1,silent_drift
2026-10-06 13:32:02,75.32756916129546,0.04805643652905723,1,silent_drift
2026-10-06 13:32:03,76.02976793926213,0.05759931985477143,1,silent_drift
2026-10-06 13:32:04,74.948052533662,0.058884357411605505,1,silent_drift
2026-10-06 13:32:05,76.35371256104175,0.04563866437808468,1,silent_drift
2026-10-06 13:32:06,75.23834951150381,0.04361870090110491,1,silent_drift
2026-10-06 13:32:07,76.146200824152,0.08133261799768438,1,silent_drift
2026-10-06 13:32:08,75.5492117085421,0.04799289943600715,1,silent_drift
2026-10-06 13:32:09,76.31746060996551,0.03735621227730229,1,silent_drift
2026-10-06 13:32:10,76.0299969804793,0.04201745218011682,1,silent_drift
2026-10-06 13:32:11,74.89141735309697,0.07092598991299527,1,silent_drift
2026-10-06 13:32:12,76.53494741213126,0.06286019869620016,1,silent_drift
2026-10-06 13:32:13,76.67317190728552,0.05946731767642839,1,silent_drift
2026-10-06 13:32:14,76.59536756297334,0.035508611537723826,1,silent_drift
2026-10-06 13:32:15,75.32789902823131,0.057815591147568665,1,silent_drift
2026-10-06 13:32:16,76.25025124051952,0.03736383767960981,1,silent_drift
2026-10-06 13:32:17,76.11354042689929,0.042518154006771135,1,silent_drift
2026-10-06 13:32:18,76.33353984420167,0.043038165179798804,1,silent_drift
2026-10-06 13:32:19,76.74658265605984,0.04522176775847078,1,silent_drift
2026-10-06 13:32:20,77.19975840561585,0.05262973550699946,1,silent_drift
2026-10-06 13:32:21,76.52505155481991,0.04860715574991085,1,silent_drift
2026-10-06 13:32:22,76.01439949951855,0.07118813690900953,1,silent_drift
2026-10-06 13:32:23,77.03035186641604,0.04089765443722366,1,silent_drift
2026-10-06 13:32:24,76.28729503163548,0.030703637042598365,1,silent_drift
2026-10-06 13:32:25,76.9939540598189,0.04769845226860897,1,silent_drift
2026-10-06 13:32:26,76.08663963775149,0.05679102840240621,1,silent_drift
2026-10-06 13:32:27,77.24612979914517,0.0495872259688588,1,silent_drift
2026-10-06 13:32:28,77.4053535280214,0.05827295547421028,1,silent_drift
2026-10-06 13:32:29,76.55082238587514,0.052877724882943754,1,silent_drift
2026-10-06 13:32:30,77.11938090759018,0.05399988519786517,1,silent_drift
2026-10-06 13:32:31,77.16708901967372,0.04901744283815864,1,silent_drift
2026-10-06 13:32:32,76.80473545737104,0.04696308420885941,1,silent_drift
2026-10-06 13:32:33,77.400874184644,0.06051044265996451,1,silent_drift
2026-10-06 13:32:34,76.79192768972494,0.04970777554604883,1,silent_drift
2026-10-06 13:32:35,77.65219166128409,0.0550746781685425,1,silent_drift
2026-10-06 13:32:36,76.90626857684822,0.03365682261933517,1,silent_drift
2026-10-06 13:32:37,76.90049895461425,0.027617439813178157,1,silent_drift
2026-10-06 13:32:38,77.32724216457471,0.0514601043272821,1,silent_drift
2026-10-06 13:32:39,77.53482055930333,0.058184549012601075,1,silent_drift
2026-10-06 13:32:40,77.09001621742989,0.04733614965943301,1,silent_drift
2026-10-06 13:32:41,77.36063237996433,0.030602083741080793,1,silent_drift
2026-10-06 13:32:42,77.7578886941044,0.05477840445800739,1,silent_drift
2026-10-06 13:32:43,77.24377282698724,0.05040059021067431,1,silent_drift
2026-10-06 13:32:44,77.729706628822,0.05050824293964636,1,silent_drift
2026-10-06 13:32:45,77.21121992464394,0.04910428111036361,1,silent_drift
2026-10-06 13:32:46,77.16873881807012,0.05349520310284428,1,silent_drift
2026-10-06 13:32:47,77.35776548932182,0.04058575391470668,1,silent_drift
2026-10-06 13:32:48,77.3968094251192,0.05203457799014986,1,silent_drift
2026-10-06 13:32:49,77.131814163765,0.05529113769090189,1,silent_drift
2026-10-06 13:32:50,77.84713379810579,0.045276415379195065,1,silent_drift
2026-10-06 13:32:51,78.1451251216658,0.028457129555694342,1,silent_drift
2026-10-06 13:32:52,77.76831316091082,0.05336743633928081,1,silent_drift
2026-10-06 13:32:53,77.80214878611784,0.06899935511679711,1,silent_drift
2026-10-06 13:32:54,78.16416203239275,0.04450179648176458,1,silent_drift
2026-10-06 13:32:55,77.59614203820315,0.0545985040598183,1,silent_drift
2026-10-06 13:32:56,77.7576013407178,0.07178407095553901,1,silent_drift
2026-10-06 13:32:57,78.38494739049129,0.057873093342013064,1,silent_drift
2026-10-06 13:32:58,78.45278097576639,0.0451164043991497,1,silent_drift
2026-10-06 13:32:59,78.66602031430082,0.044867738451156734,1,silent_drift
2026-10-06 13:33:00,78.25816335455168,0.06328128946491407,1,silent_drift
2026-10-06 13:33:01,78.12507563045145,0.053411700891430845,1,silent_drift
2026-10-06 13:33:02,78.89063003226204,0.03645555845568494,1,silent_drift
2026-10-06 13:33:03,78.72252941391291,0.06215090628110279,1,silent_drift
2026-10-06 13:33:04,78.48784503807876,0.04117985845471017,1,silent_drift
2026-10-06 13:33:05,78.10266747149728,0.047259514008676014,1,silent_drift
2026-10-06 13:33:06,78.10601857284865,0.04394208446919454,1,silent_drift
2026-10-06 13:33:07,77.81231042488581,0.04208981867286333,1,silent_drift
2026-10-06 13:33:08,78.61452413187382,0.04599959381287928,1,silent_drift
2026-10-06 13:33:09,78.29203144704178,0.05831998692909156,1,silent_drift
2026-10-06 13:33:10,79.27912620657965,0.05353730434785319,1,silent_drift
2026-10-06 13:33:11,78.17339214015921,0.07298523643631671,1,silent_drift
2026-10-06 13:33:12,78.39999134408568,0.05661200546178077,1,silent_drift
2026-10-06 13:33:13,79.3718897163937,0.05301255984570181,1,silent_drift
2026-10-06 13:33:14,78.7373988428163,0.045277275761440076,1,silent_drift
2026-10-06 13:33:15,79.34977007215095,0.04663570478025372,1,silent_drift
2026-10-06 13:33:16,78.78342180462073,0.06593299555273836,1,silent_drift
2026-10-06 13:33:17,78.8572117746444,0.04794715554071842,1,silent_drift
2026-10-06 13:33:18,78.92377408458144,0.04796970343285905,1,silent_drift
2026-10-06 13:33:19,79.02575183395331,0.055209688693349954,1,silent_drift
2026-10-06 13:33:20,79.26768514526344,0.054752128311016925,1,silent_drift
2026-10-06 13:33:21,79.3072323904376,0.027576155064382425,1,silent_drift
2026-10-06 13:33:22,79.15982958572098,0.0460109493211173,1,silent_drift
2026-10-06 13:33:23,78.83081088470429,0.05705386773334687,1,silent_drift
2026-10-06 13:33:24,79.70125367322368,0.040454254689591955,1,silent_drift
2026-10-06 13:33:25,79.23918901157144,0.055425104830935316,1,silent_drift
2026-10-06 13:33:26,79.71708367743034,0.048842983009844174,1,silent_drift
2026-10-06 13:33:27,79.61207926903799,0.04040238778687723,1,silent_drift
2026-10-06 13:33:28,79.62603997487604,0.02964158666102265,1,silent_drift
2026-10-06 13:33:29,79.50061556868505,0.049031972576661406,1,silent_drift
2026-10-06 13:33:30,79.95070922336068,0.04744569195699498,1,silent_drift
2026-10-06 13:33:31,80.09079988630651,0.06000016757824383,1,silent_drift
2026-10-06 13:33:32,79.4102975888249,0.06147122296671237,1,silent_drift
2026-10-06 13:33:33,80.11242532143075,0.04372848754487433,1,silent_drift
2026-10-06 13:33:34,80.16819205697772,0.05819573513234402,1,silent_drift
2026-10-06 13:33:35,80.0279469319991,0.040819540059294765,1,silent_drift
2026-10-06 13:33:36,79.39224295314109,0.05799299268819772,1,silent_drift
2026-10-06 13:33:37,80.75096916290325,0.0758570101357968,1,silent_drift
2026-10-06 13:33:38,80.03194292420444,0.02969609154197482,1,silent_drift
2026-10-06 13:33:39,79.98010629005634,0.049206890246177165,1,silent_drift
2026-10-06 13:33:40,79.69645488084682,0.04126193981336332,1,silent_drift
2026-10-06 13:33:41,80.32190254569032,0.045891627973698564,1,silent_drift
2026-10-06 13:33:42,80.41003362067319,0.05069976365368609,1,silent_drift
2026-10-06 13:33:43,81.04569072508049,0.022459867997632655,1,silent_drift
2026-10-06 13:33:44,80.18407842904647,0.05161627222498715,1,silent_drift
2026-10-06 13:33:45,79.66192697952054,0.04064874186983981,1,silent_drift
2026-10-06 13:33:46,81.29964926816409,0.05694451605862951,1,silent_drift
2026-10-06 13:33:47,80.04230615418163,0.052105762655681225,1,silent_drift
2026-10-06 13:33:48,81.1730973458619,0.05557801788835042,1,silent_drift
2026-10-06 13:33:49,80.41412324476684,0.0344577447247091,1,silent_drift
2026-10-06 13:33:50,79.58082178577104,0.05606727095406709,1,silent_drift
2026-10-06 13:33:51,81.12303882409718,0.048425917731533596,1,silent_drift
2026-10-06 13:33:52,81.53513542976445,0.06983906684286123,1,silent_drift
2026-10-06 13:33:53,81.79083142912461,0.0544944447061332,1,silent_drift
2026-10-06 13:33:54,81.81653056537553,0.05307175243648402,1,silent_drift
2026-10-06 13:33:55,81.37619809591915,0.060876588836254644,1,silent_drift
2026-10-06 13:33:56,81.70662412248682,0.061645886315839525,1,silent_drift
2026-10-06 13:33:57,81.42492757690766,0.05119723590232033,1,silent_drift
2026-10-06 13:33:58,81.12281120919324,0.0636694911038948,1,silent_drift
2026-10-06 13:33:59,81.89095944481477,0.03863189320621419,1,silent_drift
2026-10-06 13:34:00,82.10950167397363,0.05351484498857618,1,silent_drift
2026-10-06 13:34:01,81.10532474995847,0.060118045291032506,1,silent_drift
2026-10-06 13:34:02,80.96394450457503,0.06473735259036573,1,silent_drift
2026-10-06 13:34:03,81.26310625116338,0.05729050728293829,1,silent_drift
2026-10-06 13:34:04,81.8263644834937,0.065802312924921,1,silent_drift
2026-10-06 13:34:05,81.46965772749576,0.04889834575279214,1,silent_drift
2026-10-06 13:34:06,81.08087262680466,0.04736336228085695,1,silent_drift
2026-10-06 13:34:07,81.74795748447048,0.0508558981796236,1,silent_drift
2026-10-06 13:34:08,81.74008231771276,0.046507577193266564,1,silent_drift
2026-10-06 13:34:09,81.28866984981128,0.042358118368392185,1,silent_drift
2026-10-06 13:34:10,66.32094178234097,0.08073848628445843,0,normal
2026-10-06 13:34:11,66.47045616156026,0.05482266519966218,0,normal
2026-10-06 13:34:12,66.53645588235518,0.04823638839702909,0,normal
2026-10-06 13:34:13,65.09198028919181,0.07000635316739294,0,normal
2026-10-06 13:34:14,67.71386863547178,0.04210565364404091,0,normal
2026-10-06 13:34:15,69.67273758514001,0.09154654577721724,0,normal
2026-10-06 13:34:16,68.21563785616873,0.10088394220289251,0,normal
2026-10-06 13:34:17,67.1148076193697,0.08095914836218002,0,normal
2026-10-06 13:34:18,64.72686470118573,0.12118682053101645,0,normal
2026-10-06 13:34:19,68.03920775947753,0.0322772097389378,0,normal
2026-10-06 13:34:20,67.02455670251393,0.07093657546105661,0,normal
2026-10-06 13:34:21,67.0208504258904,0.05146604147279663,0,normal
2026-10-06 13:34:22,66.3090122930142,0.08002424116330188,0,normal
2026-10-06 13:34:23,65.96407230828548,0.06267993448507649,0,normal
2026-10-06 13:34:24,68.60453733256308,0.09606054491016275,0,normal
2026-10-06 13:34:25,67.66877772176812,0.08482378156329629,0,normal
2026-10-06 13:34:26,67.37135961714665,0.12887854560107875,0,normal
2026-10-06 13:34:27,66.516478333417,0.06608424228838448,0,normal
2026-10-06 13:34:28,66.80135722548236,0.09394396583194926,0,normal
2026-10-06 13:34:29,68.15925334469145,0.07133637753491548,0,normal
2026-10-06 13:34:30,67.36459855118139,0.07073052991267988,0,normal
2026-10-06 13:34:31,64.5173700509361,0.012368769497465945,0,normal
2026-10-06 13:34:32,66.33080375712062,0.08919543790434649,0,normal
2026-10-06 13:34:33,63.311287479202946,0.08566681700966738,0,normal
2026-10-06 13:34:34,66.30027967648317,0.10896145221033121,0,normal
2026-10-06 13:34:35,66.18214804242042,0.10401722398152063,0,normal
2026-10-06 13:34:36,64.52231767871471,0.08302089766293927,0,normal
2026-10-06 13:34:37,68.8968004004315,0.08994821163165664,0,normal
2026-10-06 13:34:38,68.38282186810629,0.0362981726431179,0,normal
2026-10-06 13:34:39,70.35249205655242,0.07984267134832676,0,normal
2026-10-06 13:34:40,69.47619090899364,0.050677962446971016,0,normal
2026-10-06 13:34:41,67.79651668652178,0.056267130144912234,0,normal
2026-10-06 13:34:42,63.66574973273569,0.08729162204356597,0,normal
2026-10-06 13:34:43,67.50295849685658,0.05681647032661101,0,normal
2026-10-06 13:34:44,67.65127610902125,0.06674297058348078,0,normal
2026-10-06 13:34:45,65.56374920339547,0.06164621497747204,0,normal
2026-10-06 13:34:46,62.36317873684253,0.07340547779399981,0,normal
2026-10-06 13:34:47,68.62930184423638,0.08414741408626591,0,normal
2026-10-06 13:34:48,65.9613158928713,0.08412299304383603,0,normal
2026-10-06 13:34:49,68.05091763023027,0.0807616246265427,0,normal
2026-10-06 13:34:50,69.68307554194412,0.11176368784690202,0,normal
2026-10-06 13:34:51,71.0178758128574,0.027166307887262216,0,normal
2026-10-06 13:34:52,67.5789782290626,0.08008533638175006,0,normal
2026-10-06 13:34:53,64.18514411258268,0.08082540692730796,0,normal
2026-10-06 13:34:54,66.7911375133146,0.04953287628971967,0,normal
2026-10-06 13:34:55,65.71427865889056,0.0594446569588756,0,normal
2026-10-06 13:34:56,66.84332760830098,0.07089833280702959,0,normal
2026-10-06 13:34:57,65.83791026061732,0.07416081994279347,0,normal
2026-10-06 13:34:58,64.99818603287417,0.14610658902874343,0,normal
2026-10-06 13:34:59,67.57020781805788,0.11248823338904174,0,normal
2026-10-06 13:35:00,67.02365911934046,0.043475011294541586,0,normal
2026-10-06 13:35:01,65.04139012382474,0.07150162956762195,0,normal
2026-10-06 13:35:02,68.95906427224561,0.0894299860878503,0,normal
2026-10-06 13:35:03,72.33970815192275,0.12293970559534508,0,normal
2026-10-06 13:35:04,65.61807863406393,0.05785352303092592,0,normal
2026-10-06 13:35:05,67.49658816554141,0.10152126762474607,0,normal
2026-10-06 13:35:06,67.68238626258483,0.06344494185424174,0,normal
2026-10-06 13:35:07,69.50241365169353,0.06201399241423741,0,normal
2026-10-06 13:35:08,66.26635393056495,0.07777149221632956,0,normal
2026-10-06 13:35:09,64.59197567641138,0.07877003509407578,0,normal
2026-10-06 13:35:10,63.40481957885527,0.07507952984613508,0,normal
2026-10-06 13:35:11,65.06446145047977,0.032762869881750985,0,normal
2026-10-06 13:35:12,67.33367814264713,0.07231990687165467,0,normal
2026-10-06 13:35:13,65.47186456038959,0.1124824643172452,0,normal
2026-10-06 13:35:14,68.25646540272851,0.1166861179687633,0,normal
2026-10-06 13:35:15,70.81822845022768,0.08339678223705702,0,normal
2026-10-06 13:35:16,70.58271089404542,0.12836314241764762,0,normal
2026-10-06 13:35:17,66.890893191142,0.046552774916517346,0,normal
2026-10-06 13:35:18,68.29555979179145,0.12839851495453092,0,normal
2026-10-06 13:35:19,68.2963306234391,0.06018540617432183,0,normal
2026-10-06 13:35:20,66.12455179865766,0.10073292631515893,0,normal
2026-10-06 13:35:21,63.833821612355834,0.11639586216959953,0,normal
2026-10-06 13:35:22,67.33765848897839,0.05171526522859735,0,normal
2026-10-06 13:35:23,66.38746284045064,0.05326218098398736,0,normal
2026-10-06 13:35:24,67.54634667843443,0.03964684730020358,0,normal
2026-10-06 13:35:25,68.09910402084508,0.05357989702679548,0,normal
2026-10-06 13:35:26,68.71682621665676,0.07089927303684447,0,normal
2026-10-06 13:35:27,69.17497218678662,0.08269392789788835,0,normal
2026-10-06 13:35:28,69.60790471582504,0.10495422621212379,0,normal
2026-10-06 13:35:29,67.01051790197695,0.045922034324492066,0,normal
2026-10-06 13:35:30,69.23671717989097,0.06597510951408253,0,normal
2026-10-06 13:35:31,68.01835487178175,0.08342210227425494,0,normal
2026-10-06 13:35:32,67.407441064342,0.08671104446643593,0,normal
2026-10-06 13:35:33,63.56792249230279,0.05891185190343125,0,normal
2026-10-06 13:35:34,67.59918681596706,0.10352214361723351,0,normal
2026-10-06 13:35:35,67.79880523007448,0.08806005492782806,0,normal
2026-10-06 13:35:36,68.76158792791506,0.07407010827588412,0,normal
2026-10-06 13:35:37,69.7504358949368,0.08368766830739056,0,normal
2026-10-06 13:35:38,70.222304733948,0.08112905647258005,0,normal
2026-10-06 13:35:39,65.70089612066582,0.09283605648846213,0,normal
2026-10-06 13:35:40,69.53009257224029,0.06468427037704669,0,normal
2026-10-06 13:35:41,68.88609045076694,0.05984639602388244,0,normal
2026-10-06 13:35:42,68.15084982676233,0.03957717041007393,0,normal
2026-10-06 13:35:43,69.41536542116788,0.03951931270803359,0,normal
2026-10-06 13:35:44,65.03356249994964,0.07481346265990911,0,normal
2026-10-06 13:35:45,66.98429737486903,0.08765004497429514,0,normal
2026-10-06 13:35:46,65.76657140141064,0.08898348800719987,0,normal
2026-10-06 13:35:47,64.4420848778478,0.09574192728148015,0,normal
2026-10-06 13:35:48,66.92856070457394,0.08982233485439575,0,normal
2026-10-06 13:35:49,66.78261437200764,0.1286529752419332,0,normal
2026-10-06 13:35:50,68.41761587876663,0.08678943345054532,0,normal
2026-10-06 13:35:51,66.21066798356952,0.08537523360694828,0,normal
2026-10-06 13:35:52,68.06160943072877,0.07138514034857948,0,normal
2026-10-06 13:35:53,66.33007196023416,0.08998169091209426,0,normal
2026-10-06 13:35:54,69.17720775589721,0.04074557428639046,0,normal
2026-10-06 13:35:55,65.25585123553643,0.12178454499419328,0,normal
2026-10-06 13:35:56,67.024357627639,0.11125499782498657,0,normal
2026-10-06 13:35:57,66.14887968517127,0.07878148837855019,0,normal
2026-10-06 13:35:58,66.58885052673928,0.11643854180633739,0,normal
2026-10-06 13:35:59,69.0544139989977,0.10930739619741306,0,normal
2026-10-06 13:36:00,66.41914608229838,0.07072369557863106,0,normal
2026-10-06 13:36:01,67.68659299957889,0.06473315917213421,0,normal
2026-10-06 13:36:02,69.38184756319772,0.08472586905265056,0,normal
2026-10-06 13:36:03,68.7893685672838,0.07759681509613808,0,normal
2026-10-06 13:36:04,67.56490063693384,0.07667396867960125,0,normal
2026-10-06 13:36:05,67.04035695147455,0.12087517486061358,0,normal
2026-10-06 13:36:06,67.65462700875482,0.08496589709314913,0,normal
2026-10-06 13:36:07,67.56078212679276,0.08130128516461278,0,normal
2026-10-06 13:36:08,66.43092744610516,0.022976374069434244,0,normal
2026-10-06 13:36:09,65.38065214287322,0.050097232744001644,0,normal
2026-10-06 13:36:10,65.62151378532963,0.06279921737246756,0,normal
2026-10-06 13:36:11,69.97009120616387,0.10959754133068099,0,normal
2026-10-06 13:36:12,65.99087250698867,0.05771783894838632,0,normal
2026-10-06 13:36:13,66.56792646573983,0.09608391507958348,0,normal
2026-10-06 13:36:14,66.58365920511278,0.09104745887535298,0,normal
2026-10-06 13:36:15,67.5399776091548,0.036632371688165535,0,normal
2026-10-06 13:36:16,67.53299911015283,0.0754151578993176,0,normal
2026-10-06 13:36:17,68.33703096817183,0.0983928509642216,0,normal
2026-10-06 13:36:18,66.40706600565392,0.06913785381291288,0,normal
2026-10-06 13:36:19,66.15590963940738,0.03038530183901382,0,normal
2026-10-06 13:36:20,67.19373123647124,0.0327247639588643,0,normal
2026-10-06 13:36:21,65.54918816602274,0.06994372757838237,0,normal
2026-10-06 13:36:22,66.71066648189505,0.05766177824216636,0,normal
2026-10-06 13:36:23,65.68488884220493,0.07611995533561765,0,normal
2026-10-06 13:36:24,69.55784347254266,0.07296285599614968,0,normal
2026-10-06 13:36:25,68.03453427997458,0.10945377049692628,0,normal
2026-10-06 13:36:26,68.33294460286834,0.08047489167855479,0,normal
2026-10-06 13:36:27,68.2993978310305,0.11237758406640269,0,normal
2026-10-06 13:36:28,68.75789371122764,0.10856090675635385,0,normal
2026-10-06 13:36:29,66.14473244495207,0.07348840104820102,0,normal
2026-10-06 13:36:30,68.29445472190766,0.10760963749426802,0,normal
2026-10-06 13:36:31,66.63868246924136,0.10639019677217874,0,normal
2026-10-06 13:36:32,63.799041566712944,0.0601273636226196,0,normal
2026-10-06 13:36:33,65.50454338173716,0.11759757248275993,0,normal
2026-10-06 13:36:34,67.44675171626871,0.09123752879619455,0,normal
2026-10-06 13:36:35,66.25995477976072,0.0618772387472024,0,normal
2026-10-06 13:36:36,67.84051926212153,0.04380593227301526,0,normal
2026-10-06 13:36:37,69.9068580161495,0.0972913413932235,0,normal
2026-10-06 13:36:38,68.70404788428742,0.05128867402239247,0,normal
2026-10-06 13:36:39,68.65631788737939,0.09602725274853652,0,normal
2026-10-06 13:36:40,117.94960571293726,0.051775673201831886,1,spike
2026-10-06 13:36:41,115.6873856186453,0.05278873631610241,1,spike
2026-10-06 13:36:42,115.83529179523507,0.052582686716842554,1,spike
2026-10-06 13:36:43,115.9793506750537,0.054489055608535515,1,spike
2026-10-06 13:36:44,114.53346352718998,0.04932304378354226,1,spike
2026-10-06 13:36:45,111.62482678791275,0.05164845821231444,1,spike
2026-10-06 13:36:46,114.62866597729541,0.030103338541368468,1,spike
2026-10-06 13:36:47,116.6221293891065,0.06426093941984587,1,spike
2026-10-06 13:36:48,116.71864516185164,0.046831555188362566,1,spike
2026-10-06 13:36:49,66.9707863750166,0.04087735885611558,0,normal
2026-10-06 13:36:50,67.0421489218517,0.09811881193100122,0,normal
2026-10-06 13:36:51,67.01908766832778,0.12844273596800349,0,normal
2026-10-06 13:36:52,70.37045618827557,0.0925334652667687,0,normal
2026-10-06 13:36:53,65.834520141053,0.12249529320376341,0,normal
2026-10-06 13:36:54,68.97904609706751,0.09690395853610641,0,normal
2026-10-06 13:36:55,65.27066803767903,0.05816003119921978,0,normal
2026-10-06 13:36:56,66.08408159165155,0.06250638919717398,0,normal
2026-10-06 13:36:57,62.42640887951272,0.06436667129552927,0,normal
2026-10-06 13:36:58,69.88691289769314,0.06389658080463306,0,normal
2026-10-06 13:36:59,67.53290416693748,0.06839614283437101,0,normal
2026-10-06 13:37:00,68.2576751922843,0.06362070131742144,0,normal
2026-10-06 13:37:01,68.35588118991184,0.06315287031370011,0,normal
2026-10-06 13:37:02,67.65302435645877,0.0710801991415129,0,normal
2026-10-06 13:37:03,69.80131797337266,0.05779263710298708,0,normal
2026-10-06 13:37:04,67.76508094420704,0.0630652097764259,0,normal
2026-10-06 13:37:05,64.25642819550441,0.06383856437943151,0,normal
2026-10-06 13:37:06,65.71712638649727,0.07015750613201926,0,normal
2026-10-06 13:37:07,67.44537360409402,0.12881489054494488,0,normal
2026-10-06 13:37:08,64.65259515683545,0.082672756685617,0,normal
2026-10-06 13:37:09,66.32039391171065,0.030492774707798778,0,normal
2026-10-06 13:37:10,66.1761406105762,0.09115208799538592,0,normal
2026-10-06 13:37:11,66.72288626594603,0.08644246825789548,0,normal
2026-10-06 13:37:12,68.0898362121522,0.06470516180526663,0,normal
2026-10-06 13:37:13,68.10254130568251,0.0740542389979865,0,normal
2026-10-06 13:37:14,69.24544404998235,0.053941677646038494,0,normal
2026-10-06 13:37:15,69.50717353702542,0.0883499765067223,0,normal
2026-10-06 13:37:16,68.19581938690818,0.09744514065980604,0,normal
2026-10-06 13:37:17,67.25108017414985,0.058438257691395316,0,normal
2026-10-06 13:37:18,68.85855669227769,0.05700579557675743,0,normal
2026-10-06 13:37:19,65.74391682094941,0.10729983817535363,0,normal
2026-10-06 13:37:20,63.99044602734038,0.11162121701720076,0,normal
2026-10-06 13:37:21,68.41871191194126,0.07058332459076547,0,normal
2026-10-06 13:37:22,65.07527001445538,0.09829829827843581,0,normal
2026-10-06 13:37:23,65.3144056661337,0.10280509023320077,0,normal
2026-10-06 13:37:24,67.67315911601723,0.07588704824178391,0,normal
2026-10-06 13:37:25,68.80292934984693,0.08128625828411808,0,normal
2026-10-06 13:37:26,67.29934374189887,0.04447553024375842,0,normal
2026-10-06 13:37:27,69.41101357211302,0.06448747723525158,0,normal
2026-10-06 13:37:28,69.36099644265305,0.07835103653792651,0,normal
2026-10-06 13:37:29,65.89167823897452,0.07448074884448838,0,normal
2026-10-06 13:37:30,68.25069256346204,0.06589974368256896,0,normal
2026-10-06 13:37:31,64.52179787287805,0.061482162667173296,0,normal
2026-10-06 13:37:32,68.2399858187844,0.09925894231719838,0,normal
2026-10-06 13:37:33,63.97888842724782,0.0663400862058112,0,normal
2026-10-06 13:37:34,66.6934822931369,0.07554513849226481,0,normal
2026-10-06 13:37:35,66.27939330920847,0.11033373858256303,0,normal
2026-10-06 13:37:36,69.64892404988343,0.05449634300932997,0,normal
2026-10-06 13:37:37,68.7498515975197,0.09645869247933997,0,normal
2026-10-06 13:37:38,70.22999830461218,0.0836408772213073,0,normal
2026-10-06 13:37:39,68.92201261495539,0.07054488550611043,0,normal
2026-10-06 13:37:40,68.57984954884562,0.10893526202102757,0,normal
2026-10-06 13:37:41,69.05559258614986,0.04661971549930259,0,normal
2026-10-06 13:37:42,66.97413454018988,0.05640682502993059,0,normal
2026-10-06 13:37:43,66.28369426060614,0.0633368977866112,0,normal
2026-10-06 13:37:44,66.44008109934369,0.07666355018708776,0,normal
2026-10-06 13:37:45,65.48207881413491,0.10535546864255146,0,normal
2026-10-06 13:37:46,64.82918022565046,0.05303452623993468,0,normal
2026-10-06 13:37:47,64.45162289183213,0.08216200064500198,0,normal
2026-10-06 13:37:48,68.87095917364604,0.07574801235693528,0,normal
2026-10-06 13:37:49,68.377437756882,0.03837020722446503,0,normal
2026-10-06 13:37:50,69.61240455476884,0.11693143472722628,0,normal
2026-10-06 13:37:51,69.11715720355699,0.09363500153767794,0,normal
2026-10-06 13:37:52,70.09757314129061,0.07850811640118345,0,normal
2026-10-06 13:37:53,68.77930772954213,0.1163614183122178,0,normal
2026-10-06 13:37:54,66.31399869659913,0.07059615941526336,0,normal
2026-10-06 13:37:55,66.79582196057167,0.07853039558696073,0,normal
2026-10-06 13:37:56,67.36604272868469,0.09142929690962412,0,normal
2026-10-06 13:37:57,64.48539924623084,0.1476061043683687,0,normal
2026-10-06 13:37:58,66.76431881025418,0.059877557038868434,0,normal
2026-10-06 13:37:59,68.51309545133783,0.11263067658600791,0,normal
2026-10-06 13:38:00,69.18718747602759,0.05720277118802253,0,normal
2026-10-06 13:38:01,69.39284326483734,0.05530363040264043,0,normal
2026-10-06 13:38:02,71.22669104503397,0.11155060458386465,0,normal
2026-10-06 13:38:03,69.14708822466707,0.07606012618976982,0,normal
2026-10-06 13:38:04,68.20520114767787,0.13119790138574938,0,normal
2026-10-06 13:38:05,69.94447074774335,0.1012726880972889,0,normal
2026-10-06 13:38:06,67.14494061427246,0.1013730125366054,0,normal
2026-10-06 13:38:07,67.46498213495323,0.042914240862993905,0,normal
2026-10-06 13:38:08,64.68220334575477,0.04438214256761041,0,normal
2026-10-06 13:38:09,65.94494352339538,0.08405322849250933,0,normal
2026-10-06 13:38:10,65.46153265687245,0.08804565119232086,0,normal
2026-10-06 13:38:11,67.13422550337806,0.06769566833351932,0,normal
2026-10-06 13:38:12,69.30951151002363,0.07904578157646362,0,normal
2026-10-06 13:38:13,64.78303319934918,0.12074942874662123,0,normal
2026-10-06 13:38:14,68.83319970090254,0.08514576310003924,0,normal
2026-10-06 13:38:15,70.0417350736727,0.08726892954301438,0,normal
2026-10-06 13:38:16,65.93744123404961,0.07482719138628649,0,normal
2026-10-06 13:38:17,68.29029896435908,0.07798429683516,0,normal
2026-10-06 13:38:18,68.97361785697906,0.0850029976138253,0,normal
2026-10-06 13:38:19,65.16188282915122,0.09148469256484164,0,normal
2026-10-06 13:38:20,64.89422425187185,0.08085346100497598,0,normal
2026-10-06 13:38:21,66.17334061908103,0.05241779061907194,0,normal
2026-10-06 13:38:22,64.01457842449786,0.0904813766851433,0,normal
2026-10-06 13:38:23,65.23938281068638,0.08832757846549244,0,normal
2026-10-06 13:38:24,66.85175575280317,0.06230641445859103,0,normal
2026-10-06 13:38:25,71.6093633569205,0.08640144025376574,0,normal
2026-10-06 13:38:26,67.57560774573102,0.056761774577525764,0,normal
2026-10-06 13:38:27,69.57070878962115,0.09976349524448233,0,normal
2026-10-06 13:38:28,69.64932550641761,0.09112198472275923,0,normal
2026-10-06 13:38:29,67.89706513531881,0.10764406236321436,0,normal
2026-10-06 13:38:30,68.5797691913352,0.07207937079052447,0,normal
2026-10-06 13:38:31,70.76620447229398,0.0634817770573552,0,normal
2026-10-06 13:38:32,67.85691743152348,0.024435199249129222,0,normal
2026-10-06 13:38:33,65.1779624577754,0.1312327902589518,0,normal
2026-10-06 13:38:34,64.6996028068566,0.10289400466240514,0,normal
2026-10-06 13:38:35,65.37523070490032,0.10252204269627578,0,normal
2026-10-06 13:38:36,67.88949284193356,0.07385331847616408,0,normal
2026-10-06 13:38:37,67.71700053959182,0.06402654522686255,0,normal
2026-10-06 13:38:38,68.42223252016353,0.10713656478952137,0,normal
2026-10-06 13:38:39,70.47925210324793,0.08336512524331886,0,normal
2026-10-06 13:38:40,69.46864476630117,0.06050380722247284,0,normal
2026-10-06 13:38:41,66.20455040014075,0.056944313642245226,0,normal
2026-10-06 13:38:42,65.87729622921702,0.11166492056996974,0,normal
2026-10-06 13:38:43,68.09782194225836,0.11884692955469014,0,normal
2026-10-06 13:38:44,66.35796392676994,0.09899942636294448,0,normal
2026-10-06 13:38:45,65.72208605311918,0.09024836579955178,0,normal
2026-10-06 13:38:46,65.40451233236988,0.08808720618582282,0,normal
2026-10-06 13:38:47,68.84089350335142,0.09832590870286109,0,normal
2026-10-06 13:38:48,67.75359393499522,0.08709393294197194,0,normal
2026-10-06 13:38:49,67.30556276465543,0.04138551895625445,0,normal
2026-10-06 13:38:50,68.0609829660963,0.013761463405196253,0,normal
2026-10-06 13:38:51,69.17290712995549,0.12323601031797943,0,normal
2026-10-06 13:38:52,69.6895663330387,0.07507094599529959,0,normal
2026-10-06 13:38:53,68.84962126213617,0.11561621133008138,0,normal
2026-10-06 13:38:54,67.71372687434621,0.09996945911839265,0,normal
2026-10-06 13:38:55,65.2532700297872,0.0678474652314559,0,normal
2026-10-06 13:38:56,64.43681447878744,0.0807799635447985,0,normal
2026-10-06 13:38:57,65.78477064023711,0.04108378909709383,0,normal
2026-10-06 13:38:58,64.92946126251097,0.07676890258017995,0,normal
2026-10-06 13:38:59,65.58075972923825,0.06246571558427357,0,normal
2026-10-06 13:39:00,67.71463742671321,0.1174462617288369,0,normal
2026-10-06 13:39:01,67.75254627027311,0.07547771221635323,0,normal
2026-10-06 13:39:02,73.66817735534103,0.14042881301019206,0,normal
2026-10-06 13:39:03,68.03898842418882,0.09228083959715482,0,normal
2026-10-06 13:39:04,69.07570548208253,0.05546669929479049,0,normal
2026-10-06 13:39:05,68.94115759568352,0.0886905279230999,0,normal
2026-10-06 13:39:06,68.71425662103871,0.08411082351535787,0,normal
2026-10-06 13:39:07,65.61420998460832,0.0880703750234133,0,normal
2026-10-06 13:39:08,66.20393352719415,0.11790969359518877,0,normal
2026-10-06 13:39:09,67.59212813371781,0.06524049532137678,0,normal
2026-10-06 13:39:10,63.684756790226125,0.10840115050381537,0,normal
2026-10-06 13:39:11,66.16037733097492,0.08167001816534432,0,normal
2026-10-06 13:39:12,67.99372631562663,0.09081569583575665,0,normal
2026-10-06 13:39:13,66.80331628076271,0.0847097055494094,0,normal
2026-10-06 13:39:14,68.10972275298678,0.03589280130538,0,normal
2026-10-06 13:39:15,70.44348711389293,0.09828523391588405,0,normal
2026-10-06 13:39:16,69.2448122418934,0.12181172517625129,0,normal
2026-10-06 13:39:17,66.76215928721366,0.1001423209609574,0,normal
2026-10-06 13:39:18,68.84213654552664,0.04040282962205374,0,normal
2026-10-06 13:39:19,67.90986326804811,0.10138112407893013,0,normal
2026-10-06 13:39:20,66.41913049719825,0.07812554157309083,0,normal
2026-10-06 13:39:21,65.37032579879256,0.105842570667583,0,normal
2026-10-06 13:39:22,66.0656544180729,0.06421407886645836,0,normal
2026-10-06 13:39:23,67.08803251959844,0.051346624609018426,0,normal
2026-10-06 13:39:24,63.42404609967924,0.06532865512308841,0,normal
2026-10-06 13:39:25,69.01870668056941,0.07441997638179979,0,normal
2026-10-06 13:39:26,69.97332855479077,0.10397300358507142,0,normal
2026-10-06 13:39:27,67.84207766553354,0.0653552208779785,0,normal
2026-10-06 13:39:28,68.03242086178801,0.10676787810339693,0,normal
2026-10-06 13:39:29,69.31902584870345,0.08299545372136902,0,normal
2026-10-06 13:39:30,66.93480192897249,0.10708836860865263,0,normal
2026-10-06 13:39:31,67.65989062434629,0.07598169088262013,0,normal
2026-10-06 13:39:32,66.77237645788318,0.08614295802303445,0,normal
2026-10-06 13:39:33,63.62030351514349,0.08916996858598107,0,normal
2026-10-06 13:39:34,66.75415940094453,0.06831708595605526,0,normal
2026-10-06 13:39:35,68.93046864092396,0.05867707046643124,0,normal
2026-10-06 13:39:36,67.8490347987464,0.05536828645598927,0,normal
2026-10-06 13:39:37,68.4093649296787,0.05607713355344599,0,normal
2026-10-06 13:39:38,67.34408247831513,0.05757072043593528,0,normal
2026-10-06 13:39:39,67.53677447279114,0.09442098926410128,0,normal
2026-10-06 13:39:40,67.22207029007367,0.09862482231465967,0,normal
2026-10-06 13:39:41,66.26335413083825,0.04459577992287766,0,normal
2026-10-06 13:39:42,67.68744415110548,0.02775394218763954,0,normal
2026-10-06 13:39:43,66.91176293961041,0.10775736336300258,0,normal
2026-10-06 13:39:44,68.59004859319953,0.0904296981490876,0,normal
2026-10-06 13:39:45,66.04577647037033,0.10972183410709219,0,normal
2026-10-06 13:39:46,62.95037241611659,0.05353114650690251,0,normal
2026-10-06 13:39:47,64.94345284877603,0.08145015166692657,0,normal
2026-10-06 13:39:48,65.00181161211532,0.10537387631767085,0,normal
2026-10-06 13:39:49,67.11772529402651,0.11460391873130818,0,normal
2026-10-06 13:39:50,69.64721165728446,0.09588812339162342,0,normal
2026-10-06 13:39:51,67.26764671171276,0.06694948144555868,0,normal
2026-10-06 13:39:52,67.60765809445058,0.12496245672662176,0,normal
2026-10-06 13:39:53,66.70017449728495,0.03918098300330831,0,normal
2026-10-06 13:39:54,66.78253414989075,0.06208903055691906,0,normal
2026-10-06 13:39:55,66.45731746688325,0.059186349931892486,0,normal
2026-10-06 13:39:56,64.7874547714604,0.1059724459601892,0,normal
2026-10-06 13:39:57,67.6605954316719,0.1067997491580884,0,normal
2026-10-06 13:39:58,65.82948368310277,0.06570867047629812,0,normal
2026-10-06 13:39:59,62.34144955373626,0.03344966181789215,0,normal
2026-10-06 13:40:00,65.35813109084026,0.0988165907092616,0,normal
2026-10-06 13:40:01,67.83018383469846,0.07138037127842546,0,normal
2026-10-06 13:40:02,66.21819008713392,0.1128436512200752,0,normal
2026-10-06 13:40:03,69.25697264896482,0.07990818251686829,0,normal
2026-10-06 13:40:04,69.49889705730253,0.05155115443140383,0,normal
2026-10-06 13:40:05,66.75981858484772,0.0688957843184535,0,normal
2026-10-06 13:40:06,67.35899954339587,0.09750952648076552,0,normal
2026-10-06 13:40:07,68.24404184401853,0.07373811008810602,0,normal
2026-10-06 13:40:08,64.71997966914408,0.09905311694286971,0,normal
2026-10-06 13:40:09,66.944759477019,0.08221350701438593,0,normal
2026-10-06 13:40:10,67.37919962087267,0.060718865482814424,0,normal
2026-10-06 13:40:11,68.73257806117086,0.08331910333551142,0,normal
2026-10-06 13:40:12,66.9686768387364,0.05322942565521442,0,normal
2026-10-06 13:40:13,67.0808178212472,0.04765528592694898,0,normal
2026-10-06 13:40:14,69.62365294937938,0.051449473309352,0,normal
2026-10-06 13:40:15,69.25767540372465,0.09541860909713654,0,normal
2026-10-06 13:40:16,65.96212572586143,0.09856293837157475,0,normal
2026-10-06 13:40:17,65.08473418796571,0.06337966063641659,0,normal
2026-10-06 13:40:18,67.36267828283367,0.04287717747444986,0,normal
2026-10-06 13:40:19,66.40453095285099,0.07308043357630156,0,normal
2026-10-06 13:40:20,67.32797342580463,0.1029724112765096,0,normal
2026-10-06 13:40:21,64.34423407701934,0.11554149610698283,0,normal
2026-10-06 13:40:22,65.6935861692892,0.07714208591354459,0,normal
2026-10-06 13:40:23,65.23057907671709,0.07386142821212298,0,normal
2026-10-06 13:40:24,69.71484155937927,0.05156287081166035,0,normal
2026-10-06 13:40:25,66.39988911498384,0.07565094885028263,0,normal
2026-10-06 13:40:26,69.1326136086711,0.13135875751928272,0,normal
2026-10-06 13:40:27,71.78927766553163,0.0948562193609768,0,normal
2026-10-06 13:40:28,68.77478156499609,0.0602211774380408,0,normal
2026-10-06 13:40:29,67.37737763617783,0.11535567396122323,0,normal
2026-10-06 13:40:30,65.9967271859569,0.032252840455708386,0,normal
2026-10-06 13:40:31,69.68291489948466,0.05838804546961153,0,normal
2026-10-06 13:40:32,65.02513758432902,0.08139832312069369,0,normal
2026-10-06 13:40:33,65.80444110276666,0.08568957123626085,0,normal
2026-10-06 13:40:34,68.3446811192992,0.0823116010767462,0,normal
2026-10-06 13:40:35,66.61393618902326,0.06672961706714509,0,normal
2026-10-06 13:40:36,65.86792238505572,0.09361495074812821,0,normal
2026-10-06 13:40:37,69.90481301020296,0.017277935931436728,0,normal
2026-10-06 13:40:38,68.91272685445948,0.15988622110903983,0,normal
2026-10-06 13:40:39,70.21436021676365,0.14950495108254855,0,normal
2026-10-06 13:40:40,66.84944990706971,0.045417497661908376,0,normal
2026-10-06 13:40:41,67.02499041291081,0.11321973192044302,0,normal
2026-10-06 13:40:42,66.2368244848381,0.13543084874517863,0,normal
2026-10-06 13:40:43,67.83024471904412,0.10036138339369219,0,normal
2026-10-06 13:40:44,67.34005245773473,0.12370806783343674,0,normal
2026-10-06 13:40:45,66.995153070125,0.07452508754703806,0,normal
2026-10-06 13:40:46,65.00539866451061,0.06376870011781921,0,normal
2026-10-06 13:40:47,68.00997034485785,0.089829986672291,0,normal
2026-10-06 13:40:48,66.86189621544715,0.07692696098247459,0,normal
2026-10-06 13:40:49,69.04766055689798,0.11307425318289854,0,normal
2026-10-06 13:40:50,66.60386566750428,0.07632363061689679,0,normal
2026-10-06 13:40:51,67.48849965956198,0.08465715020780809,0,normal
2026-10-06 13:40:52,68.29270279171514,0.08040893579082224,0,normal
2026-10-06 13:40:53,67.83715762921516,0.09749154241951688,0,normal
2026-10-06 13:40:54,67.45026339078306,0.09129438472577538,0,normal
2026-10-06 13:40:55,62.90856091733494,0.06704554722266164,0,normal
2026-10-06 13:40:56,64.13304453260453,0.07056839742286496,0,normal
2026-10-06 13:40:57,63.62172088049823,0.10610832767331373,0,normal
2026-10-06 13:40:58,66.07627318538634,0.06480492577867333,0,normal
2026-10-06 13:40:59,67.8666186590739,0.0933750378750637,0,normal
2026-10-06 13:41:00,66.89925757515975,0.08521125155093226,0,normal
2026-10-06 13:41:01,72.68345285357618,0.09104735251808217,0,normal
2026-10-06 13:41:02,67.40573716434061,0.0688478567594219,0,normal
2026-10-06 13:41:03,70.8825186940783,0.11211638230897886,0,normal
2026-10-06 13:41:04,66.99521391586407,0.08583121862767079,0,normal
2026-10-06 13:41:05,71.38384297869895,0.061228352505715164,0,normal
2026-10-06 13:41:06,66.9909170310869,0.14795283040921683,0,normal
2026-10-06 13:41:07,66.03657035906944,0.06029252675880175,0,normal
2026-10-06 13:41:08,68.77352066861772,0.07860880748333761,0,normal
2026-10-06 13:41:09,67.55375906152948,0.05715746396309947,0,normal
2026-10-06 13:41:10,68.27275648262162,0.1425775959010711,0,normal
2026-10-06 13:41:11,66.37167714389626,0.020061255137828513,0,normal
2026-10-06 13:41:12,67.9870602300536,0.06975099416326223,0,normal
2026-10-06 13:41:13,69.09944952044908,0.10876408256546957,0,normal
2026-10-06 13:41:14,68.54900365614633,0.10953242498421872,0,normal
2026-10-06 13:41:15,69.00177326280424,0.10836104561663223,0,normal
2026-10-06 13:41:16,69.36909297154,0.07809042235607827,0,normal
2026-10-06 13:41:17,65.98055429145897,0.06714362524313355,0,normal
2026-10-06 13:41:18,66.54596362379627,0.0856454575755561,0,normal
2026-10-06 13:41:19,61.145239429523755,0.11470698779851934,0,normal
2026-10-06 13:41:20,65.10963924083485,0.08014042909235759,0,normal
2026-10-06 13:41:21,65.92161588788328,0.06254360417764078,0,normal
2026-10-06 13:41:22,66.24425919605969,0.061689779332238154,0,normal
2026-10-06 13:41:23,67.60989203251583,0.06896175820425725,0,normal
2026-10-06 13:41:24,67.30538743243498,0.013561426878385921,0,normal
2026-10-06 13:41:25,66.52836347604001,0.0818811717971804,0,normal
2026-10-06 13:41:26,68.3014612676362,0.08349980309448105,0,normal
2026-10-06 13:41:27,68.13640311341105,0.07090252289957232,0,normal
2026-10-06 13:41:28,67.85404246264073,0.04186616624602239,0,normal
2026-10-06 13:41:29,69.61317162314049,0.06049882143915396,0,normal
2026-10-06 13:41:30,65.16218313507726,0.09677464625079521,0,normal
2026-10-06 13:41:31,67.2692277213402,0.0560930220677974,0,normal
2026-10-06 13:41:32,67.06819927421026,0.12510903678946098,0,normal
2026-10-06 13:41:33,65.60521192249146,0.08182169974185305,0,normal
2026-10-06 13:41:34,65.94918373928625,0.05553361825547046,0,normal
2026-10-06 13:41:35,66.82283457577773,0.051965225526028044,0,normal
2026-10-06 13:41:36,69.44341886223052,0.06986249229202139,0,normal
2026-10-06 13:41:37,68.66156215921657,0.051100795117221605,0,normal
2026-10-06 13:41:38,71.0881550031125,0.07478834595663783,0,normal
2026-10-06 13:41:39,67.43193772044975,0.02925906084790352,0,normal
2026-10-06 13:41:40,0.0,0.0445720351343619,1,dropout
2026-10-06 13:41:41,0.0,0.051917387250229936,1,dropout
2026-10-06 13:41:42,0.0,0.05337756921901539,1,dropout
2026-10-06 13:41:43,0.0,0.06436248308293227,1,dropout
2026-10-06 13:41:44,0.0,0.04342640422179545,1,dropout
2026-10-06 13:41:45,0.0,0.0454456247994955,1,dropout
2026-10-06 13:41:46,0.0,0.03203921213534683,1,dropout
2026-10-06 13:41:47,0.0,0.05234559254240209,1,dropout
2026-10-06 13:41:48,0.0,0.05304191075053933,1,dropout
2026-10-06 13:41:49,0.0,0.05370811213560246,1,dropout
2026-10-06 13:41:50,0.0,0.06503560780660918,1,dropout
2026-10-06 13:41:51,0.0,0.04359754096553522,1,dropout
2026-10-06 13:41:52,0.0,0.05541337408378873,1,dropout
2026-10-06 13:41:53,0.0,0.0525429311445255,1,dropout
2026-10-06 13:41:54,0.0,0.05694760352903339,1,dropout
2026-10-06 13:41:55,0.0,0.05788415009021672,1,dropout
2026-10-06 13:41:56,0.0,0.04311210538766935,1,dropout
2026-10-06 13:41:57,0.0,0.06464805201771265,1,dropout
2026-10-06 13:41:58,0.0,0.05363991097997518,1,dropout
2026-10-06 13:41:59,0.0,0.049289826307246994,1,dropout
2026-10-06 13:42:00,0.0,0.04636893881147854,1,dropout
2026-10-06 13:42:01,0.0,0.047807628646106555,1,dropout
2026-10-06 13:42:02,0.0,0.0360235954453671,1,dropout
2026-10-06 13:42:03,0.0,0.04089588009140461,1,dropout
2026-10-06 13:42:04,0.0,0.02852309821851165,1,dropout
2026-10-06 13:42:05,0.0,0.047363201428828355,1,dropout
2026-10-06 13:42:06,0.0,0.06777661433475803,1,dropout
2026-10-06 13:42:07,0.0,0.05786149605237766,1,dropout
2026-10-06 13:42:08,0.0,0.04531840871259919,1,dropout
2026-10-06 13:42:09,0.0,0.062211882484801875,1,dropout
2026-10-06 13:42:10,67.39386439377681,0.06018662508778759,0,normal
2026-10-06 13:42:11,65.74950547165483,0.04336531161573455,0,normal
2026-10-06 13:42:12,66.94887036091279,0.08896480891112792,0,normal
2026-10-06 13:42:13,68.88847633971375,0.07905273298191653,0,normal
2026-10-06 13:42:14,68.66650806564213,0.0483968673435085,0,normal
2026-10-06 13:42:15,69.85719778765034,0.10287551655570569,0,normal
2026-10-06 13:42:16,69.04583883224022,0.07829028664036856,0,normal
2026-10-06 13:42:17,67.38723098861779,0.027190172682987096,0,normal
2026-10-06 13:42:18,68.56003995339931,0.08390390025912352,0,normal
2026-10-06 13:42:19,68.21461051376973,0.11542314767430652,0,normal
2026-10-06 13:42:20,64.98799718060084,0.07878251417879675,0,normal
2026-10-06 13:42:21,64.95732474507663,0.03803988043855686,0,normal
2026-10-06 13:42:22,65.1481068160382,0.08520235557902539,0,normal
2026-10-06 13:42:23,68.08733766985907,0.07868785350075408,0,normal
2026-10-06 13:42:24,70.62584225007905,0.11044938427855375,0,normal
2026-10-06 13:42:25,64.86996197903515,0.06773084503168295,0,normal
2026-10-06 13:42:26,67.63081969454738,0.08640951181659014,0,normal
2026-10-06 13:42:27,69.86393125916891,0.11608055216994545,0,normal
2026-10-06 13:42:28,69.07178044732491,0.06978498196407203,0,normal
2026-10-06 13:42:29,69.10608810292521,0.08346685853857663,0,normal
2026-10-06 13:42:30,67.05929819949408,0.09712557065589753,0,normal
2026-10-06 13:42:31,68.88785543326144,0.02179888900419253,0,normal
2026-10-06 13:42:32,67.29976115483225,0.07823154617166862,0,normal
2026-10-06 13:42:33,66.70132488213474,0.12865244654036917,0,normal
2026-10-06 13:42:34,67.25229662871156,0.07004579451075094,0,normal
2026-10-06 13:42:35,68.12725790214668,0.0866117122892462,0,normal
2026-10-06 13:42:36,65.88233641788841,0.03049605515559449,0,normal
2026-10-06 13:42:37,68.09739255178914,0.12024388451961278,0,normal
2026-10-06 13:42:38,68.66330009866988,0.08836930036342787,0,normal
2026-10-06 13:42:39,67.80634108278481,0.0693780795026844,0,normal
2026-10-06 13:42:40,72.18688570666312,0.08118122233508275,0,normal
2026-10-06 13:42:41,65.65910894317476,0.04807385154102694,0,normal
2026-10-06 13:42:42,70.39469978716951,0.05322527465140919,0,normal
2026-10-06 13:42:43,65.31708469454465,0.06486470594358222,0,normal
2026-10-06 13:42:44,68.52482578385451,0.08092565182277592,0,normal
2026-10-06 13:42:45,66.07364291644765,0.1154853799297226,0,normal
2026-10-06 13:42:46,65.9715608470483,0.09900809750063291,0,normal
2026-10-06 13:42:47,65.13600206001149,0.07514196248373477,0,normal
2026-10-06 13:42:48,67.3204622677643,0.06578501264399254,0,normal
2026-10-06 13:42:49,67.5281562625571,0.11558716816336348,0,normal
2026-10-06 13:42:50,69.44323579105645,0.0630713660010161,0,normal
2026-10-06 13:42:51,67.32742383166816,0.07287779182885452,0,normal
2026-10-06 13:42:52,67.81386139669478,0.07918357286768943,0,normal
2026-10-06 13:42:53,64.0409156371025,0.09173444625340293,0,normal
2026-10-06 13:42:54,67.1037002808063,0.09967123481009682,0,normal
2026-10-06 13:42:55,67.83177830474862,0.09707475260338679,0,normal
2026-10-06 13:42:56,64.5746490206148,0.11429335115507995,0,normal
2026-10-06 13:42:57,67.43891339090457,0.11862868072946092,0,normal
2026-10-06 13:42:58,68.2607128943589,0.08142135358582789,0,normal
2026-10-06 13:42:59,66.33651839677034,0.06754682649432925,0,normal
2026-10-06 13:43:00,67.68581857291632,0.07776771086798176,0,normal
2026-10-06 13:43:01,70.49492641600557,0.0926372358637895,0,normal
2026-10-06 13:43:02,66.71068385250788,0.051766142652422575,0,normal
2026-10-06 13:43:03,69.98781671236544,0.07575561689766493,0,normal
2026-10-06 13:43:04,68.77545157588686,0.04361331554194076,0,normal
2026-10-06 13:43:05,67.54072687851853,0.06842430154858108,0,normal
2026-10-06 13:43:06,64.38911471400036,0.07547379106783163,0,normal
2026-10-06 13:43:07,67.97413938552909,0.08867199412454574,0,normal
2026-10-06 13:43:08,66.40594009675847,0.04519203529649425,0,normal
2026-10-06 13:43:09,66.25552643396934,0.1006776722606914,0,normal
2026-10-06 13:43:10,66.1162692828687,0.11958318708420679,0,normal
2026-10-06 13:43:11,66.77515471275916,0.0578472466394354,0,normal
2026-10-06 13:43:12,65.7090126301905,0.06938520490468095,0,normal
2026-10-06 13:43:13,67.1172505966257,0.055059510924564264,0,normal
2026-10-06 13:43:14,69.68484714538823,0.0883416019659289,0,normal
2026-10-06 13:43:15,68.4565165997703,0.05686449734167859,0,normal
2026-10-06 13:43:16,68.53162682138583,0.037114172128154134,0,normal
2026-10-06 13:43:17,67.998677532769,0.08460391393611898,0,normal
2026-10-06 13:43:18,68.56188524153826,0.129051028302934,0,normal
2026-10-06 13:43:19,68.37212320123933,0.06029016582308233,0,normal
2026-10-06 13:43:20,66.0182510381118,0.10132922697492615,0,normal
2026-10-06 13:43:21,69.54863510427454,0.07387561342679468,0,normal
2026-10-06 13:43:22,68.08815384905951,0.07133064693568017,0,normal
2026-10-06 13:43:23,66.50923979789323,0.09084987183897067,0,normal
2026-10-06 13:43:24,68.25977799165787,0.1041555013508774,0,normal
2026-10-06 13:43:25,67.79389863847479,0.05327072060440778,0,normal
2026-10-06 13:43:26,68.68091028323916,0.08353039892299761,0,normal
2026-10-06 13:43:27,71.00810213902912,0.0990554051468821,0,normal
2026-10-06 13:43:28,69.6045658910957,0.08059927908814386,0,normal
2026-10-06 13:43:29,68.47945317165612,0.11865491060610676,0,normal
2026-10-06 13:43:30,69.49438449882561,0.08554480734446973,0,normal
2026-10-06 13:43:31,65.63680179118815,0.06651855679219212,0,normal
2026-10-06 13:43:32,66.34693867770771,0.0879501632304756,0,normal
2026-10-06 13:43:33,68.95441761162098,0.08427085682601117,0,normal
2026-10-06 13:43:34,65.54515670839955,0.11715890751917518,0,normal
2026-10-06 13:43:35,64.73832583879178,0.08706785659357962,0,normal
2026-10-06 13:43:36,69.47014888334664,0.0817550555055176,0,normal
2026-10-06 13:43:37,66.63217248668013,0.06382671466676021,0,normal
2026-10-06 13:43:38,69.84592118902329,0.08113268573601119,0,normal
2026-10-06 13:43:39,67.44638081954896,0.09204071810235676,0,normal
2026-10-06 13:43:40,68.65474713593409,0.11827274860428962,0,normal
2026-10-06 13:43:41,67.13992129397938,0.10346207791982912,0,normal
2026-10-06 13:43:42,67.97268890720953,0.05819461590946755,0,normal
2026-10-06 13:43:43,70.30278525232632,0.07920542328430002,0,normal
2026-10-06 13:43:44,65.90062911848824,0.0640867241335493,0,normal
2026-10-06 13:43:45,65.56358894159447,0.0843902235133783,0,normal
2026-10-06 13:43:46,65.97276378579569,0.0900245249016218,0,normal
2026-10-06 13:43:47,67.51087611575007,0.05725421402146569,0,normal
2026-10-06 13:43:48,70.26335757407575,0.11231356505279416,0,normal
2026-10-06 13:43:49,68.76583801273365,0.061522387593552955,0,normal
2026-10-06 13:43:50,67.43892865942699,0.05199128145957941,0,normal
2026-10-06 13:43:51,70.85111943490125,0.09575499840786168,0,normal
2026-10-06 13:43:52,66.16656822334151,0.08741891814358525,0,normal
2026-10-06 13:43:53,66.99151857869549,0.054082216205239814,0,normal
2026-10-06 13:43:54,66.75848948454272,0.07253031328093376,0,normal
2026-10-06 13:43:55,68.20617558478271,0.07172305147054771,0,normal
2026-10-06 13:43:56,65.38760711925993,0.09276665323132176,0,normal
2026-10-06 13:43:57,65.67225511384012,0.11410130877116637,0,normal
2026-10-06 13:43:58,67.19587488872773,0.05126372207295335,0,normal
2026-10-06 13:43:59,67.52706520306093,0.07765692123320898,0,normal
2026-10-06 13:44:00,66.10511310422616,0.08657644306904944,0,normal
2026-10-06 13:44:01,69.90577061366614,0.09591972275405221,0,normal
2026-10-06 13:44:02,67.67735100695958,0.07393720380217099,0,normal
2026-10-06 13:44:03,66.7903994347485,0.06168539649053392,0,normal
2026-10-06 13:44:04,68.7530998361844,0.08503818310241089,0,normal
2026-10-06 13:44:05,70.1541481665299,0.08832495637721945,0,normal
2026-10-06 13:44:06,69.972525414145,0.13443206495506688,0,normal
2026-10-06 13:44:07,69.99262362104425,0.10177616347943147,0,normal
2026-10-06 13:44:08,66.16227160954142,0.10605488030653291,0,normal
2026-10-06 13:44:09,65.75424185212316,0.06691446520595792,0,normal
2026-10-06 13:44:10,66.45809221288685,0.09437092604758117,0,normal
2026-10-06 13:44:11,66.01073998479478,0.09383412110283794,0,normal
2026-10-06 13:44:12,66.61332663417126,0.0417306371755449,0,normal
2026-10-06 13:44:13,65.89892983263896,0.05949065356878045,0,normal
2026-10-06 13:44:14,70.37698394713735,0.09489737857171814,0,normal
2026-10-06 13:44:15,70.04732944672539,0.07983645768845515,0,normal
2026-10-06 13:44:16,69.30452499529784,0.09310285090728575,0,normal
2026-10-06 13:44:17,67.12053869493786,0.09739258740615192,0,normal
2026-10-06 13:44:18,67.57870829064692,0.1190641365551339,0,normal
2026-10-06 13:44:19,66.42846769074485,0.04360125057033256,0,normal
2026-10-06 13:44:20,66.88852497848248,0.10686462278326782,0,normal
2026-10-06 13:44:21,66.41898581437415,0.11367082396691588,0,normal
2026-10-06 13:44:22,68.8017806955846,0.07072213335828745,0,normal
2026-10-06 13:44:23,65.67167997835858,0.07135876105357636,0,normal
2026-10-06 13:44:24,68.25259738630668,0.0897549827014187,0,normal
2026-10-06 13:44:25,69.4120085732083,0.08554949468089307,0,normal
2026-10-06 13:44:26,67.96590537093205,0.08402300494837953,0,normal
2026-10-06 13:44:27,70.8750449975677,0.03312954176115576,0,normal
2026-10-06 13:44:28,70.26959650899498,0.05312663290743652,0,normal
2026-10-06 13:44:29,68.8204119934999,0.01934565643740485,0,normal
2026-10-06 13:44:30,67.9771547687122,0.08028038377413885,0,normal
2026-10-06 13:44:31,66.2207026848967,0.062110717643998205,0,normal
2026-10-06 13:44:32,66.29523966728568,0.08624662891742663,0,normal
2026-10-06 13:44:33,69.19154927856962,0.019459503961465147,0,normal
2026-10-06 13:44:34,66.54505227808767,0.07382659769345895,0,normal
2026-10-06 13:44:35,66.96287149418855,0.06869291868186991,0,normal
2026-10-06 13:44:36,68.25053201604305,0.0756132628116415,0,normal
2026-10-06 13:44:37,69.97017424699618,0.0801133055116772,0,normal
2026-10-06 13:44:38,69.09377025081082,0.0823938337758172,0,normal
2026-10-06 13:44:39,68.55398562070329,0.10344614351671061,0,normal
2026-10-06 13:44:40,69.97068257059318,0.09765987576052289,0,normal
2026-10-06 13:44:41,66.2533314048328,0.0636222054516171,0,normal
2026-10-06 13:44:42,66.17083834028233,0.07797107011093371,0,normal
2026-10-06 13:44:43,68.62559642409867,0.06485857054898095,0,normal
2026-10-06 13:44:44,66.54156595910366,0.0893725109274168,0,normal
2026-10-06 13:44:45,66.8729518773978,0.074461735312694,0,normal
2026-10-06 13:44:46,66.79717308565999,0.10103404015436256,0,normal
2026-10-06 13:44:47,67.26078403165569,0.0753529049337827,0,normal
2026-10-06 13:44:48,64.53103667504092,0.08242380213576003,0,normal
2026-10-06 13:44:49,67.17394441056418,0.07598777716163824,0,normal
2026-10-06 13:44:50,67.60487546650434,0.09413401126483867,0,normal
2026-10-06 13:44:51,66.94479380793955,0.06649359565461675,0,normal
2026-10-06 13:44:52,70.7020985698557,0.08558777643539361,0,normal
2026-10-06 13:44:53,68.51532293892471,0.10595775672186264,0,normal
2026-10-06 13:44:54,67.35633928472555,0.0675535510200956,0,normal
2026-10-06 13:44:55,65.58788584088778,0.10757162840770865,0,normal
2026-10-06 13:44:56,62.826117017812706,0.045204803120995576,0,normal
2026-10-06 13:44:57,64.67638418468479,0.08099578957363156,0,normal
2026-10-06 13:44:58,63.60913723016555,0.04409754807216897,0,normal
2026-10-06 13:44:59,67.04311870839351,0.09766717867098416,0,normal
2026-10-06 13:45:00,65.70372080320855,0.12762254389288125,0,normal
2026-10-06 13:45:01,71.31771675254869,0.043698548641625944,0,normal
2026-10-06 13:45:02,68.89889564353385,0.11091072778091714,0,normal
2026-10-06 13:45:03,68.91454172303742,0.05681954804891308,0,normal
2026-10-06 13:45:04,67.32192261013402,0.07287036692139803,0,normal
2026-10-06 13:45:05,65.90624160359133,0.1224932316911844,0,normal
2026-10-06 13:45:06,68.38257471270052,0.04927354069698074,0,normal
2026-10-06 13:45:07,64.72182638536552,0.07149538296091988,0,normal
2026-10-06 13:45:08,63.79780429479119,0.0758684705852863,0,normal
2026-10-06 13:45:09,63.53592567397357,0.06315186534048185,0,normal
2026-10-06 13:45:10,68.46151930948007,0.10996062396153186,0,normal
2026-10-06 13:45:11,67.65166004613837,0.12514464215435167,0,normal
2026-10-06 13:45:12,65.54130495126047,0.08178540613635628,0,normal
2026-10-06 13:45:13,69.2199778644727,0.11668632252084035,0,normal
2026-10-06 13:45:14,68.7508849792783,0.06764528084739675,0,normal
2026-10-06 13:45:15,71.24853509712176,0.1462736460163619,0,normal
2026-10-06 13:45:16,66.60088599003859,0.07480196742760369,0,normal
2026-10-06 13:45:17,68.20263395010622,0.06419806755467478,0,normal
2026-10-06 13:45:18,66.13742269762136,0.09137558957450849,0,normal
2026-10-06 13:45:19,65.84272394191704,0.10005039556482201,0,normal
2026-10-06 13:45:20,68.35343062138342,0.0574876055841771,0,normal
2026-10-06 13:45:21,69.18548186092717,0.13038549475161187,0,normal
2026-10-06 13:45:22,65.99338352923483,0.045010834725013514,0,normal
2026-10-06 13:45:23,64.81266163035146,0.08443697686976578,0,normal
2026-10-06 13:45:24,67.51196886677731,0.12371274646873118,0,normal
2026-10-06 13:45:25,67.87971033820119,0.07376756172223563,0,normal
2026-10-06 13:45:26,66.34093988908884,0.05892385821948676,0,normal
2026-10-06 13:45:27,66.26604089447636,0.12283554208672952,0,normal
2026-10-06 13:45:28,67.16834909558546,0.08500416994790544,0,normal
2026-10-06 13:45:29,71.18635629890511,0.1233795431521638,0,normal
2026-10-06 13:45:30,65.86202218395951,0.11986440274366887,0,normal
2026-10-06 13:45:31,65.6262094747549,0.0888432387235785,0,normal
2026-10-06 13:45:32,66.75596431040225,0.12705385845978595,0,normal
2026-10-06 13:45:33,63.76171339191641,0.05782212125909392,0,normal
2026-10-06 13:45:34,66.17488999438027,0.0644993331308971,0,normal
2026-10-06 13:45:35,66.71378367357698,0.06162550829116176,0,normal
2026-10-06 13:45:36,70.32760982382098,0.07295589715511146,0,normal
2026-10-06 13:45:37,72.72570580577931,0.1105614325711565,0,normal
2026-10-06 13:45:38,68.6443500927571,0.07930826766223453,0,normal
2026-10-06 13:45:39,69.1658208638347,0.05918144277470792,0,normal
2026-10-06 13:45:40,70.51639888234808,0.06462910951385695,0,normal
2026-10-06 13:45:41,67.53557612283765,0.02785924741766744,0,normal
2026-10-06 13:45:42,68.23921855423283,0.07579594098732068,0,normal
2026-10-06 13:45:43,66.0784886614752,0.07099239006410439,0,normal
2026-10-06 13:45:44,65.73714000733416,0.0746309562047625,0,normal
2026-10-06 13:45:45,64.37802152125704,0.0661642515899785,0,normal
2026-10-06 13:45:46,63.68641834335712,0.07633876013276085,0,normal
2026-10-06 13:45:47,65.5607371919831,0.10359501467352189,0,normal
2026-10-06 13:45:48,62.92099178254996,0.07725274580844711,0,normal
2026-10-06 13:45:49,68.48408643964943,0.06384967219490886,0,normal
2026-10-06 13:45:50,69.26102085000436,0.09258536937037767,0,normal
2026-10-06 13:45:51,69.33201137901659,0.061010953403910675,0,normal
2026-10-06 13:45:52,70.47073147036055,0.08749472404843792,0,normal
2026-10-06 13:45:53,65.84545713075693,0.07350556966228665,0,normal
2026-10-06 13:45:54,68.30285096456663,0.1181078150585898,0,normal
2026-10-06 13:45:55,70.28127443880844,0.04273056837164679,0,normal
2026-10-06 13:45:56,67.6686748108655,0.08286054644920493,0,normal
2026-10-06 13:45:57,67.65059235201181,0.046373478842974394,0,normal
2026-10-06 13:45:58,64.73918560715974,0.08713695979844002,0,normal
2026-10-06 13:45:59,68.72351339273192,0.05003821089148855,0,normal
2026-10-06 13:46:00,69.53238927178073,0.08687397773658984,0,normal
2026-10-06 13:46:01,69.07716907012451,0.07364982044402431,0,normal
2026-10-06 13:46:02,66.75714892885307,0.07313836542529877,0,normal
2026-10-06 13:46:03,68.45193618028256,0.07059962887377451,0,normal
2026-10-06 13:46:04,67.84115306914437,0.0655417897325852,0,normal
2026-10-06 13:46:05,69.37507062687583,0.07285928531229403,0,normal
2026-10-06 13:46:06,67.36842217081266,0.03945957649476611,0,normal
2026-10-06 13:46:07,67.59754080097004,0.0966905144375077,0,normal
2026-10-06 13:46:08,65.43714609084415,0.07188199831027538,0,normal
2026-10-06 13:46:09,64.0544625600936,0.0387369310752677,0,normal
2026-10-06 13:46:10,68.31576536095434,0.07697591530030422,0,normal
2026-10-06 13:46:11,64.4718967436154,0.09957798841073066,0,normal
2026-10-06 13:46:12,70.14403519294186,0.027221791164024407,0,normal
2026-10-06 13:46:13,69.26260019079706,0.047296789965907145,0,normal
2026-10-06 13:46:14,71.64584734027056,0.04551597768067701,0,normal
2026-10-06 13:46:15,70.10064018408362,0.12151122178989662,0,normal
2026-10-06 13:46:16,70.1536173245306,0.026080163209952274,0,normal
2026-10-06 13:46:17,70.57216503011021,0.055526601083662634,0,normal
2026-10-06 13:46:18,68.4981825704144,0.0783846495390265,0,normal
2026-10-06 13:46:19,64.79179017364446,0.11702498832735544,0,normal
2026-10-06 13:46:20,65.51952833634353,0.10037573685074148,0,normal
2026-10-06 13:46:21,64.65437554399975,0.0773924324752225,0,normal
2026-10-06 13:46:22,64.10181967080945,0.08890663384096548,0,normal
2026-10-06 13:46:23,68.33482344043652,0.05536011427947535,0,normal
2026-10-06 13:46:24,68.22886309562965,0.0809320766148138,0,normal
2026-10-06 13:46:25,67.79658081506186,0.03324181399658002,0,normal
2026-10-06 13:46:26,70.14294025473335,0.10110663998366641,0,normal
2026-10-06 13:46:27,66.77784520136069,0.08209617025579799,0,normal
2026-10-06 13:46:28,70.69903732361944,0.06727655775124512,0,normal
2026-10-06 13:46:29,68.66667707435076,0.11535320784586886,0,normal
2026-10-06 13:46:30,66.15439626685665,0.08571767074480781,0,normal
2026-10-06 13:46:31,70.02074067837722,0.08188800131651267,0,normal
2026-10-06 13:46:32,66.24867179252406,0.06883888347812285,0,normal
2026-10-06 13:46:33,64.38226414821096,0.09222963979158952,0,normal
2026-10-06 13:46:34,65.18772622063115,0.06931917018774997,0,normal
2026-10-06 13:46:35,65.93888408709918,0.11340487586791961,0,normal
2026-10-06 13:46:36,67.81230356725085,0.053662967108055556,0,normal
2026-10-06 13:46:37,70.18512351650244,0.0594481516393605,0,normal
2026-10-06 13:46:38,70.8697335714528,0.08994385705072128,0,normal
2026-10-06 13:46:39,67.93987784220647,0.06843385722331388,0,normal
2026-10-06 13:46:40,69.16567892731375,0.11054433379494169,0,normal
2026-10-06 13:46:41,67.52031578691779,0.041446405962689434,0,normal
2026-10-06 13:46:42,66.31950085862115,0.07877888788766034,0,normal
2026-10-06 13:46:43,67.2754937365717,0.05785246354773836,0,normal
2026-10-06 13:46:44,67.08074907848321,0.09366566705807679,0,normal
2026-10-06 13:46:45,66.8242799321848,0.0090252807803472,0,normal
2026-10-06 13:46:46,67.92838150126953,0.10522518772280708,0,normal
2026-10-06 13:46:47,68.5871932412547,0.12189986517210684,0,normal
2026-10-06 13:46:48,67.761530385459,0.07658841134041958,0,normal
2026-10-06 13:46:49,69.19286762244441,0.06273080650840945,0,normal
2026-10-06 13:46:50,71.2634373407202,0.10875500461635604,0,normal
2026-10-06 13:46:51,71.13814580125972,0.06237153884148609,0,normal
2026-10-06 13:46:52,70.17744155097492,0.07792352744458182,0,normal
2026-10-06 13:46:53,69.54282859901136,0.07827797272267852,0,normal
2026-10-06 13:46:54,68.34696323878647,0.09329694432295463,0,normal
2026-10-06 13:46:55,68.56438727287681,0.10589946870894128,0,normal
2026-10-06 13:46:56,66.90091092001235,0.060020625158285185,0,normal
2026-10-06 13:46:57,66.97633766315744,0.04403732977096701,0,normal
2026-10-06 13:46:58,64.83667075799129,0.06438952054383754,0,normal
2026-10-06 13:46:59,65.41493959415862,0.07422832129702128,0,normal
2026-10-06 13:47:00,68.02992236467144,0.0865585905205872,0,normal
2026-10-06 13:47:01,68.25980691364197,0.08690182661937268,0,normal
2026-10-06 13:47:02,70.41995102824346,0.09099393174569237,0,normal
2026-10-06 13:47:03,70.36962521718907,0.0624062958552156,0,normal
2026-10-06 13:47:04,70.29674037320156,0.06569318981539576,0,normal
2026-10-06 13:47:05,68.34915748231029,0.09216864779700976,0,normal
2026-10-06 13:47:06,63.93433250410145,0.08693936546562914,0,normal
2026-10-06 13:47:07,68.56054331203853,0.055953439867614106,0,normal
2026-10-06 13:47:08,67.68902085265324,0.07422720595879857,0,normal
2026-10-06 13:47:09,68.45991377290008,0.10737844355962045,0,normal
2026-10-06 13:47:10,67.30704469033074,0.05888358203892827,0,normal
2026-10-06 13:47:11,66.78233736704877,0.07445680286890007,0,normal
2026-10-06 13:47:12,65.60792631313986,0.0810448043189749,0,normal
2026-10-06 13:47:13,70.29159164456104,0.06501432228946552,0,normal
2026-10-06 13:47:14,71.9788079650991,0.06474082205045482,0,normal
2026-10-06 13:47:15,68.26036690660946,0.08698296919245056,0,normal
2026-10-06 13:47:16,71.07619077890783,0.08742393264903581,0,normal
2026-10-06 13:47:17,70.46827944834055,0.09552436570966012,0,normal
2026-10-06 13:47:18,67.44643701627176,0.11802028230605947,0,normal
2026-10-06 13:47:19,67.9458374731755,0.053441795310664814,0,normal
2026-10-06 13:47:20,67.3791172912003,0.06861600068431485,0,normal
2026-10-06 13:47:21,66.68220295043068,0.10488327585920439,0,normal
2026-10-06 13:47:22,66.20401628577375,0.04332656062298037,0,normal
2026-10-06 13:47:23,65.39768567262395,0.12627338624572174,0,normal
2026-10-06 13:47:24,67.24004465691307,0.09801638274419153,0,normal
2026-10-06 13:47:25,66.4283202682807,0.10298947388861186,0,normal
2026-10-06 13:47:26,66.17038523459848,0.07781164510757219,0,normal
2026-10-06 13:47:27,66.74889224217088,0.06090151759019648,0,normal
2026-10-06 13:47:28,66.88351962004234,0.1043945469458894,0,normal
2026-10-06 13:47:29,68.11079233327621,0.13393169698070034,0,normal
2026-10-06 13:47:30,63.71076408081977,0.05750159129187722,0,normal
2026-10-06 13:47:31,66.74773623853538,0.050173359692363154,0,normal
2026-10-06 13:47:32,67.8949663309141,0.11902505137943684,0,normal
2026-10-06 13:47:33,66.56585698883329,0.08103499727237692,0,normal
2026-10-06 13:47:34,67.86698703233377,0.03610300199924381,0,normal
2026-10-06 13:47:35,65.81437748377026,0.09744366590798378,0,normal
2026-10-06 13:47:36,66.7926133595329,0.01878743684728735,0,normal
2026-10-06 13:47:37,65.73362670945501,0.10742002461961009,0,normal
2026-10-06 13:47:38,70.99317759054783,0.1299144825425418,0,normal
2026-10-06 13:47:39,70.7581338607088,0.07450831088186664,0,normal
2026-10-06 13:47:40,70.59201292180494,0.06287666752514917,0,normal
2026-10-06 13:47:41,65.74040421828444,0.036608065249656034,0,normal
2026-10-06 13:47:42,68.14067871721839,0.04819703735603267,0,normal
2026-10-06 13:47:43,67.79259188511617,0.08367166136176128,0,normal
2026-10-06 13:47:44,64.54281455805825,0.051193816499008345,0,normal
2026-10-06 13:47:45,66.82292399465388,0.05623629713150466,0,normal
2026-10-06 13:47:46,66.58177752673477,0.09775954024835218,0,normal
2026-10-06 13:47:47,66.6849508249034,0.1478036657807052,0,normal
2026-10-06 13:47:48,67.84649280780724,0.04644489131033304,0,normal
2026-10-06 13:47:49,71.2724466480957,0.08284870084818988,0,normal
2026-10-06 13:47:50,70.15957730107483,0.09989342153458378,0,normal
2026-10-06 13:47:51,68.63803375350744,0.10326859001248145,0,normal
2026-10-06 13:47:52,70.01355088673407,0.062471706793086654,0,normal
2026-10-06 13:47:53,68.6428305011559,0.04816235714536741,0,normal
2026-10-06 13:47:54,68.92409706236295,0.10525745651306549,0,normal
2026-10-06 13:47:55,67.11117293169505,0.111963294920956,0,normal
2026-10-06 13:47:56,66.3777350369241,0.05031663466232703,0,normal
2026-10-06 13:47:57,68.16511950918273,0.06761203197353313,0,normal
2026-10-06 13:47:58,65.94921347165356,0.06683015592397208,0,normal
2026-10-06 13:47:59,68.566109548234,0.026264291061704866,0,normal
2026-10-06 13:48:00,69.62578443236436,0.07753283485589126,0,normal
2026-10-06 13:48:01,68.64945861859138,0.10005991725011279,0,normal
2026-10-06 13:48:02,69.16793502959284,0.035030061838009614,0,normal
2026-10-06 13:48:03,69.3890906024377,0.14966861237392026,0,normal
2026-10-06 13:48:04,68.8436825707685,0.11770156986868689,0,normal
2026-10-06 13:48:05,70.79894921661156,0.07122576621549333,0,normal
2026-10-06 13:48:06,68.03029048784232,0.1251028157975581,0,normal
2026-10-06 13:48:07,66.61740776011625,0.08269693110935292,0,normal
2026-10-06 13:48:08,67.2524012280895,0.09357127651960254,0,normal
2026-10-06 13:48:09,66.00269058161638,0.0396032747808462,0,normal
2026-10-06 13:48:10,67.16170745402233,0.0802975080889255,0,normal
2026-10-06 13:48:11,67.92483064819433,0.08034851992477887,0,normal
2026-10-06 13:48:12,68.4712933348272,0.07975583411508383,0,normal
2026-10-06 13:48:13,69.37583870739365,0.10423136012974556,0,normal
2026-10-06 13:48:14,68.19613308473696,0.08305038931443384,0,normal
2026-10-06 13:48:15,68.95780646704873,0.08920270777314167,0,normal
2026-10-06 13:48:16,70.84187916008014,0.09233773876671983,0,normal
2026-10-06 13:48:17,68.62001936114905,0.07407030357701248,0,normal
2026-10-06 13:48:18,67.95841364953681,0.09903329565226693,0,normal
2026-10-06 13:48:19,67.01312181647859,0.09094960580174496,0,normal
2026-10-06 13:48:20,113.80063071683742,0.05817323084639095,1,spike
2026-10-06 13:48:21,111.34902120602501,0.05471747962386632,1,spike
2026-10-06 13:48:22,112.78479464766883,0.03309871042809904,1,spike
2026-10-06 13:48:23,112.6641296777463,0.03981561854199554,1,spike
2026-10-06 13:48:24,116.22013452549632,0.0602225182064777,1,spike
2026-10-06 13:48:25,70.07299540741619,0.07616575644741282,0,normal
2026-10-06 13:48:26,70.27201880943765,0.07138042813103104,0,normal
2026-10-06 13:48:27,67.01968873532888,0.14002412984102303,0,normal
2026-10-06 13:48:28,67.50666373666937,0.04473107769353243,0,normal
2026-10-06 13:48:29,69.01070164544022,0.06807487226424526,0,normal
2026-10-06 13:48:30,69.28942658277731,0.08999077025047,0,normal
2026-10-06 13:48:31,66.66813731732968,0.08965991876640855,0,normal
2026-10-06 13:48:32,68.17959987249714,0.052526473329517084,0,normal
2026-10-06 13:48:33,65.57910414666036,0.06155544676376018,0,normal
2026-10-06 13:48:34,68.06524269674969,0.06142235669229819,0,normal
2026-10-06 13:48:35,67.05205722319637,0.09875849969582028,0,normal
2026-10-06 13:48:36,68.93829020952009,0.08846166634662114,0,normal
2026-10-06 13:48:37,69.7396744000202,0.12541188825520466,0,normal
2026-10-06 13:48:38,69.53175812297698,0.13822647948499023,0,normal
2026-10-06 13:48:39,70.33252401397189,0.12179742396517321,0,normal
2026-10-06 13:48:40,72.91917541380299,0.10165927490673737,0,normal
2026-10-06 13:48:41,69.33683636052017,0.10481548371263875,0,normal
2026-10-06 13:48:42,68.13469707567785,0.07280264437828574,0,normal
2026-10-06 13:48:43,68.11113455344093,0.06520960743335932,0,normal
2026-10-06 13:48:44,65.55729502143392,0.09413613770191306,0,normal
2026-10-06 13:48:45,65.52349429940672,0.09835245186602981,0,normal
2026-10-06 13:48:46,67.185262719569,0.07321849557626958,0,normal
2026-10-06 13:48:47,66.58513448595059,0.0664410601799032,0,normal
2026-10-06 13:48:48,69.00434780210733,0.047041627095155907,0,normal
2026-10-06 13:48:49,69.82233463581119,0.044957741810576005,0,normal
2026-10-06 13:48:50,68.65947150963054,0.05466085725942832,0,normal
2026-10-06 13:48:51,68.25279400389009,0.09496104428740351,0,normal
2026-10-06 13:48:52,69.71585197735189,0.06746033791474643,0,normal
2026-10-06 13:48:53,66.77110984568266,0.067398399189282,0,normal
2026-10-06 13:48:54,66.58742162842599,0.08854429196109007,0,normal
2026-10-06 13:48:55,67.6956620272574,0.12975192829008345,0,normal
2026-10-06 13:48:56,65.98388704314337,0.060087670315741304,0,normal
2026-10-06 13:48:57,66.88684621393203,0.10216550322344539,0,normal
2026-10-06 13:48:58,64.17296874248889,0.08899826754238657,0,normal
2026-10-06 13:48:59,66.91003475869839,0.1100412219915852,0,normal
2026-10-06 13:49:00,68.25584067402123,0.07774009814243656,0,normal
2026-10-06 13:49:01,67.49929006524518,0.10993454088977585,0,normal
2026-10-06 13:49:02,67.86123170338996,0.08070975103507934,0,normal
2026-10-06 13:49:03,68.65121367657801,0.11574583059563609,0,normal
2026-10-06 13:49:04,69.89634256570243,0.08133863402155662,0,normal
2026-10-06 13:49:05,67.9549256501764,0.06230112504145362,0,normal
2026-10-06 13:49:06,69.49761893360133,0.07243104249282084,0,normal
2026-10-06 13:49:07,68.22021718671371,0.07389448766768549,0,normal
2026-10-06 13:49:08,67.33018007835554,0.05813334583301359,0,normal
2026-10-06 13:49:09,67.12681621144145,0.17408972881591844,0,normal
2026-10-06 13:49:10,67.7891679863434,0.053753775254803224,0,normal
2026-10-06 13:49:11,66.77472243379674,0.08949413575045374,0,normal
2026-10-06 13:49:12,68.73784588805015,0.08284421840534027,0,normal
2026-10-06 13:49:13,67.73020541148978,0.06559637125313345,0,normal
2026-10-06 13:49:14,69.54297812718399,0.0683185942170034,0,normal
2026-10-06 13:49:15,69.17292967874714,0.09578886930080976,0,normal
2026-10-06 13:49:16,69.54823064119385,0.11762773454177183,0,normal
2026-10-06 13:49:17,70.54745914593127,0.11424910573101826,0,normal
2026-10-06 13:49:18,67.86800741566282,0.0759919683486729,0,normal
2026-10-06 13:49:19,67.53866473870728,0.0549708850919437,0,normal
2026-10-06 13:49:20,68.08443077701483,0.06609222976272719,0,normal
2026-10-06 13:49:21,64.41824484624662,0.05310727422322392,0,normal
2026-10-06 13:49:22,67.12988026374529,0.10258678051845026,0,normal
2026-10-06 13:49:23,66.66363665650775,0.059306910019106554,0,normal
2026-10-06 13:49:24,66.04397607475055,0.04715647343605414,0,normal
2026-10-06 13:49:25,70.24963555067417,0.031082794036640854,0,normal
2026-10-06 13:49:26,70.03725057027492,0.09924674010099392,0,normal
2026-10-06 13:49:27,71.03599936272465,0.0810103360558891,0,normal
2026-10-06 13:49:28,69.68813391305518,0.07567678765239794,0,normal
2026-10-06 13:49:29,69.30584103844365,0.07815976211346495,0,normal
2026-10-06 13:49:30,69.42690825639112,0.061938669258403994,0,normal
2026-10-06 13:49:31,66.7923069178102,0.11456943527070448,0,normal
2026-10-06 13:49:32,65.45035915632569,0.10505614717772785,0,normal
2026-10-06 13:49:33,66.64418489196251,0.12662927839319416,0,normal
2026-10-06 13:49:34,65.12062993401943,0.08997843517006968,0,normal
2026-10-06 13:49:35,67.69033420648857,0.030523366464578552,0,normal
2026-10-06 13:49:36,65.86758501220302,0.06583975696278334,0,normal
2026-10-06 13:49:37,70.47970332849162,0.055747166455844835,0,normal
2026-10-06 13:49:38,69.29672103406072,0.09440941124733573,0,normal
2026-10-06 13:49:39,69.0077490786753,0.09385687480418421,0,normal
2026-10-06 13:49:40,69.7401302880202,0.05223971192556759,0,normal
2026-10-06 13:49:41,68.97151388321586,0.0813259700777596,0,normal
2026-10-06 13:49:42,70.87983896534085,0.10127176786326933,0,normal
2026-10-06 13:49:43,69.34010122272974,0.08154766561675314,0,normal
2026-10-06 13:49:44,66.30216719710847,0.06885011229022242,0,normal
2026-10-06 13:49:45,66.22914467519466,0.02371639292166227,0,normal
2026-10-06 13:49:46,62.91824154759748,0.06215430844766755,0,normal
2026-10-06 13:49:47,67.6339918826499,0.10235435853356312,0,normal
2026-10-06 13:49:48,68.24862680472188,0.08914171007766988,0,normal
2026-10-06 13:49:49,66.36778500050448,0.08621203671741803,0,normal
2026-10-06 13:49:50,68.40345903745623,0.10390113269962685,0,normal
2026-10-06 13:49:51,68.9885743825047,0.06202443782313671,0,normal
2026-10-06 13:49:52,68.31473425817879,0.07734619613133983,0,normal
2026-10-06 13:49:53,69.09220034413653,0.08294392138235467,0,normal
2026-10-06 13:49:54,71.65450454786648,0.09323547332722812,0,normal
2026-10-06 13:49:55,67.59210122686858,0.039994028201236605,0,normal
2026-10-06 13:49:56,66.6249642833326,0.09488535893771542,0,normal
2026-10-06 13:49:57,68.7257097261957,0.07484275713677367,0,normal
2026-10-06 13:49:58,64.50967740670843,0.07884863787722177,0,normal
2026-10-06 13:49:59,68.2131328249664,0.05921214776062933,0,normal
2026-10-06 13:50:00,70.07031674051402,0.1044401190756582,0,normal
2026-10-06 13:50:01,69.66048864933109,0.10454815543110131,0,normal
2026-10-06 13:50:02,69.17576304968829,0.09659673779689622,0,normal
2026-10-06 13:50:03,71.93091324407716,0.08237369544079141,0,normal
2026-10-06 13:50:04,69.12044511952993,0.13911494033051552,0,normal
2026-10-06 13:50:05,69.0,0.05255396659355541,1,dropout
2026-10-06 13:50:06,69.0,0.057591621514130706,1,dropout
2026-10-06 13:50:07,69.0,0.029957211570168386,1,dropout
2026-10-06 13:50:08,69.0,0.037404923788610996,1,dropout
2026-10-06 13:50:09,69.0,0.0470208215213752,1,dropout
2026-10-06 13:50:10,69.0,0.05456998377973192,1,dropout
2026-10-06 13:50:11,69.0,0.055919706256179286,1,dropout
2026-10-06 13:50:12,69.0,0.052552268949177104,1,dropout
2026-10-06 13:50:13,69.0,0.04331709551170159,1,dropout
2026-10-06 13:50:14,69.0,0.04926539627597843,1,dropout
2026-10-06 13:50:15,69.0,0.03252506640149999,1,dropout
2026-10-06 13:50:16,69.0,0.031089934744259244,1,dropout
2026-10-06 13:50:17,69.0,0.049374743651656894,1,dropout
2026-10-06 13:50:18,69.0,0.04295524794540548,1,dropout
2026-10-06 13:50:19,69.0,0.053978307154682006,1,dropout
2026-10-06 13:50:20,69.0,0.04999306839608849,1,dropout
2026-10-06 13:50:21,69.0,0.051351890672232225,1,dropout
2026-10-06 13:50:22,69.0,0.04438742465222664,1,dropout
2026-10-06 13:50:23,69.0,0.048024781422467994,1,dropout
2026-10-06 13:50:24,69.0,0.0647231313359358,1,dropout
2026-10-06 13:50:25,69.0,0.057624539522190696,1,dropout
2026-10-06 13:50:26,69.0,0.03697025308609097,1,dropout
2026-10-06 13:50:27,70.01988457556796,0.027201388552788336,0,normal
2026-10-06 13:50:28,66.99626910064785,0.04746360205405294,0,normal
2026-10-06 13:50:29,67.79290806857631,0.10092121419542618,0,normal
2026-10-06 13:50:30,66.2143810866602,0.09791307929268192,0,normal
2026-10-06 13:50:31,68.46072878711765,0.09713049736066162,0,normal
2026-10-06 13:50:32,67.13425760215608,0.09477306468264982,0,normal
2026-10-06 13:50:33,66.36976895929259,0.07143639025927415,0,normal
2026-10-06 13:50:34,65.46599274919666,0.09773086850465232,0,normal
2026-10-06 13:50:35,65.66133203277928,0.08440508977669932,0,normal
2026-10-06 13:50:36,67.8286408221823,0.10720120513742037,0,normal
2026-10-06 13:50:37,68.77561660534904,0.08581042974288311,0,normal
2026-10-06 13:50:38,70.06725617113064,0.11681547380304122,0,normal
2026-10-06 13:50:39,68.4072958308999,0.05044754272195707,0,normal
2026-10-06 13:50:40,67.64337715644939,0.09755837489705572,0,normal
2026-10-06 13:50:41,69.62176838082954,0.06428769751536145,0,normal
2026-10-06 13:50:42,66.40649028818919,0.05526239066299139,0,normal
2026-10-06 13:50:43,69.50842136818537,0.05788139638368853,0,normal
2026-10-06 13:50:44,65.81334898908011,0.04935206522658041,0,normal
2026-10-06 13:50:45,65.23933269596799,0.02698073021157478,0,normal
2026-10-06 13:50:46,69.35696121825485,0.049126013270645516,0,normal
2026-10-06 13:50:47,66.22226400695074,0.11858367413079268,0,normal
2026-10-06 13:50:48,68.49234232565553,0.08026563724178208,0,normal
2026-10-06 13:50:49,67.66751210405006,0.06460339924058353,0,normal
2026-10-06 13:50:50,69.08976684073245,0.07838607465123681,0,normal
2026-10-06 13:50:51,68.40107703526262,0.10215158447711874,0,normal
2026-10-06 13:50:52,67.23605443600152,0.08575055856966621,0,normal
2026-10-06 13:50:53,66.76027993234916,0.1300133018752561,0,normal
2026-10-06 13:50:54,68.12507349045043,0.08781801040214231,0,normal
2026-10-06 13:50:55,65.66331730877909,0.08532046066894762,0,normal
2026-10-06 13:50:56,67.10192977278898,0.08562111352393387,0,normal
2026-10-06 13:50:57,67.86079754296935,0.09904752146666351,0,normal
2026-10-06 13:50:58,65.69294391695045,0.06521394902471782,0,normal
2026-10-06 13:50:59,68.25730458642298,0.07278921036968143,0,normal
2026-10-06 13:51:00,68.8848758250042,0.04250077347315792,0,normal
2026-10-06 13:51:01,67.61857970414921,0.07433873534409928,0,normal
2026-10-06 13:51:02,70.9493621537311,0.04465396917934918,0,normal
2026-10-06 13:51:03,68.91605860239639,0.028980546040903103,0,normal
2026-10-06 13:51:04,68.63877984656197,0.0698290497745373,0,normal
2026-10-06 13:51:05,67.46530532700565,0.09441489786173515,0,normal
2026-10-06 13:51:06,69.06636515480392,0.07758241597756475,0,normal
2026-10-06 13:51:07,67.58185184498721,0.12689749598424546,0,normal
2026-10-06 13:51:08,64.57698607071492,0.04148943371004471,0,normal
2026-10-06 13:51:09,67.80062427436181,0.11795887823853408,0,normal
2026-10-06 13:51:10,65.4243595955728,0.12887272427822116,0,normal
2026-10-06 13:51:11,67.64132091608234,0.0638806321616655,0,normal
2026-10-06 13:51:12,67.22809838586464,0.08899271995805763,0,normal
2026-10-06 13:51:13,70.40537099594094,0.06626327357298345,0,normal
2026-10-06 13:51:14,70.16836050691795,0.08232842930728852,0,normal
2026-10-06 13:51:15,67.63482852192517,0.08579123765556425,0,normal
2026-10-06 13:51:16,68.2671399664135,0.08006844009544566,0,normal
2026-10-06 13:51:17,69.19922182158004,0.07048865044009327,0,normal
2026-10-06 13:51:18,69.57297464062096,0.09741669226302238,0,normal
2026-10-06 13:51:19,66.52359359213528,0.07523159205460722,0,normal
2026-10-06 13:51:20,66.56030935862213,0.10501687740103526,0,normal
2026-10-06 13:51:21,69.01975894244964,0.09327117924781914,0,normal
2026-10-06 13:51:22,68.93668868349467,0.0664715297446109,0,normal
2026-10-06 13:51:23,67.1813670388393,0.029842857890540503,0,normal
2026-10-06 13:51:24,65.7256990792757,0.11867615354836226,0,normal
2026-10-06 13:51:25,68.84509642885746,0.08053938612894676,0,normal
2026-10-06 13:51:26,68.07897344180698,0.05789337320683709,0,normal
2026-10-06 13:51:27,70.6681921173543,0.06111495025674636,0,normal
2026-10-06 13:51:28,67.97744087287084,0.11048493141904672,0,normal
2026-10-06 13:51:29,68.2423234130685,0.11640890126345885,0,normal
2026-10-06 13:51:30,66.6236620328828,0.09507884058541624,0,normal
2026-10-06 13:51:31,67.03217950784266,0.0969886238423164,0,normal
2026-10-06 13:51:32,69.79630445980007,0.07482996728054354,0,normal
2026-10-06 13:51:33,65.65073153414615,0.1012919736725591,0,normal
2026-10-06 13:51:34,66.75734507232968,0.047271104695580164,0,normal
2026-10-06 13:51:35,65.4912580599779,0.06084527879178116,0,normal
2026-10-06 13:51:36,67.9560188852074,0.07502346350126916,0,normal
2026-10-06 13:51:37,70.55158431145043,0.12185476880219683,0,normal
2026-10-06 13:51:38,71.56347429993615,0.12639515465371032,0,normal
2026-10-06 13:51:39,70.79762208862397,0.08207010444205894,0,normal
2026-10-06 13:51:40,71.16626779143797,0.06064360042633754,0,normal
2026-10-06 13:51:41,70.04041916896642,0.1272176787138336,0,normal
2026-10-06 13:51:42,69.05124456933144,0.045151713482153626,0,normal
2026-10-06 13:51:43,65.96870625215013,0.051597808958267224,0,normal
2026-10-06 13:51:44,67.06609083344529,0.08416152678609701,0,normal
2026-10-06 13:51:45,67.63673069633836,0.09739356904346225,0,normal
2026-10-06 13:51:46,66.41084818650633,0.07365704616460013,0,normal
2026-10-06 13:51:47,65.50763722925957,0.046551490359214284,0,normal
2026-10-06 13:51:48,67.6343093830492,0.09012364554247879,0,normal
2026-10-06 13:51:49,66.7804806071558,0.060537885853313766,0,normal
2026-10-06 13:51:50,70.60979583141089,0.09619111539723046,0,normal
2026-10-06 13:51:51,70.31407030188244,0.10887605060445704,0,normal
2026-10-06 13:51:52,72.6028525663497,0.07432541568315842,0,normal
2026-10-06 13:51:53,69.94218272621339,0.09760994428370705,0,normal
2026-10-06 13:51:54,67.46297354012553,0.07506489591735872,0,normal
2026-10-06 13:51:55,68.85626163504647,0.09507638218291524,0,normal
2026-10-06 13:51:56,64.49849470541952,0.0622949546724293,0,normal
2026-10-06 13:51:57,64.56718466343715,0.08818382946447799,0,normal
2026-10-06 13:51:58,66.39713135727581,0.10967246967041913,0,normal
2026-10-06 13:51:59,67.14775758661521,0.08810428441994528,0,normal
2026-10-06 13:52:00,68.40966970059274,0.054128820927197244,0,normal
2026-10-06 13:52:01,70.88948787545115,0.0820041669000099,0,normal
2026-10-06 13:52:02,68.31486611855462,0.06898274756434172,0,normal
2026-10-06 13:52:03,71.36713074674546,0.08658582903319538,0,normal
2026-10-06 13:52:04,70.02103077346764,0.09421055980976473,0,normal
2026-10-06 13:52:05,73.21276699021155,0.05885043123291156,0,normal
2026-10-06 13:52:06,68.96886058764483,0.0824081606769382,0,normal
2026-10-06 13:52:07,65.20762075254294,0.07696794237548346,0,normal
2026-10-06 13:52:08,66.66810865519679,0.06616055576657262,0,normal
2026-10-06 13:52:09,66.9820126386509,0.06005597880749705,0,normal
2026-10-06 13:52:10,64.83708422715283,0.04321986024679712,0,normal
2026-10-06 13:52:11,67.45004451381136,0.0775612931389597,0,normal
2026-10-06 13:52:12,63.76553076012889,0.026092257547446825,0,normal
2026-10-06 13:52:13,71.49717247048615,0.09984669277432139,0,normal
2026-10-06 13:52:14,68.44901452172614,0.05515557018859904,0,normal
2026-10-06 13:52:15,68.36109187495006,0.08775311764011554,0,normal
2026-10-06 13:52:16,68.5972064636676,0.08482623796593658,0,normal
2026-10-06 13:52:17,69.24983470694804,0.04745802745935475,0,normal
2026-10-06 13:52:18,65.96089834254774,0.05931429397686537,0,normal
2026-10-06 13:52:19,68.52356921947691,0.050568866376464745,0,normal
2026-10-06 13:52:20,65.78150671229344,0.09549850401527782,0,normal
2026-10-06 13:52:21,64.36886899802903,0.11986884783333325,0,normal
2026-10-06 13:52:22,66.2398898909641,0.10703290428049392,0,normal
2026-10-06 13:52:23,67.60669340844267,0.06620411139698024,0,normal
2026-10-06 13:52:24,68.15132606478853,0.07563938032397521,0,normal
2026-10-06 13:52:25,69.06692041390085,0.08920198233428656,0,normal
2026-10-06 13:52:26,67.28342611398128,0.11306006201305088,0,normal
2026-10-06 13:52:27,70.06147290091572,0.10116882201056766,0,normal
2026-10-06 13:52:28,68.83048086875125,0.056223992845722895,0,normal
2026-10-06 13:52:29,69.78091234371718,0.09752820051977527,0,normal
2026-10-06 13:52:30,70.64547065049341,0.10695004602212141,0,normal
2026-10-06 13:52:31,66.80008792730473,0.07950375920968247,0,normal
2026-10-06 13:52:32,66.62437560391564,0.08696753075114814,0,normal
2026-10-06 13:52:33,66.14905698465945,0.11037738780369825,0,normal
2026-10-06 13:52:34,64.28745248394094,0.12991058538140654,0,normal
2026-10-06 13:52:35,66.96637337277774,0.10898472583985751,0,normal
2026-10-06 13:52:36,66.62102508161108,0.07433736242893098,0,normal
2026-10-06 13:52:37,72.81283619737174,0.13422666943118608,0,normal
2026-10-06 13:52:38,69.27493023594572,0.09129913889050363,0,normal
2026-10-06 13:52:39,70.7558518842157,0.07547389502411232,0,normal
2026-10-06 13:52:40,69.74800381498017,0.09267748004917253,0,normal
2026-10-06 13:52:41,67.10104080963471,0.11991914463504333,0,normal
2026-10-06 13:52:42,68.75447760097225,0.07014489813530732,0,normal
2026-10-06 13:52:43,66.64737719092173,0.1023842122701507,0,normal
2026-10-06 13:52:44,67.127712824037,0.07345778131205513,0,normal
2026-10-06 13:52:45,66.5752238673159,0.08783196313632094,0,normal
2026-10-06 13:52:46,67.33970719790685,0.08762149781718483,0,normal
2026-10-06 13:52:47,66.96476577194508,0.07021927105886051,0,normal
2026-10-06 13:52:48,67.1790271148129,0.10949045255970198,0,normal
2026-10-06 13:52:49,69.23487785765114,0.0474485192479582,0,normal
2026-10-06 13:52:50,69.13182407925791,0.08014335907114675,0,normal
2026-10-06 13:52:51,70.73273618273548,0.09172439881155853,0,normal
2026-10-06 13:52:52,69.9250081940723,0.06171762196313292,0,normal
2026-10-06 13:52:53,67.51022597604175,0.0796570437591028,0,normal
2026-10-06 13:52:54,65.69299517292839,0.031010445903697947,0,normal
2026-10-06 13:52:55,67.94263376807709,0.07233497564327054,0,normal
2026-10-06 13:52:56,64.15199716392722,0.05506155688436473,0,normal
2026-10-06 13:52:57,67.00554449542021,0.07370881326024807,0,normal
2026-10-06 13:52:58,64.99048593785737,0.0997957125652573,0,normal
2026-10-06 13:52:59,65.65282815322718,0.08285002149298021,0,normal
2026-10-06 13:53:00,72.05462733654969,0.07276710289059685,0,normal
2026-10-06 13:53:01,68.65497021439744,0.042003599616231534,0,normal
2026-10-06 13:53:02,71.01568268618784,0.12045263504443496,0,normal
2026-10-06 13:53:03,68.8109555200218,0.08002428681814971,0,normal
2026-10-06 13:53:04,68.98639706617718,0.08211928995791737,0,normal
2026-10-06 13:53:05,68.91001019291255,0.0912059767282108,0,normal
2026-10-06 13:53:06,67.15717852489954,0.09146915594951187,0,normal
2026-10-06 13:53:07,69.71871436561273,0.09664984111292921,0,normal
2026-10-06 13:53:08,66.1604639866439,0.06107686241326739,0,normal
2026-10-06 13:53:09,66.71553628987017,0.06846674861936496,0,normal
2026-10-06 13:53:10,68.6635220130572,0.042960525658597114,0,normal
2026-10-06 13:53:11,66.19114193926023,0.06845087457985918,0,normal
2026-10-06 13:53:12,69.59163022313105,0.10132270666741913,0,normal
2026-10-06 13:53:13,67.67378459209348,0.039642882054015574,0,normal
2026-10-06 13:53:14,70.61999176245214,0.08304567588411935,0,normal
2026-10-06 13:53:15,67.90960979136243,0.08939988226321836,0,normal
2026-10-06 13:53:16,69.2641768471709,0.08366159216819577,0,normal
2026-10-06 13:53:17,67.00402817031707,0.11406998063307844,0,normal
2026-10-06 13:53:18,68.04143376078011,0.08249559822352526,0,normal
2026-10-06 13:53:19,68.68836742925045,0.07859860759937642,0,normal
2026-10-06 13:53:20,66.74402810621339,0.10684160153808901,0,normal
2026-10-06 13:53:21,67.38941537848905,0.07750303589400269,0,normal
2026-10-06 13:53:22,68.32835166184913,0.051704944373145864,0,normal
2026-10-06 13:53:23,68.06159229487719,0.0893139813463436,0,normal
2026-10-06 13:53:24,67.51274737601398,0.0885216457535997,0,normal
2026-10-06 13:53:25,68.98902558195071,0.1066453460970154,0,normal
2026-10-06 13:53:26,68.29581474726372,0.12327615527529004,0,normal
2026-10-06 13:53:27,70.23382573816704,0.06913846653641015,0,normal
2026-10-06 13:53:28,68.35392864996635,0.0700805749473508,0,normal
2026-10-06 13:53:29,71.15942143335185,0.03923505227116471,0,normal
2026-10-06 13:53:30,67.17777056040431,0.10149607901250433,0,normal
2026-10-06 13:53:31,64.55395584410532,0.09579107433067634,0,normal
2026-10-06 13:53:32,67.57396419461726,0.09077666987621058,0,normal
2026-10-06 13:53:33,65.97881278972883,0.09961452771841531,0,normal
2026-10-06 13:53:34,68.39446965605357,0.09443861087573428,0,normal
2026-10-06 13:53:35,68.8688445594523,0.064889362235639,0,normal
2026-10-06 13:53:36,67.32101067444212,0.10356832640634508,0,normal
2026-10-06 13:53:37,67.6820840141977,0.05953537512441475,0,normal
2026-10-06 13:53:38,70.52546034684691,0.08258012536270527,0,normal
2026-10-06 13:53:39,72.22668667453078,0.09478819949181981,0,normal
2026-10-06 13:53:40,69.53600373611091,0.07418238391453662,0,normal
2026-10-06 13:53:41,69.05613523503061,0.07345571707159293,0,normal
2026-10-06 13:53:42,67.27196884010388,0.08116944200541124,0,normal
2026-10-06 13:53:43,69.76212686959458,0.09026628126776313,0,normal
2026-10-06 13:53:44,66.50231080174979,0.09234766517610167,0,normal
2026-10-06 13:53:45,67.09114527855232,0.07694222521877302,0,normal
2026-10-06 13:53:46,67.39339558280072,0.052344436583749716,0,normal
2026-10-06 13:53:47,69.73331591852089,0.10968224546664605,0,normal
2026-10-06 13:53:48,67.96964773925069,0.0690733125197158,0,normal
2026-10-06 13:53:49,70.14294645441822,0.11386193871567468,0,normal
2026-10-06 13:53:50,70.55147489978815,0.05457384385806433,0,normal
2026-10-06 13:53:51,72.27432522261563,0.05917940674293464,0,normal
2026-10-06 13:53:52,70.35840555283121,0.06652304990353383,0,normal
2026-10-06 13:53:53,71.64391689721025,0.09665431861743178,0,normal
2026-10-06 13:53:54,69.64184682726406,0.06128892945635046,0,normal
2026-10-06 13:53:55,66.97671595038781,0.10164952932569389,0,normal
2026-10-06 13:53:56,67.70320809343906,0.10589624496551998,0,normal
2026-10-06 13:53:57,67.5155269979711,0.07686030287016804,0,normal
2026-10-06 13:53:58,66.46134044515088,0.1042062889233851,0,normal
2026-10-06 13:53:59,70.15404777069315,0.05389558746317683,0,normal
2026-10-06 13:54:00,69.05255444783054,0.10094793892089347,0,normal
2026-10-06 13:54:01,68.7324399700573,0.06122775291851501,0,normal
2026-10-06 13:54:02,68.99823488492494,0.07983838630596007,0,normal
2026-10-06 13:54:03,69.11743586302,0.06243395050957416,0,normal
2026-10-06 13:54:04,69.42985791896203,0.10101745578570942,0,normal
2026-10-06 13:54:05,65.60571621627125,0.10198610047391395,0,normal
2026-10-06 13:54:06,66.81290069291168,0.060362507713846096,0,normal
2026-10-06 13:54:07,67.5767310622305,0.09287193207315599,0,normal
2026-10-06 13:54:08,62.92105951791944,0.12255948153753901,0,normal
2026-10-06 13:54:09,69.39130161991868,0.10428877653435088,0,normal
2026-10-06 13:54:10,66.12637116494022,0.06508360667575963,0,normal
2026-10-06 13:54:11,68.17252033731603,0.11325608683018104,0,normal
2026-10-06 13:54:12,68.3666366549166,0.10230446160551583,0,normal
2026-10-06 13:54:13,69.80406959301074,0.10180111593761738,0,normal
2026-10-06 13:54:14,70.21442276395116,0.09396590420481432,0,normal
2026-10-06 13:54:15,69.40516112351155,0.058202051228454926,0,normal
2026-10-06 13:54:16,69.91208733850198,0.09373797204574184,0,normal
2026-10-06 13:54:17,69.08223892391689,0.07685700570902895,0,normal
2026-10-06 13:54:18,68.67486045757595,0.08052729050145599,0,normal
2026-10-06 13:54:19,68.26774360469068,0.0663662936688722,0,normal
2026-10-06 13:54:20,67.60650586913286,0.06913715585301937,0,normal
2026-10-06 13:54:21,69.36768968118976,0.11944548231120866,0,normal
2026-10-06 13:54:22,68.36780815865845,0.0948977187138157,0,normal
2026-10-06 13:54:23,66.79355413718372,0.07889254354693516,0,normal
2026-10-06 13:54:24,67.98223503031764,0.07172259291550652,0,normal
2026-10-06 13:54:25,67.32468702086712,0.09717036935702157,0,normal
2026-10-06 13:54:26,68.32072578659387,0.10509348654209391,0,normal
2026-10-06 13:54:27,69.83131709656456,0.0348304428519703,0,normal
2026-10-06 13:54:28,70.76264934293133,0.07673948064068097,0,normal
2026-10-06 13:54:29,68.47256232079695,0.07052740038526221,0,normal
2026-10-06 13:54:30,69.8487009759384,0.08640179003741427,0,normal
2026-10-06 13:54:31,67.41225520367496,0.06037053550342775,0,normal
2026-10-06 13:54:32,63.98482573165561,0.10283789540095059,0,normal
2026-10-06 13:54:33,63.00628162062315,0.08524824706132741,0,normal
2026-10-06 13:54:34,67.47039070593763,0.11986138836774413,0,normal
2026-10-06 13:54:35,69.51681476829921,0.057863218210536346,0,normal
2026-10-06 13:54:36,71.01066319431987,0.08036489415152447,0,normal
2026-10-06 13:54:37,69.01363009867565,0.11892999434947238,0,normal
2026-10-06 13:54:38,69.70607050871409,0.09158753102609543,0,normal
2026-10-06 13:54:39,69.29718840352923,0.08217673577082638,0,normal
2026-10-06 13:54:40,68.56480840092625,0.09303575152901286,0,normal
2026-10-06 13:54:41,68.88349221201614,0.07320716144758058,0,normal
2026-10-06 13:54:42,66.64639799428163,0.07356059977753793,0,normal
2026-10-06 13:54:43,68.7296627711452,0.055624333912678764,0,normal
2026-10-06 13:54:44,68.54335098246527,0.06811478069919699,0,normal
2026-10-06 13:54:45,64.36430347663983,0.12259743395958246,0,normal
2026-10-06 13:54:46,68.76414458206872,0.06149610754940449,0,normal
2026-10-06 13:54:47,67.69576206867555,0.0671830711969972,0,normal
2026-10-06 13:54:48,68.63054744436747,0.06915478611046522,0,normal
2026-10-06 13:54:49,69.19999550061749,0.09281237026683181,0,normal
2026-10-06 13:54:50,70.89901314875391,0.060343883615669,0,normal
2026-10-06 13:54:51,70.55675367331791,0.12675756627014612,0,normal
2026-10-06 13:54:52,67.92001996161765,0.0988985836304187,0,normal
2026-10-06 13:54:53,69.1573878691719,0.08350383811263548,0,normal
2026-10-06 13:54:54,68.70919344030307,0.13518667122165723,0,normal
2026-10-06 13:54:55,65.35637624615073,0.06262640482955323,0,normal
2026-10-06 13:54:56,66.4645684306315,0.0451029281303336,0,normal
2026-10-06 13:54:57,64.62257142395241,0.09716511949888579,0,normal
2026-10-06 13:54:58,66.35315906894024,0.11560543857813262,0,normal
2026-10-06 13:54:59,68.76997709884563,0.12040575205839806,0,normal
2026-10-06 13:55:00,69.59812322825587,0.07768363331922253,1,silent_drift
2026-10-06 13:55:01,68.54162512868842,0.03323020994532894,1,silent_drift
2026-10-06 13:55:02,68.90279767220291,0.04155637713338585,1,silent_drift
2026-10-06 13:55:03,68.96831156755107,0.05277288645069096,1,silent_drift
2026-10-06 13:55:04,69.51978274888536,0.04909159280264119,1,silent_drift
2026-10-06 13:55:05,69.62373515816235,0.029858669397732785,1,silent_drift
2026-10-06 13:55:06,69.49500154364596,0.04512989588761539,1,silent_drift
2026-10-06 13:55:07,69.82685714968136,0.06385668889266552,1,silent_drift
2026-10-06 13:55:08,69.08102393512118,0.04665860031807407,1,silent_drift
2026-10-06 13:55:09,69.44144991164741,0.06105392544523652,1,silent_drift
2026-10-06 13:55:10,70.21282080091454,0.043248719661673,1,silent_drift
2026-10-06 13:55:11,70.08645959542508,0.05183956864956035,1,silent_drift
2026-10-06 13:55:12,70.63562758209534,0.06055946161460821,1,silent_drift
2026-10-06 13:55:13,70.23473523232234,0.06766551821213973,1,silent_drift
2026-10-06 13:55:14,69.5338401107635,0.043569496040218064,1,silent_drift
2026-10-06 13:55:15,69.3493580506692,0.05920382468314504,1,silent_drift
2026-10-06 13:55:16,70.12360166682248,0.044122870681325393,1,silent_drift
2026-10-06 13:55:17,70.30491287649079,0.06142728770674257,1,silent_drift
2026-10-06 13:55:18,70.3879155836234,0.057272992104550405,1,silent_drift
2026-10-06 13:55:19,70.01564801654962,0.06603623763591693,1,silent_drift
2026-10-06 13:55:20,70.5122052643189,0.047863749419146756,1,silent_drift
2026-10-06 13:55:21,70.3602558189566,0.054807734308617864,1,silent_drift
2026-10-06 13:55:22,70.29491257687108,0.054283043353446074,1,silent_drift
2026-10-06 13:55:23,70.49576988025187,0.04902251647553212,1,silent_drift
2026-10-06 13:55:24,70.4928260440237,0.050100610671320704,1,silent_drift
2026-10-06 13:55:25,70.43131033068357,0.0506472982606094,1,silent_drift
2026-10-06 13:55:26,70.17488073307652,0.04357797079259401,1,silent_drift
2026-10-06 13:55:27,69.49861373579377,0.04987927930755298,1,silent_drift
2026-10-06 13:55:28,69.87524736600463,0.04138215001829785,1,silent_drift
2026-10-06 13:55:29,69.9434038612389,0.05082368080797913,1,silent_drift
2026-10-06 13:55:30,70.608041898257,0.037138414251791665,1,silent_drift
2026-10-06 13:55:31,70.5103857041318,0.0525440084667806,1,silent_drift
2026-10-06 13:55:32,71.01330942723389,0.031495400657700304,1,silent_drift
2026-10-06 13:55:33,70.41796269807648,0.06648782417690532,1,silent_drift
2026-10-06 13:55:34,70.08390538483502,0.04368583769668419,1,silent_drift
2026-10-06 13:55:35,70.31098199334265,0.030660561870687334,1,silent_drift
2026-10-06 13:55:36,70.93903624243033,0.052628254438371706,1,silent_drift
2026-10-06 13:55:37,71.67353446015309,0.071476979878418,1,silent_drift
2026-10-06 13:55:38,71.28372899206205,0.03392764409297111,1,silent_drift
2026-10-06 13:55:39,71.77675617590663,0.05321858725918172,1,silent_drift
2026-10-06 13:55:40,71.01479605919391,0.03694797450711408,1,silent_drift
2026-10-06 13:55:41,71.13353714296068,0.07598277147700647,1,silent_drift
2026-10-06 13:55:42,71.09479659201455,0.053702017671238035,1,silent_drift
2026-10-06 13:55:43,71.1242376654071,0.045691669358996344,1,silent_drift
2026-10-06 13:55:44,71.5031191805926,0.06686252942620463,1,silent_drift
2026-10-06 13:55:45,71.54881934562121,0.04139384273212809,1,silent_drift
2026-10-06 13:55:46,71.53247092989466,0.0633013932818508,1,silent_drift
2026-10-06 13:55:47,71.30367208789107,0.046596220899631176,1,silent_drift
2026-10-06 13:55:48,71.69307577959829,0.04393989427759991,1,silent_drift
2026-10-06 13:55:49,71.39565531410402,0.03849516838270656,1,silent_drift
2026-10-06 13:55:50,71.38967467955838,0.06628546023691151,1,silent_drift
2026-10-06 13:55:51,71.44774787746631,0.041048903217996445,1,silent_drift
2026-10-06 13:55:52,71.11526825570648,0.06338364641134273,1,silent_drift
2026-10-06 13:55:53,71.62584794142785,0.03407488005370546,1,silent_drift
2026-10-06 13:55:54,72.09169438226495,0.051055704039543154,1,silent_drift
2026-10-06 13:55:55,72.38924861908781,0.06741251048443905,1,silent_drift
2026-10-06 13:55:56,71.76482043539269,0.04176011310302646,1,silent_drift
2026-10-06 13:55:57,72.30772931608062,0.05039094698135301,1,silent_drift
2026-10-06 13:55:58,71.99593785170978,0.033011478980168804,1,silent_drift
2026-10-06 13:55:59,71.86477238980288,0.028738184844885807,1,silent_drift
2026-10-06 13:56:00,71.6207578406591,0.07468530066868631,1,silent_drift
2026-10-06 13:56:01,71.69871610973192,0.05600883908855953,1,silent_drift
2026-10-06 13:56:02,71.45693570736874,0.04529261913787683,1,silent_drift
2026-10-06 13:56:03,72.49413519350745,0.05990065074203177,1,silent_drift
2026-10-06 13:56:04,71.60257565430365,0.056362239786311774,1,silent_drift
2026-10-06 13:56:05,72.22045337794022,0.04065498200925376,1,silent_drift
2026-10-06 13:56:06,73.00637629354446,0.04956496084667553,1,silent_drift
2026-10-06 13:56:07,71.80402063974273,0.05232687831693319,1,silent_drift
2026-10-06 13:56:08,72.41123687997025,0.05747041257437486,1,silent_drift
2026-10-06 13:56:09,72.55636553370232,0.04654288652519327,1,silent_drift
2026-10-06 13:56:10,72.88001798487339,0.07109954802772245,1,silent_drift
2026-10-06 13:56:11,72.5704623489763,0.05337015780830785,1,silent_drift
2026-10-06 13:56:12,72.78975002829951,0.06676563223405974,1,silent_drift
2026-10-06 13:56:13,72.69216696934211,0.057494638910762556,1,silent_drift
2026-10-06 13:56:14,73.12458560304465,0.05609477869265582,1,silent_drift
2026-10-06 13:56:15,72.9648764279694,0.04877508648182361,1,silent_drift
2026-10-06 13:56:16,73.51648673645855,0.08043960902324244,1,silent_drift
2026-10-06 13:56:17,73.64201075144352,0.04281699365797019,1,silent_drift
2026-10-06 13:56:18,72.26705602401006,0.05130646528749887,1,silent_drift
2026-10-06 13:56:19,72.38467747646186,0.0700799090293762,1,silent_drift
2026-10-06 13:56:20,73.18628040099249,0.027973523007392868,1,silent_drift
2026-10-06 13:56:21,73.18864832241938,0.05788005972959115,1,silent_drift
2026-10-06 13:56:22,73.53791133545641,0.04646600681947076,1,silent_drift
2026-10-06 13:56:23,72.54493095518642,0.04633422049452908,1,silent_drift
2026-10-06 13:56:24,72.70461796039329,0.07231529833883377,1,silent_drift
2026-10-06 13:56:25,73.31218385285933,0.046577280110300746,1,silent_drift
2026-10-06 13:56:26,73.59412666552674,0.039516114081370644,1,silent_drift
2026-10-06 13:56:27,73.58246930288679,0.05792739014635168,1,silent_drift
2026-10-06 13:56:28,73.98031760072925,0.039847807091850665,1,silent_drift
2026-10-06 13:56:29,72.83205803883848,0.061510566324891,1,silent_drift
2026-10-06 13:56:30,74.5238591886597,0.05032299937370397,1,silent_drift
2026-10-06 13:56:31,73.99838808417515,0.04911553788553166,1,silent_drift
2026-10-06 13:56:32,74.20791758900712,0.05310411965521664,1,silent_drift
2026-10-06 13:56:33,73.6875787150502,0.038785624466758664,1,silent_drift
2026-10-06 13:56:34,73.89187833334526,0.04897535274028076,1,silent_drift
2026-10-06 13:56:35,73.68919525194535,0.05332202770268092,1,silent_drift
2026-10-06 13:56:36,73.76566728669638,0.0688090208131271,1,silent_drift
2026-10-06 13:56:37,74.03363770442233,0.04270808331144298,1,silent_drift
2026-10-06 13:56:38,73.9184502768313,0.06652938291882507,1,silent_drift
2026-10-06 13:56:39,73.86665189103897,0.05907267403910976,1,silent_drift
2026-10-06 13:56:40,74.26485725735435,0.03840810957597219,1,silent_drift
2026-10-06 13:56:41,74.03582480346743,0.05888101592495262,1,silent_drift
2026-10-06 13:56:42,74.49302913897714,0.05364254822176584,1,silent_drift
2026-10-06 13:56:43,74.003366644568,0.03914385310488966,1,silent_drift
2026-10-06 13:56:44,75.01357705758306,0.05288558146841457,1,silent_drift
2026-10-06 13:56:45,74.73927980946821,0.06279135846997017,1,silent_drift
2026-10-06 13:56:46,74.8580073785723,0.0594022007472682,1,silent_drift
2026-10-06 13:56:47,74.78254242003014,0.07655945354623667,1,silent_drift
2026-10-06 13:56:48,74.31016653887461,0.049646768316365684,1,silent_drift
2026-10-06 13:56:49,74.24114233548792,0.036646754917820656,1,silent_drift
2026-10-06 13:56:50,75.1067289825148,0.038217832513798705,1,silent_drift
2026-10-06 13:56:51,74.45351732403748,0.058758036091889135,1,silent_drift
2026-10-06 13:56:52,74.01632847206994,0.036771810628106374,1,silent_drift
2026-10-06 13:56:53,74.8978477292233,0.049696013304131474,1,silent_drift
2026-10-06 13:56:54,74.75367993699098,0.04257420525009394,1,silent_drift
2026-10-06 13:56:55,74.73975110235882,0.04715947317900101,1,silent_drift
2026-10-06 13:56:56,75.51107869317117,0.05517790951140651,1,silent_drift
2026-10-06 13:56:57,74.9601453679888,0.04264901325183119,1,silent_drift
2026-10-06 13:56:58,75.62558656473038,0.05263275652432155,1,silent_drift
2026-10-06 13:56:59,75.32341522139906,0.04188455898824354,1,silent_drift
2026-10-06 13:57:00,74.05444335830819,0.042897586849655146,1,silent_drift
2026-10-06 13:57:01,75.08011822477627,0.062308773036525836,1,silent_drift
2026-10-06 13:57:02,74.49042830910652,0.04104294766769104,1,silent_drift
2026-10-06 13:57:03,75.36220110382328,0.05047398015670137,1,silent_drift
2026-10-06 13:57:04,74.87642781027712,0.05137327872402376,1,silent_drift
2026-10-06 13:57:05,75.74347265342524,0.05036911330205895,1,silent_drift
2026-10-06 13:57:06,75.79260409468476,0.06024909464971269,1,silent_drift
2026-10-06 13:57:07,76.27407396690411,0.052694234826020044,1,silent_drift
2026-10-06 13:57:08,75.58407456243442,0.03341305437843477,1,silent_drift
2026-10-06 13:57:09,75.09698850762928,0.06042160444024596,1,silent_drift
2026-10-06 13:57:10,75.75287933682749,0.0557074424275191,1,silent_drift
2026-10-06 13:57:11,76.3979445557929,0.048639540911194726,1,silent_drift
2026-10-06 13:57:12,76.38634903419003,0.06733516560301928,1,silent_drift
2026-10-06 13:57:13,75.99549165613944,0.026164102859879034,1,silent_drift
2026-10-06 13:57:14,75.32164971628035,0.04014909315646477,1,silent_drift
2026-10-06 13:57:15,76.08446840578975,0.061497252827814694,1,silent_drift
2026-10-06 13:57:16,75.87571424707416,0.05747915633726648,1,silent_drift
2026-10-06 13:57:17,75.6782068001989,0.023819108310504437,1,silent_drift
2026-10-06 13:57:18,75.9297284682513,0.04136545102022267,1,silent_drift
2026-10-06 13:57:19,75.8698445372898,0.04689792725760661,1,silent_drift
2026-10-06 13:57:20,75.97939245650556,0.05620199426567385,1,silent_drift
2026-10-06 13:57:21,76.58330037361254,0.0671680257022564,1,silent_drift
2026-10-06 13:57:22,76.72994659799937,0.05395231435206295,1,silent_drift
2026-10-06 13:57:23,75.9067846480729,0.05208337005419551,1,silent_drift
2026-10-06 13:57:24,76.83400504958188,0.03346930959818216,1,silent_drift
2026-10-06 13:57:25,76.98284975854403,0.03822851624496966,1,silent_drift
2026-10-06 13:57:26,77.25462327766732,0.05284413960629496,1,silent_drift
2026-10-06 13:57:27,76.06380086160132,0.040462230446311906,1,silent_drift
2026-10-06 13:57:28,75.97608447423582,0.045009120639436864,1,silent_drift
2026-10-06 13:57:29,76.85967271901985,0.03425370295799404,1,silent_drift
2026-10-06 13:57:30,76.81370955210558,0.051483257244899175,1,silent_drift
2026-10-06 13:57:31,75.86723254914222,0.04898707438163821,1,silent_drift
2026-10-06 13:57:32,76.25799396830152,0.058727348547331935,1,silent_drift
2026-10-06 13:57:33,77.70008555254782,0.06398812831190268,1,silent_drift
2026-10-06 13:57:34,76.42170628481593,0.03834188904744708,1,silent_drift
2026-10-06 13:57:35,77.63846631483182,0.06458536975647271,1,silent_drift
2026-10-06 13:57:36,76.99616741476831,0.03625061896264142,1,silent_drift
2026-10-06 13:57:37,76.84574076073609,0.05525092952055965,1,silent_drift
2026-10-06 13:57:38,77.49253454997418,0.05444124577304013,1,silent_drift
2026-10-06 13:57:39,77.09264311910687,0.058275436141077414,1,silent_drift
2026-10-06 13:57:40,77.15854815521696,0.05567003498386075,1,silent_drift
2026-10-06 13:57:41,76.47040016981971,0.07667814507841533,1,silent_drift
2026-10-06 13:57:42,76.89682358145667,0.054940172877811666,1,silent_drift
2026-10-06 13:57:43,77.90015087005348,0.058630084882631564,1,silent_drift
2026-10-06 13:57:44,77.54711017751107,0.038783748908241066,1,silent_drift
2026-10-06 13:57:45,77.7733851453712,0.05499405036057891,1,silent_drift
2026-10-06 13:57:46,76.89643655680213,0.060961693130885494,1,silent_drift
2026-10-06 13:57:47,77.16508003164229,0.06618554428895677,1,silent_drift
2026-10-06 13:57:48,77.98793265446706,0.04741690163756469,1,silent_drift
2026-10-06 13:57:49,77.89588883562577,0.06576726323683749,1,silent_drift
2026-10-06 13:57:50,76.91991335481453,0.04424113832076259,1,silent_drift
2026-10-06 13:57:51,77.6060256291788,0.04468291233110041,1,silent_drift
2026-10-06 13:57:52,77.85941289646193,0.05720941175038161,1,silent_drift
2026-10-06 13:57:53,78.63431495237036,0.0571591857946172,1,silent_drift
2026-10-06 13:57:54,78.2308271106291,0.06924928408585139,1,silent_drift
2026-10-06 13:57:55,78.04962961641785,0.06772466521323184,1,silent_drift
2026-10-06 13:57:56,77.32964074375755,0.05193702597841453,1,silent_drift
2026-10-06 13:57:57,77.70200752348698,0.03409950003603736,1,silent_drift
2026-10-06 13:57:58,78.07245540137586,0.0553079636690657,1,silent_drift
2026-10-06 13:57:59,78.22479022431483,0.05335674009840907,1,silent_drift
2026-10-06 13:58:00,78.19407626247174,0.045819868005408465,1,silent_drift
2026-10-06 13:58:01,78.3355665006475,0.0451559847894838,1,silent_drift
2026-10-06 13:58:02,78.55230915788903,0.0506502235758817,1,silent_drift
2026-10-06 13:58:03,77.0487010827001,0.049809145835178266,1,silent_drift
2026-10-06 13:58:04,78.12713738668845,0.04024071975449411,1,silent_drift
2026-10-06 13:58:05,78.26497122822215,0.053072254813737896,1,silent_drift
2026-10-06 13:58:06,78.41829791430872,0.04504751207518805,1,silent_drift
2026-10-06 13:58:07,78.41346092611373,0.056740350330729654,1,silent_drift
2026-10-06 13:58:08,78.3810838015503,0.03834961835672573,1,silent_drift
2026-10-06 13:58:09,78.42416657188912,0.021614571170484168,1,silent_drift
2026-10-06 13:58:10,78.74603772411511,0.06615065597185306,1,silent_drift
2026-10-06 13:58:11,78.86203640921875,0.051315235678820285,1,silent_drift
2026-10-06 13:58:12,79.09135740185003,0.03725107396524792,1,silent_drift
2026-10-06 13:58:13,79.50801341468406,0.053967390257364425,1,silent_drift
2026-10-06 13:58:14,78.50005409726236,0.058023185590994425,1,silent_drift
2026-10-06 13:58:15,79.09832589724701,0.04034992064717377,1,silent_drift
2026-10-06 13:58:16,78.293524696088,0.04428720154652275,1,silent_drift
2026-10-06 13:58:17,78.792117283001,0.0448284100879709,1,silent_drift
2026-10-06 13:58:18,78.39020100780162,0.04785107428074342,1,silent_drift
2026-10-06 13:58:19,79.43212429700493,0.04949799050575514,1,silent_drift
2026-10-06 13:58:20,78.96363162567386,0.054116231517701695,1,silent_drift
2026-10-06 13:58:21,78.67268186526432,0.04804316242022309,1,silent_drift
2026-10-06 13:58:22,79.36042341013713,0.07042372414890699,1,silent_drift
2026-10-06 13:58:23,79.89886124082841,0.06213448082491495,1,silent_drift
2026-10-06 13:58:24,79.25488955301127,0.06949611660065035,1,silent_drift
2026-10-06 13:58:25,79.33617918845535,0.06454834170475242,1,silent_drift
2026-10-06 13:58:26,78.46989969196304,0.06305547216972848,1,silent_drift
2026-10-06 13:58:27,79.07123901399243,0.06518138972904153,1,silent_drift
2026-10-06 13:58:28,79.306978519133,0.043266129733450516,1,silent_drift
2026-10-06 13:58:29,80.09621457615621,0.02867254078319219,1,silent_drift
2026-10-06 13:58:30,79.58128244594734,0.048715893096014186,1,silent_drift
2026-10-06 13:58:31,79.87785286382984,0.06598774378015665,1,silent_drift
2026-10-06 13:58:32,79.5076734468232,0.04584102605614472,1,silent_drift
2026-10-06 13:58:33,79.11419975329349,0.045078933325002894,1,silent_drift
2026-10-06 13:58:34,79.31318276629196,0.032564565759108724,1,silent_drift
2026-10-06 13:58:35,80.21193966441324,0.05960702451415478,1,silent_drift
2026-10-06 13:58:36,79.66609302412711,0.06117641181339326,1,silent_drift
2026-10-06 13:58:37,79.73851833778319,0.06542247447196334,1,silent_drift
2026-10-06 13:58:38,79.28048427981388,0.03791624931402693,1,silent_drift
2026-10-06 13:58:39,80.68753689149,0.05581935445186619,1,silent_drift
2026-10-06 13:58:40,80.24691413883045,0.05831794146777328,1,silent_drift
2026-10-06 13:58:41,80.38256466503408,0.05514603838622642,1,silent_drift
2026-10-06 13:58:42,80.65629283053148,0.050614520016071037,1,silent_drift
2026-10-06 13:58:43,79.55576198077095,0.03319389293223372,1,silent_drift
2026-10-06 13:58:44,80.01934136317998,0.04712052735280453,1,silent_drift
2026-10-06 13:58:45,80.29791545937034,0.06517873975563704,1,silent_drift
2026-10-06 13:58:46,80.14580901315483,0.04322898089495853,1,silent_drift
2026-10-06 13:58:47,80.15988475080657,0.054658279592888076,1,silent_drift
2026-10-06 13:58:48,80.88720552947919,0.044728643110575055,1,silent_drift
2026-10-06 13:58:49,81.1066281528923,0.05175945771480462,1,silent_drift
2026-10-06 13:58:50,81.04843278541126,0.0498016623749552,1,silent_drift
2026-10-06 13:58:51,80.53308705221674,0.052872016334086405,1,silent_drift
2026-10-06 13:58:52,80.92985256107669,0.05965974946726165,1,silent_drift
2026-10-06 13:58:53,79.53038794399365,0.04542022584757792,1,silent_drift
2026-10-06 13:58:54,81.03080729253884,0.05653583408226824,1,silent_drift
2026-10-06 13:58:55,80.84683353849832,0.03593910003070995,1,silent_drift
2026-10-06 13:58:56,80.59097012714001,0.059855679607955764,1,silent_drift
2026-10-06 13:58:57,80.3719210087731,0.050504587878413304,1,silent_drift
2026-10-06 13:58:58,81.4381730999553,0.04658522224161938,1,silent_drift
2026-10-06 13:58:59,80.4636645145465,0.029391036472288423,1,silent_drift
2026-10-06 13:59:00,80.85499208424821,0.046365878433500256,1,silent_drift
2026-10-06 13:59:01,82.18498426031806,0.042067294717896934,1,silent_drift
2026-10-06 13:59:02,81.00848249909461,0.05698079223333638,1,silent_drift
2026-10-06 13:59:03,81.71432842486834,0.07307854604370399,1,silent_drift
2026-10-06 13:59:04,81.26563129482282,0.06768265370448334,1,silent_drift
2026-10-06 13:59:05,81.52155567530978,0.03828999912636353,1,silent_drift
2026-10-06 13:59:06,81.76563802110468,0.05041571337190845,1,silent_drift
2026-10-06 13:59:07,82.18585611372048,0.04479474814964053,1,silent_drift
2026-10-06 13:59:08,81.72115962876416,0.05240113194829154,1,silent_drift
2026-10-06 13:59:09,82.1554043423972,0.026414272252917398,1,silent_drift
2026-10-06 13:59:10,81.55944300319949,0.06281612488210474,1,silent_drift
2026-10-06 13:59:11,80.9571288067832,0.04958936083060545,1,silent_drift
2026-10-06 13:59:12,82.42208194786367,0.05259602542853117,1,silent_drift
2026-10-06 13:59:13,81.9443759323032,0.0330055420781416,1,silent_drift
2026-10-06 13:59:14,81.59014283070019,0.05369677413162671,1,silent_drift
2026-10-06 13:59:15,81.52711692143774,0.05399326916670731,1,silent_drift
2026-10-06 13:59:16,81.94562812434721,0.03882613924439281,1,silent_drift
2026-10-06 13:59:17,81.96156754481734,0.03875947732881927,1,silent_drift
2026-10-06 13:59:18,82.17451766612832,0.05587601475358236,1,silent_drift
2026-10-06 13:59:19,81.67147743740676,0.053381228369500204,1,silent_drift
2026-10-06 13:59:20,82.18757743097457,0.029431113178397583,1,silent_drift
2026-10-06 13:59:21,81.80161847955989,0.06249463946278278,1,silent_drift
2026-10-06 13:59:22,82.61899460099326,0.04799621103828898,1,silent_drift
2026-10-06 13:59:23,82.6073352455363,0.05135821612845334,1,silent_drift
2026-10-06 13:59:24,82.99145944814634,0.03450908274269917,1,silent_drift
2026-10-06 13:59:25,82.56083121892573,0.05388382967770895,1,silent_drift
2026-10-06 13:59:26,82.43910759665437,0.046702102500979045,1,silent_drift
2026-10-06 13:59:27,82.55050441783166,0.055833502002313254,1,silent_drift
2026-10-06 13:59:28,82.09362436197917,0.036860712134556065,1,silent_drift
2026-10-06 13:59:29,82.21025262867057,0.05646743298532626,1,silent_drift
2026-10-06 13:59:30,82.55889998013126,0.041795909444692234,1,silent_drift
2026-10-06 13:59:31,82.57150725259048,0.03351084696021724,1,silent_drift
2026-10-06 13:59:32,83.37434769517314,0.03958118832396447,1,silent_drift
2026-10-06 13:59:33,82.76519867425061,0.046509821029382184,1,silent_drift
2026-10-06 13:59:34,83.09437248082004,0.037290474490989226,1,silent_drift
2026-10-06 13:59:35,82.98988065890623,0.04599640703834835,1,silent_drift
2026-10-06 13:59:36,82.96579464235077,0.06056407789917778,1,silent_drift
2026-10-06 13:59:37,82.91725185710837,0.05088114262617977,1,silent_drift
2026-10-06 13:59:38,82.8429920082115,0.046405189032726835,1,silent_drift
2026-10-06 13:59:39,82.96425480992768,0.049514778772204567,1,silent_drift
2026-10-06 13:59:40,82.4751584822685,0.05098260614051367,1,silent_drift
2026-10-06 13:59:41,82.71234405135611,0.033919331442057166,1,silent_drift
2026-10-06 13:59:42,83.35311842645059,0.04661618563177319,1,silent_drift
2026-10-06 13:59:43,84.1024291175716,0.04378020572749774,1,silent_drift
2026-10-06 13:59:44,84.0015256415221,0.04516466601606914,1,silent_drift
2026-10-06 13:59:45,83.25522905947238,0.08361435685327129,1,silent_drift
2026-10-06 13:59:46,83.5169975047246,0.06188347557182103,1,silent_drift
2026-10-06 13:59:47,82.73842204921883,0.043937827413843986,1,silent_drift
2026-10-06 13:59:48,82.68929433132507,0.051534707910330456,1,silent_drift
2026-10-06 13:59:49,83.57139615341798,0.044784659173247456,1,silent_drift
2026-10-06 13:59:50,84.34007727928935,0.050317617387641976,1,silent_drift
2026-10-06 13:59:51,84.02715547262855,0.03780070457065434,1,silent_drift
2026-10-06 13:59:52,83.72696470602511,0.03336250139896508,1,silent_drift
2026-10-06 13:59:53,83.71650317102711,0.039613294452814425,1,silent_drift
2026-10-06 13:59:54,83.61003312672722,0.05875871888146406,1,silent_drift
2026-10-06 13:59:55,83.45732769519093,0.04907413193170295,1,silent_drift
2026-10-06 13:59:56,83.96078812149256,0.053446062045236956,1,silent_drift
2026-10-06 13:59:57,83.94259770639268,0.049739728956131136,1,silent_drift
2026-10-06 13:59:58,83.84508813446153,0.048581158493933456,1,silent_drift
2026-10-06 13:59:59,84.02818939813997,0.06562509461481245,1,silent_drift
